file,duration,source
data/processed/speech/english/LibriSpeech/dev-clean/1272/128104/1272-128104-0000.wav,4.93,data/raw/speech/english/LibriSpeech/dev-clean/1272/128104/1272-128104-0000.flac
data/processed/speech/english/LibriSpeech/dev-clean/1272/128104/1272-128104-0001.wav,3.84,data/raw/speech/english/LibriSpeech/dev-clean/1272/128104/1272-128104-0001.flac
data/processed/speech/english/LibriSpeech/dev-clean/1272/128104/1272-128104-0002.wav,11.36,data/raw/speech/english/LibriSpeech/dev-clean/1272/128104/1272-128104-0002.flac
data/processed/speech/english/LibriSpeech/dev-clean/1272/128104/1272-128104-0003.wav,8.86,data/raw/speech/english/LibriSpeech/dev-clean/1272/128104/1272-128104-0003.flac
data/processed/speech/english/LibriSpeech/dev-clean/1272/128104/1272-128104-0004.wav,28.45,data/raw/speech/english/LibriSpeech/dev-clean/1272/128104/1272-128104-0004.flac
data/processed/speech/english/LibriSpeech/dev-clean/1272/128104/1272-128104-0005.wav,8.0,data/raw/speech/english/LibriSpeech/dev-clean/1272/128104/1272-128104-0005.flac
data/processed/speech/english/LibriSpeech/dev-clean/1272/128104/1272-128104-0006.wav,5.09,data/raw/speech/english/LibriSpeech/dev-clean/1272/128104/1272-128104-0006.flac
data/processed/speech/english/LibriSpeech/dev-clean/1272/128104/1272-128104-0007.wav,8.16,data/raw/speech/english/LibriSpeech/dev-clean/1272/128104/1272-128104-0007.flac
data/processed/speech/english/LibriSpeech/dev-clean/1272/128104/1272-128104-0008.wav,4.06,data/raw/speech/english/LibriSpeech/dev-clean/1272/128104/1272-128104-0008.flac
data/processed/speech/english/LibriSpeech/dev-clean/1272/128104/1272-128104-0009.wav,17.18,data/raw/speech/english/LibriSpeech/dev-clean/1272/128104/1272-128104-0009.flac
data/processed/speech/english/LibriSpeech/dev-clean/1272/128104/1272-128104-0010.wav,4.9,data/raw/speech/english/LibriSpeech/dev-clean/1272/128104/1272-128104-0010.flac
data/processed/speech/english/LibriSpeech/dev-clean/1272/128104/1272-128104-0011.wav,14.3,data/raw/speech/english/LibriSpeech/dev-clean/1272/128104/1272-128104-0011.flac
data/processed/speech/english/LibriSpeech/dev-clean/1272/128104/1272-128104-0012.wav,4.32,data/raw/speech/english/LibriSpeech/dev-clean/1272/128104/1272-128104-0012.flac
data/processed/speech/english/LibriSpeech/dev-clean/1272/128104/1272-128104-0013.wav,6.11,data/raw/speech/english/LibriSpeech/dev-clean/1272/128104/1272-128104-0013.flac
data/processed/speech/english/LibriSpeech/dev-clean/1272/128104/1272-128104-0014.wav,1.7,data/raw/speech/english/LibriSpeech/dev-clean/1272/128104/1272-128104-0014.flac
data/processed/speech/english/LibriSpeech/dev-clean/1272/135031/1272-135031-0000.wav,9.86,data/raw/speech/english/LibriSpeech/dev-clean/1272/135031/1272-135031-0000.flac
data/processed/speech/english/LibriSpeech/dev-clean/1272/135031/1272-135031-0001.wav,10.02,data/raw/speech/english/LibriSpeech/dev-clean/1272/135031/1272-135031-0001.flac
data/processed/speech/english/LibriSpeech/dev-clean/1272/135031/1272-135031-0002.wav,10.72,data/raw/speech/english/LibriSpeech/dev-clean/1272/135031/1272-135031-0002.flac
data/processed/speech/english/LibriSpeech/dev-clean/1272/135031/1272-135031-0003.wav,4.03,data/raw/speech/english/LibriSpeech/dev-clean/1272/135031/1272-135031-0003.flac
data/processed/speech/english/LibriSpeech/dev-clean/1272/135031/1272-135031-0004.wav,3.52,data/raw/speech/english/LibriSpeech/dev-clean/1272/135031/1272-135031-0004.flac
data/processed/speech/english/LibriSpeech/dev-clean/1272/135031/1272-135031-0005.wav,3.94,data/raw/speech/english/LibriSpeech/dev-clean/1272/135031/1272-135031-0005.flac
data/processed/speech/english/LibriSpeech/dev-clean/1272/135031/1272-135031-0006.wav,3.3,data/raw/speech/english/LibriSpeech/dev-clean/1272/135031/1272-135031-0006.flac
data/processed/speech/english/LibriSpeech/dev-clean/1272/135031/1272-135031-0007.wav,3.07,data/raw/speech/english/LibriSpeech/dev-clean/1272/135031/1272-135031-0007.flac
data/processed/speech/english/LibriSpeech/dev-clean/1272/135031/1272-135031-0008.wav,2.66,data/raw/speech/english/LibriSpeech/dev-clean/1272/135031/1272-135031-0008.flac
data/processed/speech/english/LibriSpeech/dev-clean/1272/135031/1272-135031-0009.wav,1.06,data/raw/speech/english/LibriSpeech/dev-clean/1272/135031/1272-135031-0009.flac
data/processed/speech/english/LibriSpeech/dev-clean/1272/135031/1272-135031-0010.wav,8.22,data/raw/speech/english/LibriSpeech/dev-clean/1272/135031/1272-135031-0010.flac
data/processed/speech/english/LibriSpeech/dev-clean/1272/135031/1272-135031-0011.wav,2.3,data/raw/speech/english/LibriSpeech/dev-clean/1272/135031/1272-135031-0011.flac
data/processed/speech/english/LibriSpeech/dev-clean/1272/135031/1272-135031-0012.wav,1.41,data/raw/speech/english/LibriSpeech/dev-clean/1272/135031/1272-135031-0012.flac
data/processed/speech/english/LibriSpeech/dev-clean/1272/135031/1272-135031-0013.wav,3.14,data/raw/speech/english/LibriSpeech/dev-clean/1272/135031/1272-135031-0013.flac
data/processed/speech/english/LibriSpeech/dev-clean/1272/135031/1272-135031-0014.wav,0.77,data/raw/speech/english/LibriSpeech/dev-clean/1272/135031/1272-135031-0014.flac
data/processed/speech/english/LibriSpeech/dev-clean/1272/135031/1272-135031-0015.wav,6.53,data/raw/speech/english/LibriSpeech/dev-clean/1272/135031/1272-135031-0015.flac
data/processed/speech/english/LibriSpeech/dev-clean/1272/135031/1272-135031-0016.wav,1.22,data/raw/speech/english/LibriSpeech/dev-clean/1272/135031/1272-135031-0016.flac
data/processed/speech/english/LibriSpeech/dev-clean/1272/135031/1272-135031-0017.wav,5.98,data/raw/speech/english/LibriSpeech/dev-clean/1272/135031/1272-135031-0017.flac
data/processed/speech/english/LibriSpeech/dev-clean/1272/135031/1272-135031-0018.wav,1.54,data/raw/speech/english/LibriSpeech/dev-clean/1272/135031/1272-135031-0018.flac
data/processed/speech/english/LibriSpeech/dev-clean/1272/135031/1272-135031-0019.wav,2.5,data/raw/speech/english/LibriSpeech/dev-clean/1272/135031/1272-135031-0019.flac
data/processed/speech/english/LibriSpeech/dev-clean/1272/135031/1272-135031-0020.wav,3.71,data/raw/speech/english/LibriSpeech/dev-clean/1272/135031/1272-135031-0020.flac
data/processed/speech/english/LibriSpeech/dev-clean/1272/135031/1272-135031-0021.wav,1.86,data/raw/speech/english/LibriSpeech/dev-clean/1272/135031/1272-135031-0021.flac
data/processed/speech/english/LibriSpeech/dev-clean/1272/135031/1272-135031-0022.wav,1.95,data/raw/speech/english/LibriSpeech/dev-clean/1272/135031/1272-135031-0022.flac
data/processed/speech/english/LibriSpeech/dev-clean/1272/135031/1272-135031-0023.wav,6.37,data/raw/speech/english/LibriSpeech/dev-clean/1272/135031/1272-135031-0023.flac
data/processed/speech/english/LibriSpeech/dev-clean/1272/135031/1272-135031-0024.wav,13.5,data/raw/speech/english/LibriSpeech/dev-clean/1272/135031/1272-135031-0024.flac
data/processed/speech/english/LibriSpeech/dev-clean/1272/141231/1272-141231-0000.wav,3.74,data/raw/speech/english/LibriSpeech/dev-clean/1272/141231/1272-141231-0000.flac
data/processed/speech/english/LibriSpeech/dev-clean/1272/141231/1272-141231-0001.wav,5.6,data/raw/speech/english/LibriSpeech/dev-clean/1272/141231/1272-141231-0001.flac
data/processed/speech/english/LibriSpeech/dev-clean/1272/141231/1272-141231-0002.wav,12.32,data/raw/speech/english/LibriSpeech/dev-clean/1272/141231/1272-141231-0002.flac
data/processed/speech/english/LibriSpeech/dev-clean/1272/141231/1272-141231-0003.wav,4.48,data/raw/speech/english/LibriSpeech/dev-clean/1272/141231/1272-141231-0003.flac
data/processed/speech/english/LibriSpeech/dev-clean/1272/141231/1272-141231-0004.wav,4.03,data/raw/speech/english/LibriSpeech/dev-clean/1272/141231/1272-141231-0004.flac
data/processed/speech/english/LibriSpeech/dev-clean/1272/141231/1272-141231-0005.wav,5.02,data/raw/speech/english/LibriSpeech/dev-clean/1272/141231/1272-141231-0005.flac
data/processed/speech/english/LibriSpeech/dev-clean/1272/141231/1272-141231-0006.wav,4.03,data/raw/speech/english/LibriSpeech/dev-clean/1272/141231/1272-141231-0006.flac
data/processed/speech/english/LibriSpeech/dev-clean/1272/141231/1272-141231-0007.wav,3.68,data/raw/speech/english/LibriSpeech/dev-clean/1272/141231/1272-141231-0007.flac
data/processed/speech/english/LibriSpeech/dev-clean/1272/141231/1272-141231-0008.wav,3.68,data/raw/speech/english/LibriSpeech/dev-clean/1272/141231/1272-141231-0008.flac
data/processed/speech/english/LibriSpeech/dev-clean/1272/141231/1272-141231-0009.wav,7.55,data/raw/speech/english/LibriSpeech/dev-clean/1272/141231/1272-141231-0009.flac
data/processed/speech/english/LibriSpeech/dev-clean/1272/141231/1272-141231-0010.wav,9.73,data/raw/speech/english/LibriSpeech/dev-clean/1272/141231/1272-141231-0010.flac
data/processed/speech/english/LibriSpeech/dev-clean/1272/141231/1272-141231-0011.wav,4.26,data/raw/speech/english/LibriSpeech/dev-clean/1272/141231/1272-141231-0011.flac
data/processed/speech/english/LibriSpeech/dev-clean/1272/141231/1272-141231-0012.wav,6.62,data/raw/speech/english/LibriSpeech/dev-clean/1272/141231/1272-141231-0012.flac
data/processed/speech/english/LibriSpeech/dev-clean/1272/141231/1272-141231-0013.wav,0.9,data/raw/speech/english/LibriSpeech/dev-clean/1272/141231/1272-141231-0013.flac
data/processed/speech/english/LibriSpeech/dev-clean/1272/141231/1272-141231-0014.wav,6.72,data/raw/speech/english/LibriSpeech/dev-clean/1272/141231/1272-141231-0014.flac
data/processed/speech/english/LibriSpeech/dev-clean/1272/141231/1272-141231-0015.wav,4.8,data/raw/speech/english/LibriSpeech/dev-clean/1272/141231/1272-141231-0015.flac
data/processed/speech/english/LibriSpeech/dev-clean/1272/141231/1272-141231-0016.wav,0.83,data/raw/speech/english/LibriSpeech/dev-clean/1272/141231/1272-141231-0016.flac
data/processed/speech/english/LibriSpeech/dev-clean/1272/141231/1272-141231-0017.wav,3.07,data/raw/speech/english/LibriSpeech/dev-clean/1272/141231/1272-141231-0017.flac
data/processed/speech/english/LibriSpeech/dev-clean/1272/141231/1272-141231-0018.wav,4.93,data/raw/speech/english/LibriSpeech/dev-clean/1272/141231/1272-141231-0018.flac
data/processed/speech/english/LibriSpeech/dev-clean/1272/141231/1272-141231-0019.wav,3.81,data/raw/speech/english/LibriSpeech/dev-clean/1272/141231/1272-141231-0019.flac
data/processed/speech/english/LibriSpeech/dev-clean/1272/141231/1272-141231-0020.wav,3.39,data/raw/speech/english/LibriSpeech/dev-clean/1272/141231/1272-141231-0020.flac
data/processed/speech/english/LibriSpeech/dev-clean/1272/141231/1272-141231-0021.wav,3.68,data/raw/speech/english/LibriSpeech/dev-clean/1272/141231/1272-141231-0021.flac
data/processed/speech/english/LibriSpeech/dev-clean/1272/141231/1272-141231-0022.wav,7.33,data/raw/speech/english/LibriSpeech/dev-clean/1272/141231/1272-141231-0022.flac
data/processed/speech/english/LibriSpeech/dev-clean/1272/141231/1272-141231-0023.wav,7.62,data/raw/speech/english/LibriSpeech/dev-clean/1272/141231/1272-141231-0023.flac
data/processed/speech/english/LibriSpeech/dev-clean/1272/141231/1272-141231-0024.wav,2.59,data/raw/speech/english/LibriSpeech/dev-clean/1272/141231/1272-141231-0024.flac
data/processed/speech/english/LibriSpeech/dev-clean/1272/141231/1272-141231-0025.wav,7.65,data/raw/speech/english/LibriSpeech/dev-clean/1272/141231/1272-141231-0025.flac
data/processed/speech/english/LibriSpeech/dev-clean/1272/141231/1272-141231-0026.wav,5.66,data/raw/speech/english/LibriSpeech/dev-clean/1272/141231/1272-141231-0026.flac
data/processed/speech/english/LibriSpeech/dev-clean/1272/141231/1272-141231-0027.wav,5.5,data/raw/speech/english/LibriSpeech/dev-clean/1272/141231/1272-141231-0027.flac
data/processed/speech/english/LibriSpeech/dev-clean/1272/141231/1272-141231-0028.wav,4.64,data/raw/speech/english/LibriSpeech/dev-clean/1272/141231/1272-141231-0028.flac
data/processed/speech/english/LibriSpeech/dev-clean/1272/141231/1272-141231-0029.wav,5.86,data/raw/speech/english/LibriSpeech/dev-clean/1272/141231/1272-141231-0029.flac
data/processed/speech/english/LibriSpeech/dev-clean/1272/141231/1272-141231-0030.wav,6.08,data/raw/speech/english/LibriSpeech/dev-clean/1272/141231/1272-141231-0030.flac
data/processed/speech/english/LibriSpeech/dev-clean/1272/141231/1272-141231-0031.wav,6.18,data/raw/speech/english/LibriSpeech/dev-clean/1272/141231/1272-141231-0031.flac
data/processed/speech/english/LibriSpeech/dev-clean/1272/141231/1272-141231-0032.wav,3.78,data/raw/speech/english/LibriSpeech/dev-clean/1272/141231/1272-141231-0032.flac
data/processed/speech/english/LibriSpeech/dev-clean/1462/170138/1462-170138-0000.wav,13.7,data/raw/speech/english/LibriSpeech/dev-clean/1462/170138/1462-170138-0000.flac
data/processed/speech/english/LibriSpeech/dev-clean/1462/170138/1462-170138-0001.wav,3.42,data/raw/speech/english/LibriSpeech/dev-clean/1462/170138/1462-170138-0001.flac
data/processed/speech/english/LibriSpeech/dev-clean/1462/170138/1462-170138-0002.wav,4.13,data/raw/speech/english/LibriSpeech/dev-clean/1462/170138/1462-170138-0002.flac
data/processed/speech/english/LibriSpeech/dev-clean/1462/170138/1462-170138-0003.wav,1.86,data/raw/speech/english/LibriSpeech/dev-clean/1462/170138/1462-170138-0003.flac
data/processed/speech/english/LibriSpeech/dev-clean/1462/170138/1462-170138-0004.wav,2.02,data/raw/speech/english/LibriSpeech/dev-clean/1462/170138/1462-170138-0004.flac
data/processed/speech/english/LibriSpeech/dev-clean/1462/170138/1462-170138-0005.wav,12.54,data/raw/speech/english/LibriSpeech/dev-clean/1462/170138/1462-170138-0005.flac
data/processed/speech/english/LibriSpeech/dev-clean/1462/170138/1462-170138-0006.wav,7.58,data/raw/speech/english/LibriSpeech/dev-clean/1462/170138/1462-170138-0006.flac
data/processed/speech/english/LibriSpeech/dev-clean/1462/170138/1462-170138-0007.wav,4.38,data/raw/speech/english/LibriSpeech/dev-clean/1462/170138/1462-170138-0007.flac
data/processed/speech/english/LibriSpeech/dev-clean/1462/170138/1462-170138-0008.wav,5.82,data/raw/speech/english/LibriSpeech/dev-clean/1462/170138/1462-170138-0008.flac
data/processed/speech/english/LibriSpeech/dev-clean/1462/170138/1462-170138-0009.wav,2.11,data/raw/speech/english/LibriSpeech/dev-clean/1462/170138/1462-170138-0009.flac
data/processed/speech/english/LibriSpeech/dev-clean/1462/170138/1462-170138-0010.wav,7.94,data/raw/speech/english/LibriSpeech/dev-clean/1462/170138/1462-170138-0010.flac
data/processed/speech/english/LibriSpeech/dev-clean/1462/170138/1462-170138-0011.wav,10.5,data/raw/speech/english/LibriSpeech/dev-clean/1462/170138/1462-170138-0011.flac
data/processed/speech/english/LibriSpeech/dev-clean/1462/170138/1462-170138-0012.wav,3.14,data/raw/speech/english/LibriSpeech/dev-clean/1462/170138/1462-170138-0012.flac
data/processed/speech/english/LibriSpeech/dev-clean/1462/170138/1462-170138-0013.wav,5.98,data/raw/speech/english/LibriSpeech/dev-clean/1462/170138/1462-170138-0013.flac
data/processed/speech/english/LibriSpeech/dev-clean/1462/170138/1462-170138-0014.wav,3.87,data/raw/speech/english/LibriSpeech/dev-clean/1462/170138/1462-170138-0014.flac
data/processed/speech/english/LibriSpeech/dev-clean/1462/170138/1462-170138-0015.wav,2.62,data/raw/speech/english/LibriSpeech/dev-clean/1462/170138/1462-170138-0015.flac
data/processed/speech/english/LibriSpeech/dev-clean/1462/170138/1462-170138-0016.wav,3.14,data/raw/speech/english/LibriSpeech/dev-clean/1462/170138/1462-170138-0016.flac
data/processed/speech/english/LibriSpeech/dev-clean/1462/170138/1462-170138-0017.wav,5.15,data/raw/speech/english/LibriSpeech/dev-clean/1462/170138/1462-170138-0017.flac
data/processed/speech/english/LibriSpeech/dev-clean/1462/170138/1462-170138-0018.wav,3.65,data/raw/speech/english/LibriSpeech/dev-clean/1462/170138/1462-170138-0018.flac
data/processed/speech/english/LibriSpeech/dev-clean/1462/170138/1462-170138-0019.wav,2.69,data/raw/speech/english/LibriSpeech/dev-clean/1462/170138/1462-170138-0019.flac
data/processed/speech/english/LibriSpeech/dev-clean/1462/170138/1462-170138-0020.wav,1.73,data/raw/speech/english/LibriSpeech/dev-clean/1462/170138/1462-170138-0020.flac
data/processed/speech/english/LibriSpeech/dev-clean/1462/170138/1462-170138-0021.wav,8.8,data/raw/speech/english/LibriSpeech/dev-clean/1462/170138/1462-170138-0021.flac
data/processed/speech/english/LibriSpeech/dev-clean/1462/170138/1462-170138-0022.wav,5.09,data/raw/speech/english/LibriSpeech/dev-clean/1462/170138/1462-170138-0022.flac
data/processed/speech/english/LibriSpeech/dev-clean/1462/170138/1462-170138-0023.wav,8.74,data/raw/speech/english/LibriSpeech/dev-clean/1462/170138/1462-170138-0023.flac
data/processed/speech/english/LibriSpeech/dev-clean/1462/170138/1462-170138-0024.wav,15.26,data/raw/speech/english/LibriSpeech/dev-clean/1462/170138/1462-170138-0024.flac
data/processed/speech/english/LibriSpeech/dev-clean/1462/170138/1462-170138-0025.wav,3.81,data/raw/speech/english/LibriSpeech/dev-clean/1462/170138/1462-170138-0025.flac
data/processed/speech/english/LibriSpeech/dev-clean/1462/170138/1462-170138-0026.wav,1.76,data/raw/speech/english/LibriSpeech/dev-clean/1462/170138/1462-170138-0026.flac
data/processed/speech/english/LibriSpeech/dev-clean/1462/170138/1462-170138-0027.wav,4.45,data/raw/speech/english/LibriSpeech/dev-clean/1462/170138/1462-170138-0027.flac
data/processed/speech/english/LibriSpeech/dev-clean/1462/170142/1462-170142-0000.wav,3.9,data/raw/speech/english/LibriSpeech/dev-clean/1462/170142/1462-170142-0000.flac
data/processed/speech/english/LibriSpeech/dev-clean/1462/170142/1462-170142-0001.wav,8.58,data/raw/speech/english/LibriSpeech/dev-clean/1462/170142/1462-170142-0001.flac
data/processed/speech/english/LibriSpeech/dev-clean/1462/170142/1462-170142-0002.wav,5.38,data/raw/speech/english/LibriSpeech/dev-clean/1462/170142/1462-170142-0002.flac
data/processed/speech/english/LibriSpeech/dev-clean/1462/170142/1462-170142-0003.wav,1.57,data/raw/speech/english/LibriSpeech/dev-clean/1462/170142/1462-170142-0003.flac
data/processed/speech/english/LibriSpeech/dev-clean/1462/170142/1462-170142-0004.wav,6.5,data/raw/speech/english/LibriSpeech/dev-clean/1462/170142/1462-170142-0004.flac
data/processed/speech/english/LibriSpeech/dev-clean/1462/170142/1462-170142-0005.wav,10.11,data/raw/speech/english/LibriSpeech/dev-clean/1462/170142/1462-170142-0005.flac
data/processed/speech/english/LibriSpeech/dev-clean/1462/170142/1462-170142-0006.wav,5.38,data/raw/speech/english/LibriSpeech/dev-clean/1462/170142/1462-170142-0006.flac
data/processed/speech/english/LibriSpeech/dev-clean/1462/170142/1462-170142-0007.wav,1.86,data/raw/speech/english/LibriSpeech/dev-clean/1462/170142/1462-170142-0007.flac
data/processed/speech/english/LibriSpeech/dev-clean/1462/170142/1462-170142-0008.wav,3.78,data/raw/speech/english/LibriSpeech/dev-clean/1462/170142/1462-170142-0008.flac
data/processed/speech/english/LibriSpeech/dev-clean/1462/170142/1462-170142-0009.wav,5.38,data/raw/speech/english/LibriSpeech/dev-clean/1462/170142/1462-170142-0009.flac
data/processed/speech/english/LibriSpeech/dev-clean/1462/170142/1462-170142-0010.wav,3.97,data/raw/speech/english/LibriSpeech/dev-clean/1462/170142/1462-170142-0010.flac
data/processed/speech/english/LibriSpeech/dev-clean/1462/170142/1462-170142-0011.wav,2.21,data/raw/speech/english/LibriSpeech/dev-clean/1462/170142/1462-170142-0011.flac
data/processed/speech/english/LibriSpeech/dev-clean/1462/170142/1462-170142-0012.wav,5.54,data/raw/speech/english/LibriSpeech/dev-clean/1462/170142/1462-170142-0012.flac
data/processed/speech/english/LibriSpeech/dev-clean/1462/170142/1462-170142-0013.wav,2.94,data/raw/speech/english/LibriSpeech/dev-clean/1462/170142/1462-170142-0013.flac
data/processed/speech/english/LibriSpeech/dev-clean/1462/170142/1462-170142-0014.wav,1.92,data/raw/speech/english/LibriSpeech/dev-clean/1462/170142/1462-170142-0014.flac
data/processed/speech/english/LibriSpeech/dev-clean/1462/170142/1462-170142-0015.wav,2.5,data/raw/speech/english/LibriSpeech/dev-clean/1462/170142/1462-170142-0015.flac
data/processed/speech/english/LibriSpeech/dev-clean/1462/170142/1462-170142-0016.wav,5.76,data/raw/speech/english/LibriSpeech/dev-clean/1462/170142/1462-170142-0016.flac
data/processed/speech/english/LibriSpeech/dev-clean/1462/170142/1462-170142-0017.wav,1.89,data/raw/speech/english/LibriSpeech/dev-clean/1462/170142/1462-170142-0017.flac
data/processed/speech/english/LibriSpeech/dev-clean/1462/170142/1462-170142-0018.wav,2.62,data/raw/speech/english/LibriSpeech/dev-clean/1462/170142/1462-170142-0018.flac
data/processed/speech/english/LibriSpeech/dev-clean/1462/170142/1462-170142-0019.wav,9.44,data/raw/speech/english/LibriSpeech/dev-clean/1462/170142/1462-170142-0019.flac
data/processed/speech/english/LibriSpeech/dev-clean/1462/170142/1462-170142-0020.wav,4.22,data/raw/speech/english/LibriSpeech/dev-clean/1462/170142/1462-170142-0020.flac
data/processed/speech/english/LibriSpeech/dev-clean/1462/170142/1462-170142-0021.wav,7.17,data/raw/speech/english/LibriSpeech/dev-clean/1462/170142/1462-170142-0021.flac
data/processed/speech/english/LibriSpeech/dev-clean/1462/170142/1462-170142-0022.wav,2.88,data/raw/speech/english/LibriSpeech/dev-clean/1462/170142/1462-170142-0022.flac
data/processed/speech/english/LibriSpeech/dev-clean/1462/170142/1462-170142-0023.wav,1.98,data/raw/speech/english/LibriSpeech/dev-clean/1462/170142/1462-170142-0023.flac
data/processed/speech/english/LibriSpeech/dev-clean/1462/170142/1462-170142-0024.wav,1.09,data/raw/speech/english/LibriSpeech/dev-clean/1462/170142/1462-170142-0024.flac
data/processed/speech/english/LibriSpeech/dev-clean/1462/170142/1462-170142-0025.wav,4.67,data/raw/speech/english/LibriSpeech/dev-clean/1462/170142/1462-170142-0025.flac
data/processed/speech/english/LibriSpeech/dev-clean/1462/170142/1462-170142-0026.wav,4.0,data/raw/speech/english/LibriSpeech/dev-clean/1462/170142/1462-170142-0026.flac
data/processed/speech/english/LibriSpeech/dev-clean/1462/170142/1462-170142-0027.wav,3.49,data/raw/speech/english/LibriSpeech/dev-clean/1462/170142/1462-170142-0027.flac
data/processed/speech/english/LibriSpeech/dev-clean/1462/170142/1462-170142-0028.wav,2.21,data/raw/speech/english/LibriSpeech/dev-clean/1462/170142/1462-170142-0028.flac
data/processed/speech/english/LibriSpeech/dev-clean/1462/170142/1462-170142-0029.wav,3.04,data/raw/speech/english/LibriSpeech/dev-clean/1462/170142/1462-170142-0029.flac
data/processed/speech/english/LibriSpeech/dev-clean/1462/170142/1462-170142-0030.wav,2.05,data/raw/speech/english/LibriSpeech/dev-clean/1462/170142/1462-170142-0030.flac
data/processed/speech/english/LibriSpeech/dev-clean/1462/170142/1462-170142-0031.wav,3.81,data/raw/speech/english/LibriSpeech/dev-clean/1462/170142/1462-170142-0031.flac
data/processed/speech/english/LibriSpeech/dev-clean/1462/170142/1462-170142-0032.wav,1.95,data/raw/speech/english/LibriSpeech/dev-clean/1462/170142/1462-170142-0032.flac
data/processed/speech/english/LibriSpeech/dev-clean/1462/170142/1462-170142-0033.wav,3.17,data/raw/speech/english/LibriSpeech/dev-clean/1462/170142/1462-170142-0033.flac
data/processed/speech/english/LibriSpeech/dev-clean/1462/170142/1462-170142-0034.wav,2.02,data/raw/speech/english/LibriSpeech/dev-clean/1462/170142/1462-170142-0034.flac
data/processed/speech/english/LibriSpeech/dev-clean/1462/170142/1462-170142-0035.wav,2.14,data/raw/speech/english/LibriSpeech/dev-clean/1462/170142/1462-170142-0035.flac
data/processed/speech/english/LibriSpeech/dev-clean/1462/170142/1462-170142-0036.wav,2.56,data/raw/speech/english/LibriSpeech/dev-clean/1462/170142/1462-170142-0036.flac
data/processed/speech/english/LibriSpeech/dev-clean/1462/170142/1462-170142-0037.wav,3.65,data/raw/speech/english/LibriSpeech/dev-clean/1462/170142/1462-170142-0037.flac
data/processed/speech/english/LibriSpeech/dev-clean/1462/170142/1462-170142-0038.wav,3.9,data/raw/speech/english/LibriSpeech/dev-clean/1462/170142/1462-170142-0038.flac
data/processed/speech/english/LibriSpeech/dev-clean/1462/170142/1462-170142-0039.wav,4.03,data/raw/speech/english/LibriSpeech/dev-clean/1462/170142/1462-170142-0039.flac
data/processed/speech/english/LibriSpeech/dev-clean/1462/170142/1462-170142-0040.wav,3.74,data/raw/speech/english/LibriSpeech/dev-clean/1462/170142/1462-170142-0040.flac
data/processed/speech/english/LibriSpeech/dev-clean/1462/170142/1462-170142-0041.wav,4.54,data/raw/speech/english/LibriSpeech/dev-clean/1462/170142/1462-170142-0041.flac
data/processed/speech/english/LibriSpeech/dev-clean/1462/170142/1462-170142-0042.wav,2.56,data/raw/speech/english/LibriSpeech/dev-clean/1462/170142/1462-170142-0042.flac
data/processed/speech/english/LibriSpeech/dev-clean/1462/170145/1462-170145-0000.wav,14.3,data/raw/speech/english/LibriSpeech/dev-clean/1462/170145/1462-170145-0000.flac
data/processed/speech/english/LibriSpeech/dev-clean/1462/170145/1462-170145-0001.wav,4.06,data/raw/speech/english/LibriSpeech/dev-clean/1462/170145/1462-170145-0001.flac
data/processed/speech/english/LibriSpeech/dev-clean/1462/170145/1462-170145-0002.wav,1.86,data/raw/speech/english/LibriSpeech/dev-clean/1462/170145/1462-170145-0002.flac
data/processed/speech/english/LibriSpeech/dev-clean/1462/170145/1462-170145-0003.wav,7.97,data/raw/speech/english/LibriSpeech/dev-clean/1462/170145/1462-170145-0003.flac
data/processed/speech/english/LibriSpeech/dev-clean/1462/170145/1462-170145-0004.wav,7.46,data/raw/speech/english/LibriSpeech/dev-clean/1462/170145/1462-170145-0004.flac
data/processed/speech/english/LibriSpeech/dev-clean/1462/170145/1462-170145-0005.wav,3.17,data/raw/speech/english/LibriSpeech/dev-clean/1462/170145/1462-170145-0005.flac
data/processed/speech/english/LibriSpeech/dev-clean/1462/170145/1462-170145-0006.wav,3.01,data/raw/speech/english/LibriSpeech/dev-clean/1462/170145/1462-170145-0006.flac
data/processed/speech/english/LibriSpeech/dev-clean/1462/170145/1462-170145-0007.wav,5.76,data/raw/speech/english/LibriSpeech/dev-clean/1462/170145/1462-170145-0007.flac
data/processed/speech/english/LibriSpeech/dev-clean/1462/170145/1462-170145-0008.wav,2.14,data/raw/speech/english/LibriSpeech/dev-clean/1462/170145/1462-170145-0008.flac
data/processed/speech/english/LibriSpeech/dev-clean/1462/170145/1462-170145-0009.wav,2.21,data/raw/speech/english/LibriSpeech/dev-clean/1462/170145/1462-170145-0009.flac
data/processed/speech/english/LibriSpeech/dev-clean/1462/170145/1462-170145-0010.wav,2.02,data/raw/speech/english/LibriSpeech/dev-clean/1462/170145/1462-170145-0010.flac
data/processed/speech/english/LibriSpeech/dev-clean/1462/170145/1462-170145-0011.wav,1.98,data/raw/speech/english/LibriSpeech/dev-clean/1462/170145/1462-170145-0011.flac
data/processed/speech/english/LibriSpeech/dev-clean/1462/170145/1462-170145-0012.wav,1.76,data/raw/speech/english/LibriSpeech/dev-clean/1462/170145/1462-170145-0012.flac
data/processed/speech/english/LibriSpeech/dev-clean/1462/170145/1462-170145-0013.wav,4.03,data/raw/speech/english/LibriSpeech/dev-clean/1462/170145/1462-170145-0013.flac
data/processed/speech/english/LibriSpeech/dev-clean/1462/170145/1462-170145-0014.wav,2.3,data/raw/speech/english/LibriSpeech/dev-clean/1462/170145/1462-170145-0014.flac
data/processed/speech/english/LibriSpeech/dev-clean/1462/170145/1462-170145-0015.wav,5.7,data/raw/speech/english/LibriSpeech/dev-clean/1462/170145/1462-170145-0015.flac
data/processed/speech/english/LibriSpeech/dev-clean/1462/170145/1462-170145-0016.wav,3.36,data/raw/speech/english/LibriSpeech/dev-clean/1462/170145/1462-170145-0016.flac
data/processed/speech/english/LibriSpeech/dev-clean/1462/170145/1462-170145-0017.wav,2.91,data/raw/speech/english/LibriSpeech/dev-clean/1462/170145/1462-170145-0017.flac
data/processed/speech/english/LibriSpeech/dev-clean/1462/170145/1462-170145-0018.wav,1.66,data/raw/speech/english/LibriSpeech/dev-clean/1462/170145/1462-170145-0018.flac
data/processed/speech/english/LibriSpeech/dev-clean/1462/170145/1462-170145-0019.wav,1.79,data/raw/speech/english/LibriSpeech/dev-clean/1462/170145/1462-170145-0019.flac
data/processed/speech/english/LibriSpeech/dev-clean/1462/170145/1462-170145-0020.wav,1.47,data/raw/speech/english/LibriSpeech/dev-clean/1462/170145/1462-170145-0020.flac
data/processed/speech/english/LibriSpeech/dev-clean/1462/170145/1462-170145-0021.wav,1.79,data/raw/speech/english/LibriSpeech/dev-clean/1462/170145/1462-170145-0021.flac
data/processed/speech/english/LibriSpeech/dev-clean/1462/170145/1462-170145-0022.wav,5.79,data/raw/speech/english/LibriSpeech/dev-clean/1462/170145/1462-170145-0022.flac
data/processed/speech/english/LibriSpeech/dev-clean/1673/143396/1673-143396-0000.wav,13.63,data/raw/speech/english/LibriSpeech/dev-clean/1673/143396/1673-143396-0000.flac
data/processed/speech/english/LibriSpeech/dev-clean/1673/143396/1673-143396-0001.wav,13.15,data/raw/speech/english/LibriSpeech/dev-clean/1673/143396/1673-143396-0001.flac
data/processed/speech/english/LibriSpeech/dev-clean/1673/143396/1673-143396-0002.wav,7.01,data/raw/speech/english/LibriSpeech/dev-clean/1673/143396/1673-143396-0002.flac
data/processed/speech/english/LibriSpeech/dev-clean/1673/143396/1673-143396-0003.wav,10.43,data/raw/speech/english/LibriSpeech/dev-clean/1673/143396/1673-143396-0003.flac
data/processed/speech/english/LibriSpeech/dev-clean/1673/143396/1673-143396-0004.wav,18.66,data/raw/speech/english/LibriSpeech/dev-clean/1673/143396/1673-143396-0004.flac
data/processed/speech/english/LibriSpeech/dev-clean/1673/143396/1673-143396-0005.wav,10.91,data/raw/speech/english/LibriSpeech/dev-clean/1673/143396/1673-143396-0005.flac
data/processed/speech/english/LibriSpeech/dev-clean/1673/143396/1673-143396-0006.wav,15.07,data/raw/speech/english/LibriSpeech/dev-clean/1673/143396/1673-143396-0006.flac
data/processed/speech/english/LibriSpeech/dev-clean/1673/143396/1673-143396-0007.wav,6.3,data/raw/speech/english/LibriSpeech/dev-clean/1673/143396/1673-143396-0007.flac
data/processed/speech/english/LibriSpeech/dev-clean/1673/143396/1673-143396-0008.wav,16.64,data/raw/speech/english/LibriSpeech/dev-clean/1673/143396/1673-143396-0008.flac
data/processed/speech/english/LibriSpeech/dev-clean/1673/143396/1673-143396-0009.wav,15.58,data/raw/speech/english/LibriSpeech/dev-clean/1673/143396/1673-143396-0009.flac
data/processed/speech/english/LibriSpeech/dev-clean/1673/143396/1673-143396-0010.wav,10.98,data/raw/speech/english/LibriSpeech/dev-clean/1673/143396/1673-143396-0010.flac
data/processed/speech/english/LibriSpeech/dev-clean/1673/143396/1673-143396-0011.wav,15.58,data/raw/speech/english/LibriSpeech/dev-clean/1673/143396/1673-143396-0011.flac
data/processed/speech/english/LibriSpeech/dev-clean/1673/143396/1673-143396-0012.wav,13.76,data/raw/speech/english/LibriSpeech/dev-clean/1673/143396/1673-143396-0012.flac
data/processed/speech/english/LibriSpeech/dev-clean/1673/143396/1673-143396-0013.wav,14.66,data/raw/speech/english/LibriSpeech/dev-clean/1673/143396/1673-143396-0013.flac
data/processed/speech/english/LibriSpeech/dev-clean/1673/143396/1673-143396-0014.wav,13.31,data/raw/speech/english/LibriSpeech/dev-clean/1673/143396/1673-143396-0014.flac
data/processed/speech/english/LibriSpeech/dev-clean/1673/143396/1673-143396-0015.wav,5.57,data/raw/speech/english/LibriSpeech/dev-clean/1673/143396/1673-143396-0015.flac
data/processed/speech/english/LibriSpeech/dev-clean/1673/143396/1673-143396-0016.wav,13.5,data/raw/speech/english/LibriSpeech/dev-clean/1673/143396/1673-143396-0016.flac
data/processed/speech/english/LibriSpeech/dev-clean/1673/143396/1673-143396-0017.wav,7.65,data/raw/speech/english/LibriSpeech/dev-clean/1673/143396/1673-143396-0017.flac
data/processed/speech/english/LibriSpeech/dev-clean/1673/143396/1673-143396-0018.wav,11.74,data/raw/speech/english/LibriSpeech/dev-clean/1673/143396/1673-143396-0018.flac
data/processed/speech/english/LibriSpeech/dev-clean/1673/143396/1673-143396-0019.wav,14.75,data/raw/speech/english/LibriSpeech/dev-clean/1673/143396/1673-143396-0019.flac
data/processed/speech/english/LibriSpeech/dev-clean/1673/143396/1673-143396-0020.wav,13.89,data/raw/speech/english/LibriSpeech/dev-clean/1673/143396/1673-143396-0020.flac
data/processed/speech/english/LibriSpeech/dev-clean/1673/143397/1673-143397-0000.wav,8.38,data/raw/speech/english/LibriSpeech/dev-clean/1673/143397/1673-143397-0000.flac
data/processed/speech/english/LibriSpeech/dev-clean/1673/143397/1673-143397-0001.wav,8.03,data/raw/speech/english/LibriSpeech/dev-clean/1673/143397/1673-143397-0001.flac
data/processed/speech/english/LibriSpeech/dev-clean/1673/143397/1673-143397-0002.wav,11.94,data/raw/speech/english/LibriSpeech/dev-clean/1673/143397/1673-143397-0002.flac
data/processed/speech/english/LibriSpeech/dev-clean/1673/143397/1673-143397-0003.wav,10.05,data/raw/speech/english/LibriSpeech/dev-clean/1673/143397/1673-143397-0003.flac
data/processed/speech/english/LibriSpeech/dev-clean/1673/143397/1673-143397-0004.wav,11.01,data/raw/speech/english/LibriSpeech/dev-clean/1673/143397/1673-143397-0004.flac
data/processed/speech/english/LibriSpeech/dev-clean/1673/143397/1673-143397-0005.wav,9.15,data/raw/speech/english/LibriSpeech/dev-clean/1673/143397/1673-143397-0005.flac
data/processed/speech/english/LibriSpeech/dev-clean/1673/143397/1673-143397-0006.wav,8.06,data/raw/speech/english/LibriSpeech/dev-clean/1673/143397/1673-143397-0006.flac
data/processed/speech/english/LibriSpeech/dev-clean/1673/143397/1673-143397-0007.wav,4.03,data/raw/speech/english/LibriSpeech/dev-clean/1673/143397/1673-143397-0007.flac
data/processed/speech/english/LibriSpeech/dev-clean/1673/143397/1673-143397-0008.wav,3.39,data/raw/speech/english/LibriSpeech/dev-clean/1673/143397/1673-143397-0008.flac
data/processed/speech/english/LibriSpeech/dev-clean/1673/143397/1673-143397-0009.wav,2.94,data/raw/speech/english/LibriSpeech/dev-clean/1673/143397/1673-143397-0009.flac
data/processed/speech/english/LibriSpeech/dev-clean/1673/143397/1673-143397-0010.wav,10.98,data/raw/speech/english/LibriSpeech/dev-clean/1673/143397/1673-143397-0010.flac
data/processed/speech/english/LibriSpeech/dev-clean/1673/143397/1673-143397-0011.wav,13.44,data/raw/speech/english/LibriSpeech/dev-clean/1673/143397/1673-143397-0011.flac
data/processed/speech/english/LibriSpeech/dev-clean/1673/143397/1673-143397-0012.wav,8.48,data/raw/speech/english/LibriSpeech/dev-clean/1673/143397/1673-143397-0012.flac
data/processed/speech/english/LibriSpeech/dev-clean/1673/143397/1673-143397-0013.wav,5.66,data/raw/speech/english/LibriSpeech/dev-clean/1673/143397/1673-143397-0013.flac
data/processed/speech/english/LibriSpeech/dev-clean/1673/143397/1673-143397-0014.wav,8.7,data/raw/speech/english/LibriSpeech/dev-clean/1673/143397/1673-143397-0014.flac
data/processed/speech/english/LibriSpeech/dev-clean/1673/143397/1673-143397-0015.wav,5.6,data/raw/speech/english/LibriSpeech/dev-clean/1673/143397/1673-143397-0015.flac
data/processed/speech/english/LibriSpeech/dev-clean/1673/143397/1673-143397-0016.wav,14.43,data/raw/speech/english/LibriSpeech/dev-clean/1673/143397/1673-143397-0016.flac
data/processed/speech/english/LibriSpeech/dev-clean/1673/143397/1673-143397-0017.wav,6.21,data/raw/speech/english/LibriSpeech/dev-clean/1673/143397/1673-143397-0017.flac
data/processed/speech/english/LibriSpeech/dev-clean/1673/143397/1673-143397-0018.wav,3.46,data/raw/speech/english/LibriSpeech/dev-clean/1673/143397/1673-143397-0018.flac
data/processed/speech/english/LibriSpeech/dev-clean/1673/143397/1673-143397-0019.wav,14.78,data/raw/speech/english/LibriSpeech/dev-clean/1673/143397/1673-143397-0019.flac
data/processed/speech/english/LibriSpeech/dev-clean/1673/143397/1673-143397-0020.wav,15.46,data/raw/speech/english/LibriSpeech/dev-clean/1673/143397/1673-143397-0020.flac
data/processed/speech/english/LibriSpeech/dev-clean/174/168635/174-168635-0000.wav,3.49,data/raw/speech/english/LibriSpeech/dev-clean/174/168635/174-168635-0000.flac
data/processed/speech/english/LibriSpeech/dev-clean/174/168635/174-168635-0001.wav,3.52,data/raw/speech/english/LibriSpeech/dev-clean/174/168635/174-168635-0001.flac
data/processed/speech/english/LibriSpeech/dev-clean/174/168635/174-168635-0002.wav,14.88,data/raw/speech/english/LibriSpeech/dev-clean/174/168635/174-168635-0002.flac
data/processed/speech/english/LibriSpeech/dev-clean/174/168635/174-168635-0003.wav,12.1,data/raw/speech/english/LibriSpeech/dev-clean/174/168635/174-168635-0003.flac
data/processed/speech/english/LibriSpeech/dev-clean/174/168635/174-168635-0004.wav,11.62,data/raw/speech/english/LibriSpeech/dev-clean/174/168635/174-168635-0004.flac
data/processed/speech/english/LibriSpeech/dev-clean/174/168635/174-168635-0005.wav,6.91,data/raw/speech/english/LibriSpeech/dev-clean/174/168635/174-168635-0005.flac
data/processed/speech/english/LibriSpeech/dev-clean/174/168635/174-168635-0006.wav,5.54,data/raw/speech/english/LibriSpeech/dev-clean/174/168635/174-168635-0006.flac
data/processed/speech/english/LibriSpeech/dev-clean/174/168635/174-168635-0007.wav,9.06,data/raw/speech/english/LibriSpeech/dev-clean/174/168635/174-168635-0007.flac
data/processed/speech/english/LibriSpeech/dev-clean/174/168635/174-168635-0008.wav,9.06,data/raw/speech/english/LibriSpeech/dev-clean/174/168635/174-168635-0008.flac
data/processed/speech/english/LibriSpeech/dev-clean/174/168635/174-168635-0009.wav,2.18,data/raw/speech/english/LibriSpeech/dev-clean/174/168635/174-168635-0009.flac
data/processed/speech/english/LibriSpeech/dev-clean/174/168635/174-168635-0010.wav,9.06,data/raw/speech/english/LibriSpeech/dev-clean/174/168635/174-168635-0010.flac
data/processed/speech/english/LibriSpeech/dev-clean/174/168635/174-168635-0011.wav,3.68,data/raw/speech/english/LibriSpeech/dev-clean/174/168635/174-168635-0011.flac
data/processed/speech/english/LibriSpeech/dev-clean/174/168635/174-168635-0012.wav,7.3,data/raw/speech/english/LibriSpeech/dev-clean/174/168635/174-168635-0012.flac
data/processed/speech/english/LibriSpeech/dev-clean/174/168635/174-168635-0013.wav,4.8,data/raw/speech/english/LibriSpeech/dev-clean/174/168635/174-168635-0013.flac
data/processed/speech/english/LibriSpeech/dev-clean/174/168635/174-168635-0014.wav,3.78,data/raw/speech/english/LibriSpeech/dev-clean/174/168635/174-168635-0014.flac
data/processed/speech/english/LibriSpeech/dev-clean/174/168635/174-168635-0015.wav,3.14,data/raw/speech/english/LibriSpeech/dev-clean/174/168635/174-168635-0015.flac
data/processed/speech/english/LibriSpeech/dev-clean/174/168635/174-168635-0016.wav,5.98,data/raw/speech/english/LibriSpeech/dev-clean/174/168635/174-168635-0016.flac
data/processed/speech/english/LibriSpeech/dev-clean/174/168635/174-168635-0017.wav,3.42,data/raw/speech/english/LibriSpeech/dev-clean/174/168635/174-168635-0017.flac
data/processed/speech/english/LibriSpeech/dev-clean/174/168635/174-168635-0018.wav,26.08,data/raw/speech/english/LibriSpeech/dev-clean/174/168635/174-168635-0018.flac
data/processed/speech/english/LibriSpeech/dev-clean/174/168635/174-168635-0019.wav,6.98,data/raw/speech/english/LibriSpeech/dev-clean/174/168635/174-168635-0019.flac
data/processed/speech/english/LibriSpeech/dev-clean/174/168635/174-168635-0020.wav,3.55,data/raw/speech/english/LibriSpeech/dev-clean/174/168635/174-168635-0020.flac
data/processed/speech/english/LibriSpeech/dev-clean/174/168635/174-168635-0021.wav,3.2,data/raw/speech/english/LibriSpeech/dev-clean/174/168635/174-168635-0021.flac
data/processed/speech/english/LibriSpeech/dev-clean/174/168635/174-168635-0022.wav,3.33,data/raw/speech/english/LibriSpeech/dev-clean/174/168635/174-168635-0022.flac
data/processed/speech/english/LibriSpeech/dev-clean/174/50561/174-50561-0000.wav,2.88,data/raw/speech/english/LibriSpeech/dev-clean/174/50561/174-50561-0000.flac
data/processed/speech/english/LibriSpeech/dev-clean/174/50561/174-50561-0001.wav,14.88,data/raw/speech/english/LibriSpeech/dev-clean/174/50561/174-50561-0001.flac
data/processed/speech/english/LibriSpeech/dev-clean/174/50561/174-50561-0002.wav,1.22,data/raw/speech/english/LibriSpeech/dev-clean/174/50561/174-50561-0002.flac
data/processed/speech/english/LibriSpeech/dev-clean/174/50561/174-50561-0003.wav,2.3,data/raw/speech/english/LibriSpeech/dev-clean/174/50561/174-50561-0003.flac
data/processed/speech/english/LibriSpeech/dev-clean/174/50561/174-50561-0004.wav,1.02,data/raw/speech/english/LibriSpeech/dev-clean/174/50561/174-50561-0004.flac
data/processed/speech/english/LibriSpeech/dev-clean/174/50561/174-50561-0005.wav,4.93,data/raw/speech/english/LibriSpeech/dev-clean/174/50561/174-50561-0005.flac
data/processed/speech/english/LibriSpeech/dev-clean/174/50561/174-50561-0006.wav,4.35,data/raw/speech/english/LibriSpeech/dev-clean/174/50561/174-50561-0006.flac
data/processed/speech/english/LibriSpeech/dev-clean/174/50561/174-50561-0007.wav,9.89,data/raw/speech/english/LibriSpeech/dev-clean/174/50561/174-50561-0007.flac
data/processed/speech/english/LibriSpeech/dev-clean/174/50561/174-50561-0008.wav,15.2,data/raw/speech/english/LibriSpeech/dev-clean/174/50561/174-50561-0008.flac
data/processed/speech/english/LibriSpeech/dev-clean/174/50561/174-50561-0009.wav,0.99,data/raw/speech/english/LibriSpeech/dev-clean/174/50561/174-50561-0009.flac
data/processed/speech/english/LibriSpeech/dev-clean/174/50561/174-50561-0010.wav,13.95,data/raw/speech/english/LibriSpeech/dev-clean/174/50561/174-50561-0010.flac
data/processed/speech/english/LibriSpeech/dev-clean/174/50561/174-50561-0011.wav,8.42,data/raw/speech/english/LibriSpeech/dev-clean/174/50561/174-50561-0011.flac
data/processed/speech/english/LibriSpeech/dev-clean/174/50561/174-50561-0012.wav,0.99,data/raw/speech/english/LibriSpeech/dev-clean/174/50561/174-50561-0012.flac
data/processed/speech/english/LibriSpeech/dev-clean/174/50561/174-50561-0013.wav,9.82,data/raw/speech/english/LibriSpeech/dev-clean/174/50561/174-50561-0013.flac
data/processed/speech/english/LibriSpeech/dev-clean/174/50561/174-50561-0014.wav,0.67,data/raw/speech/english/LibriSpeech/dev-clean/174/50561/174-50561-0014.flac
data/processed/speech/english/LibriSpeech/dev-clean/174/50561/174-50561-0015.wav,15.68,data/raw/speech/english/LibriSpeech/dev-clean/174/50561/174-50561-0015.flac
data/processed/speech/english/LibriSpeech/dev-clean/174/50561/174-50561-0016.wav,12.54,data/raw/speech/english/LibriSpeech/dev-clean/174/50561/174-50561-0016.flac
data/processed/speech/english/LibriSpeech/dev-clean/174/50561/174-50561-0017.wav,1.89,data/raw/speech/english/LibriSpeech/dev-clean/174/50561/174-50561-0017.flac
data/processed/speech/english/LibriSpeech/dev-clean/174/50561/174-50561-0018.wav,1.12,data/raw/speech/english/LibriSpeech/dev-clean/174/50561/174-50561-0018.flac
data/processed/speech/english/LibriSpeech/dev-clean/174/50561/174-50561-0019.wav,3.33,data/raw/speech/english/LibriSpeech/dev-clean/174/50561/174-50561-0019.flac
data/processed/speech/english/LibriSpeech/dev-clean/174/84280/174-84280-0000.wav,1.54,data/raw/speech/english/LibriSpeech/dev-clean/174/84280/174-84280-0000.flac
data/processed/speech/english/LibriSpeech/dev-clean/174/84280/174-84280-0001.wav,17.28,data/raw/speech/english/LibriSpeech/dev-clean/174/84280/174-84280-0001.flac
data/processed/speech/english/LibriSpeech/dev-clean/174/84280/174-84280-0002.wav,11.26,data/raw/speech/english/LibriSpeech/dev-clean/174/84280/174-84280-0002.flac
data/processed/speech/english/LibriSpeech/dev-clean/174/84280/174-84280-0003.wav,6.4,data/raw/speech/english/LibriSpeech/dev-clean/174/84280/174-84280-0003.flac
data/processed/speech/english/LibriSpeech/dev-clean/174/84280/174-84280-0004.wav,19.49,data/raw/speech/english/LibriSpeech/dev-clean/174/84280/174-84280-0004.flac
data/processed/speech/english/LibriSpeech/dev-clean/174/84280/174-84280-0005.wav,7.55,data/raw/speech/english/LibriSpeech/dev-clean/174/84280/174-84280-0005.flac
data/processed/speech/english/LibriSpeech/dev-clean/174/84280/174-84280-0006.wav,5.95,data/raw/speech/english/LibriSpeech/dev-clean/174/84280/174-84280-0006.flac
data/processed/speech/english/LibriSpeech/dev-clean/174/84280/174-84280-0007.wav,8.64,data/raw/speech/english/LibriSpeech/dev-clean/174/84280/174-84280-0007.flac
data/processed/speech/english/LibriSpeech/dev-clean/174/84280/174-84280-0008.wav,3.81,data/raw/speech/english/LibriSpeech/dev-clean/174/84280/174-84280-0008.flac
data/processed/speech/english/LibriSpeech/dev-clean/174/84280/174-84280-0009.wav,2.4,data/raw/speech/english/LibriSpeech/dev-clean/174/84280/174-84280-0009.flac
data/processed/speech/english/LibriSpeech/dev-clean/174/84280/174-84280-0010.wav,3.49,data/raw/speech/english/LibriSpeech/dev-clean/174/84280/174-84280-0010.flac
data/processed/speech/english/LibriSpeech/dev-clean/174/84280/174-84280-0011.wav,2.66,data/raw/speech/english/LibriSpeech/dev-clean/174/84280/174-84280-0011.flac
data/processed/speech/english/LibriSpeech/dev-clean/174/84280/174-84280-0012.wav,13.41,data/raw/speech/english/LibriSpeech/dev-clean/174/84280/174-84280-0012.flac
data/processed/speech/english/LibriSpeech/dev-clean/174/84280/174-84280-0013.wav,15.78,data/raw/speech/english/LibriSpeech/dev-clean/174/84280/174-84280-0013.flac
data/processed/speech/english/LibriSpeech/dev-clean/174/84280/174-84280-0014.wav,2.02,data/raw/speech/english/LibriSpeech/dev-clean/174/84280/174-84280-0014.flac
data/processed/speech/english/LibriSpeech/dev-clean/174/84280/174-84280-0015.wav,12.58,data/raw/speech/english/LibriSpeech/dev-clean/174/84280/174-84280-0015.flac
data/processed/speech/english/LibriSpeech/dev-clean/1919/142785/1919-142785-0000.wav,1.7,data/raw/speech/english/LibriSpeech/dev-clean/1919/142785/1919-142785-0000.flac
data/processed/speech/english/LibriSpeech/dev-clean/1919/142785/1919-142785-0001.wav,10.6,data/raw/speech/english/LibriSpeech/dev-clean/1919/142785/1919-142785-0001.flac
data/processed/speech/english/LibriSpeech/dev-clean/1919/142785/1919-142785-0002.wav,9.92,data/raw/speech/english/LibriSpeech/dev-clean/1919/142785/1919-142785-0002.flac
data/processed/speech/english/LibriSpeech/dev-clean/1919/142785/1919-142785-0003.wav,4.48,data/raw/speech/english/LibriSpeech/dev-clean/1919/142785/1919-142785-0003.flac
data/processed/speech/english/LibriSpeech/dev-clean/1919/142785/1919-142785-0004.wav,7.49,data/raw/speech/english/LibriSpeech/dev-clean/1919/142785/1919-142785-0004.flac
data/processed/speech/english/LibriSpeech/dev-clean/1919/142785/1919-142785-0005.wav,18.14,data/raw/speech/english/LibriSpeech/dev-clean/1919/142785/1919-142785-0005.flac
data/processed/speech/english/LibriSpeech/dev-clean/1919/142785/1919-142785-0006.wav,1.76,data/raw/speech/english/LibriSpeech/dev-clean/1919/142785/1919-142785-0006.flac
data/processed/speech/english/LibriSpeech/dev-clean/1919/142785/1919-142785-0007.wav,25.73,data/raw/speech/english/LibriSpeech/dev-clean/1919/142785/1919-142785-0007.flac
data/processed/speech/english/LibriSpeech/dev-clean/1919/142785/1919-142785-0008.wav,19.42,data/raw/speech/english/LibriSpeech/dev-clean/1919/142785/1919-142785-0008.flac
data/processed/speech/english/LibriSpeech/dev-clean/1919/142785/1919-142785-0009.wav,4.8,data/raw/speech/english/LibriSpeech/dev-clean/1919/142785/1919-142785-0009.flac
data/processed/speech/english/LibriSpeech/dev-clean/1919/142785/1919-142785-0010.wav,10.59,data/raw/speech/english/LibriSpeech/dev-clean/1919/142785/1919-142785-0010.flac
data/processed/speech/english/LibriSpeech/dev-clean/1919/142785/1919-142785-0011.wav,12.99,data/raw/speech/english/LibriSpeech/dev-clean/1919/142785/1919-142785-0011.flac
data/processed/speech/english/LibriSpeech/dev-clean/1919/142785/1919-142785-0012.wav,4.54,data/raw/speech/english/LibriSpeech/dev-clean/1919/142785/1919-142785-0012.flac
data/processed/speech/english/LibriSpeech/dev-clean/1919/142785/1919-142785-0013.wav,5.44,data/raw/speech/english/LibriSpeech/dev-clean/1919/142785/1919-142785-0013.flac
data/processed/speech/english/LibriSpeech/dev-clean/1919/142785/1919-142785-0014.wav,7.17,data/raw/speech/english/LibriSpeech/dev-clean/1919/142785/1919-142785-0014.flac
data/processed/speech/english/LibriSpeech/dev-clean/1919/142785/1919-142785-0015.wav,3.58,data/raw/speech/english/LibriSpeech/dev-clean/1919/142785/1919-142785-0015.flac
data/processed/speech/english/LibriSpeech/dev-clean/1919/142785/1919-142785-0016.wav,1.89,data/raw/speech/english/LibriSpeech/dev-clean/1919/142785/1919-142785-0016.flac
data/processed/speech/english/LibriSpeech/dev-clean/1919/142785/1919-142785-0017.wav,6.34,data/raw/speech/english/LibriSpeech/dev-clean/1919/142785/1919-142785-0017.flac
data/processed/speech/english/LibriSpeech/dev-clean/1919/142785/1919-142785-0018.wav,6.27,data/raw/speech/english/LibriSpeech/dev-clean/1919/142785/1919-142785-0018.flac
data/processed/speech/english/LibriSpeech/dev-clean/1919/142785/1919-142785-0019.wav,7.52,data/raw/speech/english/LibriSpeech/dev-clean/1919/142785/1919-142785-0019.flac
data/processed/speech/english/LibriSpeech/dev-clean/1919/142785/1919-142785-0020.wav,8.58,data/raw/speech/english/LibriSpeech/dev-clean/1919/142785/1919-142785-0020.flac
data/processed/speech/english/LibriSpeech/dev-clean/1919/142785/1919-142785-0021.wav,1.41,data/raw/speech/english/LibriSpeech/dev-clean/1919/142785/1919-142785-0021.flac
data/processed/speech/english/LibriSpeech/dev-clean/1919/142785/1919-142785-0022.wav,5.82,data/raw/speech/english/LibriSpeech/dev-clean/1919/142785/1919-142785-0022.flac
data/processed/speech/english/LibriSpeech/dev-clean/1919/142785/1919-142785-0023.wav,6.34,data/raw/speech/english/LibriSpeech/dev-clean/1919/142785/1919-142785-0023.flac
data/processed/speech/english/LibriSpeech/dev-clean/1919/142785/1919-142785-0024.wav,1.82,data/raw/speech/english/LibriSpeech/dev-clean/1919/142785/1919-142785-0024.flac
data/processed/speech/english/LibriSpeech/dev-clean/1919/142785/1919-142785-0025.wav,7.2,data/raw/speech/english/LibriSpeech/dev-clean/1919/142785/1919-142785-0025.flac
data/processed/speech/english/LibriSpeech/dev-clean/1919/142785/1919-142785-0026.wav,4.77,data/raw/speech/english/LibriSpeech/dev-clean/1919/142785/1919-142785-0026.flac
data/processed/speech/english/LibriSpeech/dev-clean/1919/142785/1919-142785-0027.wav,8.99,data/raw/speech/english/LibriSpeech/dev-clean/1919/142785/1919-142785-0027.flac
data/processed/speech/english/LibriSpeech/dev-clean/1919/142785/1919-142785-0028.wav,4.35,data/raw/speech/english/LibriSpeech/dev-clean/1919/142785/1919-142785-0028.flac
data/processed/speech/english/LibriSpeech/dev-clean/1919/142785/1919-142785-0029.wav,1.86,data/raw/speech/english/LibriSpeech/dev-clean/1919/142785/1919-142785-0029.flac
data/processed/speech/english/LibriSpeech/dev-clean/1919/142785/1919-142785-0030.wav,8.51,data/raw/speech/english/LibriSpeech/dev-clean/1919/142785/1919-142785-0030.flac
data/processed/speech/english/LibriSpeech/dev-clean/1919/142785/1919-142785-0031.wav,4.38,data/raw/speech/english/LibriSpeech/dev-clean/1919/142785/1919-142785-0031.flac
data/processed/speech/english/LibriSpeech/dev-clean/1919/142785/1919-142785-0032.wav,5.02,data/raw/speech/english/LibriSpeech/dev-clean/1919/142785/1919-142785-0032.flac
data/processed/speech/english/LibriSpeech/dev-clean/1919/142785/1919-142785-0033.wav,7.26,data/raw/speech/english/LibriSpeech/dev-clean/1919/142785/1919-142785-0033.flac
data/processed/speech/english/LibriSpeech/dev-clean/1919/142785/1919-142785-0034.wav,2.88,data/raw/speech/english/LibriSpeech/dev-clean/1919/142785/1919-142785-0034.flac
data/processed/speech/english/LibriSpeech/dev-clean/1919/142785/1919-142785-0035.wav,2.82,data/raw/speech/english/LibriSpeech/dev-clean/1919/142785/1919-142785-0035.flac
data/processed/speech/english/LibriSpeech/dev-clean/1919/142785/1919-142785-0036.wav,13.12,data/raw/speech/english/LibriSpeech/dev-clean/1919/142785/1919-142785-0036.flac
data/processed/speech/english/LibriSpeech/dev-clean/1919/142785/1919-142785-0037.wav,2.18,data/raw/speech/english/LibriSpeech/dev-clean/1919/142785/1919-142785-0037.flac
data/processed/speech/english/LibriSpeech/dev-clean/1919/142785/1919-142785-0038.wav,5.09,data/raw/speech/english/LibriSpeech/dev-clean/1919/142785/1919-142785-0038.flac
data/processed/speech/english/LibriSpeech/dev-clean/1919/142785/1919-142785-0039.wav,1.86,data/raw/speech/english/LibriSpeech/dev-clean/1919/142785/1919-142785-0039.flac
data/processed/speech/english/LibriSpeech/dev-clean/1919/142785/1919-142785-0040.wav,7.23,data/raw/speech/english/LibriSpeech/dev-clean/1919/142785/1919-142785-0040.flac
data/processed/speech/english/LibriSpeech/dev-clean/1919/142785/1919-142785-0041.wav,11.52,data/raw/speech/english/LibriSpeech/dev-clean/1919/142785/1919-142785-0041.flac
data/processed/speech/english/LibriSpeech/dev-clean/1919/142785/1919-142785-0042.wav,3.36,data/raw/speech/english/LibriSpeech/dev-clean/1919/142785/1919-142785-0042.flac
data/processed/speech/english/LibriSpeech/dev-clean/1919/142785/1919-142785-0043.wav,6.27,data/raw/speech/english/LibriSpeech/dev-clean/1919/142785/1919-142785-0043.flac
data/processed/speech/english/LibriSpeech/dev-clean/1919/142785/1919-142785-0044.wav,4.96,data/raw/speech/english/LibriSpeech/dev-clean/1919/142785/1919-142785-0044.flac
data/processed/speech/english/LibriSpeech/dev-clean/1919/142785/1919-142785-0045.wav,5.28,data/raw/speech/english/LibriSpeech/dev-clean/1919/142785/1919-142785-0045.flac
data/processed/speech/english/LibriSpeech/dev-clean/1919/142785/1919-142785-0046.wav,1.63,data/raw/speech/english/LibriSpeech/dev-clean/1919/142785/1919-142785-0046.flac
data/processed/speech/english/LibriSpeech/dev-clean/1919/142785/1919-142785-0047.wav,17.15,data/raw/speech/english/LibriSpeech/dev-clean/1919/142785/1919-142785-0047.flac
data/processed/speech/english/LibriSpeech/dev-clean/1919/142785/1919-142785-0048.wav,1.06,data/raw/speech/english/LibriSpeech/dev-clean/1919/142785/1919-142785-0048.flac
data/processed/speech/english/LibriSpeech/dev-clean/1919/142785/1919-142785-0049.wav,15.17,data/raw/speech/english/LibriSpeech/dev-clean/1919/142785/1919-142785-0049.flac
data/processed/speech/english/LibriSpeech/dev-clean/1919/142785/1919-142785-0050.wav,7.9,data/raw/speech/english/LibriSpeech/dev-clean/1919/142785/1919-142785-0050.flac
data/processed/speech/english/LibriSpeech/dev-clean/1919/142785/1919-142785-0051.wav,8.32,data/raw/speech/english/LibriSpeech/dev-clean/1919/142785/1919-142785-0051.flac
data/processed/speech/english/LibriSpeech/dev-clean/1919/142785/1919-142785-0052.wav,2.08,data/raw/speech/english/LibriSpeech/dev-clean/1919/142785/1919-142785-0052.flac
data/processed/speech/english/LibriSpeech/dev-clean/1919/142785/1919-142785-0053.wav,10.11,data/raw/speech/english/LibriSpeech/dev-clean/1919/142785/1919-142785-0053.flac
data/processed/speech/english/LibriSpeech/dev-clean/1919/142785/1919-142785-0054.wav,7.3,data/raw/speech/english/LibriSpeech/dev-clean/1919/142785/1919-142785-0054.flac
data/processed/speech/english/LibriSpeech/dev-clean/1919/142785/1919-142785-0055.wav,8.61,data/raw/speech/english/LibriSpeech/dev-clean/1919/142785/1919-142785-0055.flac
data/processed/speech/english/LibriSpeech/dev-clean/1919/142785/1919-142785-0056.wav,1.34,data/raw/speech/english/LibriSpeech/dev-clean/1919/142785/1919-142785-0056.flac
data/processed/speech/english/LibriSpeech/dev-clean/1919/142785/1919-142785-0057.wav,7.36,data/raw/speech/english/LibriSpeech/dev-clean/1919/142785/1919-142785-0057.flac
data/processed/speech/english/LibriSpeech/dev-clean/1919/142785/1919-142785-0058.wav,1.44,data/raw/speech/english/LibriSpeech/dev-clean/1919/142785/1919-142785-0058.flac
data/processed/speech/english/LibriSpeech/dev-clean/1919/142785/1919-142785-0059.wav,8.0,data/raw/speech/english/LibriSpeech/dev-clean/1919/142785/1919-142785-0059.flac
data/processed/speech/english/LibriSpeech/dev-clean/1919/142785/1919-142785-0060.wav,6.56,data/raw/speech/english/LibriSpeech/dev-clean/1919/142785/1919-142785-0060.flac
data/processed/speech/english/LibriSpeech/dev-clean/1919/142785/1919-142785-0061.wav,16.54,data/raw/speech/english/LibriSpeech/dev-clean/1919/142785/1919-142785-0061.flac
data/processed/speech/english/LibriSpeech/dev-clean/1919/142785/1919-142785-0062.wav,3.39,data/raw/speech/english/LibriSpeech/dev-clean/1919/142785/1919-142785-0062.flac
data/processed/speech/english/LibriSpeech/dev-clean/1919/142785/1919-142785-0063.wav,1.82,data/raw/speech/english/LibriSpeech/dev-clean/1919/142785/1919-142785-0063.flac
data/processed/speech/english/LibriSpeech/dev-clean/1988/147956/1988-147956-0000.wav,14.91,data/raw/speech/english/LibriSpeech/dev-clean/1988/147956/1988-147956-0000.flac
data/processed/speech/english/LibriSpeech/dev-clean/1988/147956/1988-147956-0001.wav,14.11,data/raw/speech/english/LibriSpeech/dev-clean/1988/147956/1988-147956-0001.flac
data/processed/speech/english/LibriSpeech/dev-clean/1988/147956/1988-147956-0002.wav,4.39,data/raw/speech/english/LibriSpeech/dev-clean/1988/147956/1988-147956-0002.flac
data/processed/speech/english/LibriSpeech/dev-clean/1988/147956/1988-147956-0003.wav,2.5,data/raw/speech/english/LibriSpeech/dev-clean/1988/147956/1988-147956-0003.flac
data/processed/speech/english/LibriSpeech/dev-clean/1988/147956/1988-147956-0004.wav,8.99,data/raw/speech/english/LibriSpeech/dev-clean/1988/147956/1988-147956-0004.flac
data/processed/speech/english/LibriSpeech/dev-clean/1988/147956/1988-147956-0005.wav,3.44,data/raw/speech/english/LibriSpeech/dev-clean/1988/147956/1988-147956-0005.flac
data/processed/speech/english/LibriSpeech/dev-clean/1988/147956/1988-147956-0006.wav,5.31,data/raw/speech/english/LibriSpeech/dev-clean/1988/147956/1988-147956-0006.flac
data/processed/speech/english/LibriSpeech/dev-clean/1988/147956/1988-147956-0007.wav,5.87,data/raw/speech/english/LibriSpeech/dev-clean/1988/147956/1988-147956-0007.flac
data/processed/speech/english/LibriSpeech/dev-clean/1988/147956/1988-147956-0008.wav,14.88,data/raw/speech/english/LibriSpeech/dev-clean/1988/147956/1988-147956-0008.flac
data/processed/speech/english/LibriSpeech/dev-clean/1988/147956/1988-147956-0009.wav,5.16,data/raw/speech/english/LibriSpeech/dev-clean/1988/147956/1988-147956-0009.flac
data/processed/speech/english/LibriSpeech/dev-clean/1988/147956/1988-147956-0010.wav,3.85,data/raw/speech/english/LibriSpeech/dev-clean/1988/147956/1988-147956-0010.flac
data/processed/speech/english/LibriSpeech/dev-clean/1988/147956/1988-147956-0011.wav,5.23,data/raw/speech/english/LibriSpeech/dev-clean/1988/147956/1988-147956-0011.flac
data/processed/speech/english/LibriSpeech/dev-clean/1988/147956/1988-147956-0012.wav,4.57,data/raw/speech/english/LibriSpeech/dev-clean/1988/147956/1988-147956-0012.flac
data/processed/speech/english/LibriSpeech/dev-clean/1988/147956/1988-147956-0013.wav,2.89,data/raw/speech/english/LibriSpeech/dev-clean/1988/147956/1988-147956-0013.flac
data/processed/speech/english/LibriSpeech/dev-clean/1988/147956/1988-147956-0014.wav,2.14,data/raw/speech/english/LibriSpeech/dev-clean/1988/147956/1988-147956-0014.flac
data/processed/speech/english/LibriSpeech/dev-clean/1988/147956/1988-147956-0015.wav,4.17,data/raw/speech/english/LibriSpeech/dev-clean/1988/147956/1988-147956-0015.flac
data/processed/speech/english/LibriSpeech/dev-clean/1988/147956/1988-147956-0016.wav,3.14,data/raw/speech/english/LibriSpeech/dev-clean/1988/147956/1988-147956-0016.flac
data/processed/speech/english/LibriSpeech/dev-clean/1988/147956/1988-147956-0017.wav,6.3,data/raw/speech/english/LibriSpeech/dev-clean/1988/147956/1988-147956-0017.flac
data/processed/speech/english/LibriSpeech/dev-clean/1988/147956/1988-147956-0018.wav,3.54,data/raw/speech/english/LibriSpeech/dev-clean/1988/147956/1988-147956-0018.flac
data/processed/speech/english/LibriSpeech/dev-clean/1988/147956/1988-147956-0019.wav,6.13,data/raw/speech/english/LibriSpeech/dev-clean/1988/147956/1988-147956-0019.flac
data/processed/speech/english/LibriSpeech/dev-clean/1988/147956/1988-147956-0020.wav,6.78,data/raw/speech/english/LibriSpeech/dev-clean/1988/147956/1988-147956-0020.flac
data/processed/speech/english/LibriSpeech/dev-clean/1988/147956/1988-147956-0021.wav,4.93,data/raw/speech/english/LibriSpeech/dev-clean/1988/147956/1988-147956-0021.flac
data/processed/speech/english/LibriSpeech/dev-clean/1988/147956/1988-147956-0022.wav,7.54,data/raw/speech/english/LibriSpeech/dev-clean/1988/147956/1988-147956-0022.flac
data/processed/speech/english/LibriSpeech/dev-clean/1988/147956/1988-147956-0023.wav,4.14,data/raw/speech/english/LibriSpeech/dev-clean/1988/147956/1988-147956-0023.flac
data/processed/speech/english/LibriSpeech/dev-clean/1988/147956/1988-147956-0024.wav,3.05,data/raw/speech/english/LibriSpeech/dev-clean/1988/147956/1988-147956-0024.flac
data/processed/speech/english/LibriSpeech/dev-clean/1988/147956/1988-147956-0025.wav,2.41,data/raw/speech/english/LibriSpeech/dev-clean/1988/147956/1988-147956-0025.flac
data/processed/speech/english/LibriSpeech/dev-clean/1988/147956/1988-147956-0026.wav,6.92,data/raw/speech/english/LibriSpeech/dev-clean/1988/147956/1988-147956-0026.flac
data/processed/speech/english/LibriSpeech/dev-clean/1988/147956/1988-147956-0027.wav,7.73,data/raw/speech/english/LibriSpeech/dev-clean/1988/147956/1988-147956-0027.flac
data/processed/speech/english/LibriSpeech/dev-clean/1988/147956/1988-147956-0028.wav,5.88,data/raw/speech/english/LibriSpeech/dev-clean/1988/147956/1988-147956-0028.flac
data/processed/speech/english/LibriSpeech/dev-clean/1988/147956/1988-147956-0029.wav,5.6,data/raw/speech/english/LibriSpeech/dev-clean/1988/147956/1988-147956-0029.flac
data/processed/speech/english/LibriSpeech/dev-clean/1988/148538/1988-148538-0000.wav,15.97,data/raw/speech/english/LibriSpeech/dev-clean/1988/148538/1988-148538-0000.flac
data/processed/speech/english/LibriSpeech/dev-clean/1988/148538/1988-148538-0001.wav,10.4,data/raw/speech/english/LibriSpeech/dev-clean/1988/148538/1988-148538-0001.flac
data/processed/speech/english/LibriSpeech/dev-clean/1988/148538/1988-148538-0002.wav,3.87,data/raw/speech/english/LibriSpeech/dev-clean/1988/148538/1988-148538-0002.flac
data/processed/speech/english/LibriSpeech/dev-clean/1988/148538/1988-148538-0003.wav,4.64,data/raw/speech/english/LibriSpeech/dev-clean/1988/148538/1988-148538-0003.flac
data/processed/speech/english/LibriSpeech/dev-clean/1988/148538/1988-148538-0004.wav,12.77,data/raw/speech/english/LibriSpeech/dev-clean/1988/148538/1988-148538-0004.flac
data/processed/speech/english/LibriSpeech/dev-clean/1988/148538/1988-148538-0005.wav,15.62,data/raw/speech/english/LibriSpeech/dev-clean/1988/148538/1988-148538-0005.flac
data/processed/speech/english/LibriSpeech/dev-clean/1988/148538/1988-148538-0006.wav,21.95,data/raw/speech/english/LibriSpeech/dev-clean/1988/148538/1988-148538-0006.flac
data/processed/speech/english/LibriSpeech/dev-clean/1988/148538/1988-148538-0007.wav,6.4,data/raw/speech/english/LibriSpeech/dev-clean/1988/148538/1988-148538-0007.flac
data/processed/speech/english/LibriSpeech/dev-clean/1988/148538/1988-148538-0008.wav,6.05,data/raw/speech/english/LibriSpeech/dev-clean/1988/148538/1988-148538-0008.flac
data/processed/speech/english/LibriSpeech/dev-clean/1988/148538/1988-148538-0009.wav,6.59,data/raw/speech/english/LibriSpeech/dev-clean/1988/148538/1988-148538-0009.flac
data/processed/speech/english/LibriSpeech/dev-clean/1988/148538/1988-148538-0010.wav,7.74,data/raw/speech/english/LibriSpeech/dev-clean/1988/148538/1988-148538-0010.flac
data/processed/speech/english/LibriSpeech/dev-clean/1988/148538/1988-148538-0011.wav,8.64,data/raw/speech/english/LibriSpeech/dev-clean/1988/148538/1988-148538-0011.flac
data/processed/speech/english/LibriSpeech/dev-clean/1988/148538/1988-148538-0012.wav,12.99,data/raw/speech/english/LibriSpeech/dev-clean/1988/148538/1988-148538-0012.flac
data/processed/speech/english/LibriSpeech/dev-clean/1988/148538/1988-148538-0013.wav,9.73,data/raw/speech/english/LibriSpeech/dev-clean/1988/148538/1988-148538-0013.flac
data/processed/speech/english/LibriSpeech/dev-clean/1988/148538/1988-148538-0014.wav,9.79,data/raw/speech/english/LibriSpeech/dev-clean/1988/148538/1988-148538-0014.flac
data/processed/speech/english/LibriSpeech/dev-clean/1988/148538/1988-148538-0015.wav,16.64,data/raw/speech/english/LibriSpeech/dev-clean/1988/148538/1988-148538-0015.flac
data/processed/speech/english/LibriSpeech/dev-clean/1988/24833/1988-24833-0000.wav,2.66,data/raw/speech/english/LibriSpeech/dev-clean/1988/24833/1988-24833-0000.flac
data/processed/speech/english/LibriSpeech/dev-clean/1988/24833/1988-24833-0001.wav,7.01,data/raw/speech/english/LibriSpeech/dev-clean/1988/24833/1988-24833-0001.flac
data/processed/speech/english/LibriSpeech/dev-clean/1988/24833/1988-24833-0002.wav,3.68,data/raw/speech/english/LibriSpeech/dev-clean/1988/24833/1988-24833-0002.flac
data/processed/speech/english/LibriSpeech/dev-clean/1988/24833/1988-24833-0003.wav,4.51,data/raw/speech/english/LibriSpeech/dev-clean/1988/24833/1988-24833-0003.flac
data/processed/speech/english/LibriSpeech/dev-clean/1988/24833/1988-24833-0004.wav,4.8,data/raw/speech/english/LibriSpeech/dev-clean/1988/24833/1988-24833-0004.flac
data/processed/speech/english/LibriSpeech/dev-clean/1988/24833/1988-24833-0005.wav,5.82,data/raw/speech/english/LibriSpeech/dev-clean/1988/24833/1988-24833-0005.flac
data/processed/speech/english/LibriSpeech/dev-clean/1988/24833/1988-24833-0006.wav,0.86,data/raw/speech/english/LibriSpeech/dev-clean/1988/24833/1988-24833-0006.flac
data/processed/speech/english/LibriSpeech/dev-clean/1988/24833/1988-24833-0007.wav,4.83,data/raw/speech/english/LibriSpeech/dev-clean/1988/24833/1988-24833-0007.flac
data/processed/speech/english/LibriSpeech/dev-clean/1988/24833/1988-24833-0008.wav,1.82,data/raw/speech/english/LibriSpeech/dev-clean/1988/24833/1988-24833-0008.flac
data/processed/speech/english/LibriSpeech/dev-clean/1988/24833/1988-24833-0009.wav,5.92,data/raw/speech/english/LibriSpeech/dev-clean/1988/24833/1988-24833-0009.flac
data/processed/speech/english/LibriSpeech/dev-clean/1988/24833/1988-24833-0010.wav,2.18,data/raw/speech/english/LibriSpeech/dev-clean/1988/24833/1988-24833-0010.flac
data/processed/speech/english/LibriSpeech/dev-clean/1988/24833/1988-24833-0011.wav,9.02,data/raw/speech/english/LibriSpeech/dev-clean/1988/24833/1988-24833-0011.flac
data/processed/speech/english/LibriSpeech/dev-clean/1988/24833/1988-24833-0012.wav,2.82,data/raw/speech/english/LibriSpeech/dev-clean/1988/24833/1988-24833-0012.flac
data/processed/speech/english/LibriSpeech/dev-clean/1988/24833/1988-24833-0013.wav,4.99,data/raw/speech/english/LibriSpeech/dev-clean/1988/24833/1988-24833-0013.flac
data/processed/speech/english/LibriSpeech/dev-clean/1988/24833/1988-24833-0014.wav,1.7,data/raw/speech/english/LibriSpeech/dev-clean/1988/24833/1988-24833-0014.flac
data/processed/speech/english/LibriSpeech/dev-clean/1988/24833/1988-24833-0015.wav,3.84,data/raw/speech/english/LibriSpeech/dev-clean/1988/24833/1988-24833-0015.flac
data/processed/speech/english/LibriSpeech/dev-clean/1988/24833/1988-24833-0016.wav,1.7,data/raw/speech/english/LibriSpeech/dev-clean/1988/24833/1988-24833-0016.flac
data/processed/speech/english/LibriSpeech/dev-clean/1988/24833/1988-24833-0017.wav,5.15,data/raw/speech/english/LibriSpeech/dev-clean/1988/24833/1988-24833-0017.flac
data/processed/speech/english/LibriSpeech/dev-clean/1988/24833/1988-24833-0018.wav,4.58,data/raw/speech/english/LibriSpeech/dev-clean/1988/24833/1988-24833-0018.flac
data/processed/speech/english/LibriSpeech/dev-clean/1988/24833/1988-24833-0019.wav,2.24,data/raw/speech/english/LibriSpeech/dev-clean/1988/24833/1988-24833-0019.flac
data/processed/speech/english/LibriSpeech/dev-clean/1988/24833/1988-24833-0020.wav,5.92,data/raw/speech/english/LibriSpeech/dev-clean/1988/24833/1988-24833-0020.flac
data/processed/speech/english/LibriSpeech/dev-clean/1988/24833/1988-24833-0021.wav,3.52,data/raw/speech/english/LibriSpeech/dev-clean/1988/24833/1988-24833-0021.flac
data/processed/speech/english/LibriSpeech/dev-clean/1988/24833/1988-24833-0022.wav,2.11,data/raw/speech/english/LibriSpeech/dev-clean/1988/24833/1988-24833-0022.flac
data/processed/speech/english/LibriSpeech/dev-clean/1988/24833/1988-24833-0023.wav,3.81,data/raw/speech/english/LibriSpeech/dev-clean/1988/24833/1988-24833-0023.flac
data/processed/speech/english/LibriSpeech/dev-clean/1988/24833/1988-24833-0024.wav,5.44,data/raw/speech/english/LibriSpeech/dev-clean/1988/24833/1988-24833-0024.flac
data/processed/speech/english/LibriSpeech/dev-clean/1988/24833/1988-24833-0025.wav,2.27,data/raw/speech/english/LibriSpeech/dev-clean/1988/24833/1988-24833-0025.flac
data/processed/speech/english/LibriSpeech/dev-clean/1988/24833/1988-24833-0026.wav,1.57,data/raw/speech/english/LibriSpeech/dev-clean/1988/24833/1988-24833-0026.flac
data/processed/speech/english/LibriSpeech/dev-clean/1988/24833/1988-24833-0027.wav,1.82,data/raw/speech/english/LibriSpeech/dev-clean/1988/24833/1988-24833-0027.flac
data/processed/speech/english/LibriSpeech/dev-clean/1988/24833/1988-24833-0028.wav,1.86,data/raw/speech/english/LibriSpeech/dev-clean/1988/24833/1988-24833-0028.flac
data/processed/speech/english/LibriSpeech/dev-clean/1993/147149/1993-147149-0000.wav,5.86,data/raw/speech/english/LibriSpeech/dev-clean/1993/147149/1993-147149-0000.flac
data/processed/speech/english/LibriSpeech/dev-clean/1993/147149/1993-147149-0001.wav,8.74,data/raw/speech/english/LibriSpeech/dev-clean/1993/147149/1993-147149-0001.flac
data/processed/speech/english/LibriSpeech/dev-clean/1993/147149/1993-147149-0002.wav,4.8,data/raw/speech/english/LibriSpeech/dev-clean/1993/147149/1993-147149-0002.flac
data/processed/speech/english/LibriSpeech/dev-clean/1993/147149/1993-147149-0003.wav,13.44,data/raw/speech/english/LibriSpeech/dev-clean/1993/147149/1993-147149-0003.flac
data/processed/speech/english/LibriSpeech/dev-clean/1993/147149/1993-147149-0004.wav,6.46,data/raw/speech/english/LibriSpeech/dev-clean/1993/147149/1993-147149-0004.flac
data/processed/speech/english/LibriSpeech/dev-clean/1993/147149/1993-147149-0005.wav,7.07,data/raw/speech/english/LibriSpeech/dev-clean/1993/147149/1993-147149-0005.flac
data/processed/speech/english/LibriSpeech/dev-clean/1993/147149/1993-147149-0006.wav,26.98,data/raw/speech/english/LibriSpeech/dev-clean/1993/147149/1993-147149-0006.flac
data/processed/speech/english/LibriSpeech/dev-clean/1993/147149/1993-147149-0007.wav,6.98,data/raw/speech/english/LibriSpeech/dev-clean/1993/147149/1993-147149-0007.flac
data/processed/speech/english/LibriSpeech/dev-clean/1993/147149/1993-147149-0008.wav,2.4,data/raw/speech/english/LibriSpeech/dev-clean/1993/147149/1993-147149-0008.flac
data/processed/speech/english/LibriSpeech/dev-clean/1993/147149/1993-147149-0009.wav,16.77,data/raw/speech/english/LibriSpeech/dev-clean/1993/147149/1993-147149-0009.flac
data/processed/speech/english/LibriSpeech/dev-clean/1993/147149/1993-147149-0010.wav,2.37,data/raw/speech/english/LibriSpeech/dev-clean/1993/147149/1993-147149-0010.flac
data/processed/speech/english/LibriSpeech/dev-clean/1993/147149/1993-147149-0011.wav,2.37,data/raw/speech/english/LibriSpeech/dev-clean/1993/147149/1993-147149-0011.flac
data/processed/speech/english/LibriSpeech/dev-clean/1993/147149/1993-147149-0012.wav,4.54,data/raw/speech/english/LibriSpeech/dev-clean/1993/147149/1993-147149-0012.flac
data/processed/speech/english/LibriSpeech/dev-clean/1993/147149/1993-147149-0013.wav,4.22,data/raw/speech/english/LibriSpeech/dev-clean/1993/147149/1993-147149-0013.flac
data/processed/speech/english/LibriSpeech/dev-clean/1993/147149/1993-147149-0014.wav,2.3,data/raw/speech/english/LibriSpeech/dev-clean/1993/147149/1993-147149-0014.flac
data/processed/speech/english/LibriSpeech/dev-clean/1993/147149/1993-147149-0015.wav,7.49,data/raw/speech/english/LibriSpeech/dev-clean/1993/147149/1993-147149-0015.flac
data/processed/speech/english/LibriSpeech/dev-clean/1993/147149/1993-147149-0016.wav,4.96,data/raw/speech/english/LibriSpeech/dev-clean/1993/147149/1993-147149-0016.flac
data/processed/speech/english/LibriSpeech/dev-clean/1993/147149/1993-147149-0017.wav,2.91,data/raw/speech/english/LibriSpeech/dev-clean/1993/147149/1993-147149-0017.flac
data/processed/speech/english/LibriSpeech/dev-clean/1993/147149/1993-147149-0018.wav,12.54,data/raw/speech/english/LibriSpeech/dev-clean/1993/147149/1993-147149-0018.flac
data/processed/speech/english/LibriSpeech/dev-clean/1993/147149/1993-147149-0019.wav,5.82,data/raw/speech/english/LibriSpeech/dev-clean/1993/147149/1993-147149-0019.flac
data/processed/speech/english/LibriSpeech/dev-clean/1993/147149/1993-147149-0020.wav,15.84,data/raw/speech/english/LibriSpeech/dev-clean/1993/147149/1993-147149-0020.flac
data/processed/speech/english/LibriSpeech/dev-clean/1993/147149/1993-147149-0021.wav,9.5,data/raw/speech/english/LibriSpeech/dev-clean/1993/147149/1993-147149-0021.flac
data/processed/speech/english/LibriSpeech/dev-clean/1993/147149/1993-147149-0022.wav,15.74,data/raw/speech/english/LibriSpeech/dev-clean/1993/147149/1993-147149-0022.flac
data/processed/speech/english/LibriSpeech/dev-clean/1993/147149/1993-147149-0023.wav,9.7,data/raw/speech/english/LibriSpeech/dev-clean/1993/147149/1993-147149-0023.flac
data/processed/speech/english/LibriSpeech/dev-clean/1993/147149/1993-147149-0024.wav,10.69,data/raw/speech/english/LibriSpeech/dev-clean/1993/147149/1993-147149-0024.flac
data/processed/speech/english/LibriSpeech/dev-clean/1993/147149/1993-147149-0025.wav,8.74,data/raw/speech/english/LibriSpeech/dev-clean/1993/147149/1993-147149-0025.flac
data/processed/speech/english/LibriSpeech/dev-clean/1993/147149/1993-147149-0026.wav,1.7,data/raw/speech/english/LibriSpeech/dev-clean/1993/147149/1993-147149-0026.flac
data/processed/speech/english/LibriSpeech/dev-clean/1993/147149/1993-147149-0027.wav,16.45,data/raw/speech/english/LibriSpeech/dev-clean/1993/147149/1993-147149-0027.flac
data/processed/speech/english/LibriSpeech/dev-clean/1993/147149/1993-147149-0028.wav,9.15,data/raw/speech/english/LibriSpeech/dev-clean/1993/147149/1993-147149-0028.flac
data/processed/speech/english/LibriSpeech/dev-clean/1993/147149/1993-147149-0029.wav,10.69,data/raw/speech/english/LibriSpeech/dev-clean/1993/147149/1993-147149-0029.flac
data/processed/speech/english/LibriSpeech/dev-clean/1993/147149/1993-147149-0030.wav,14.85,data/raw/speech/english/LibriSpeech/dev-clean/1993/147149/1993-147149-0030.flac
data/processed/speech/english/LibriSpeech/dev-clean/1993/147964/1993-147964-0000.wav,7.58,data/raw/speech/english/LibriSpeech/dev-clean/1993/147964/1993-147964-0000.flac
data/processed/speech/english/LibriSpeech/dev-clean/1993/147964/1993-147964-0001.wav,3.78,data/raw/speech/english/LibriSpeech/dev-clean/1993/147964/1993-147964-0001.flac
data/processed/speech/english/LibriSpeech/dev-clean/1993/147964/1993-147964-0002.wav,5.6,data/raw/speech/english/LibriSpeech/dev-clean/1993/147964/1993-147964-0002.flac
data/processed/speech/english/LibriSpeech/dev-clean/1993/147964/1993-147964-0003.wav,3.94,data/raw/speech/english/LibriSpeech/dev-clean/1993/147964/1993-147964-0003.flac
data/processed/speech/english/LibriSpeech/dev-clean/1993/147964/1993-147964-0004.wav,6.53,data/raw/speech/english/LibriSpeech/dev-clean/1993/147964/1993-147964-0004.flac
data/processed/speech/english/LibriSpeech/dev-clean/1993/147964/1993-147964-0005.wav,9.5,data/raw/speech/english/LibriSpeech/dev-clean/1993/147964/1993-147964-0005.flac
data/processed/speech/english/LibriSpeech/dev-clean/1993/147964/1993-147964-0006.wav,2.66,data/raw/speech/english/LibriSpeech/dev-clean/1993/147964/1993-147964-0006.flac
data/processed/speech/english/LibriSpeech/dev-clean/1993/147964/1993-147964-0007.wav,5.98,data/raw/speech/english/LibriSpeech/dev-clean/1993/147964/1993-147964-0007.flac
data/processed/speech/english/LibriSpeech/dev-clean/1993/147964/1993-147964-0008.wav,6.11,data/raw/speech/english/LibriSpeech/dev-clean/1993/147964/1993-147964-0008.flac
data/processed/speech/english/LibriSpeech/dev-clean/1993/147964/1993-147964-0009.wav,8.48,data/raw/speech/english/LibriSpeech/dev-clean/1993/147964/1993-147964-0009.flac
data/processed/speech/english/LibriSpeech/dev-clean/1993/147964/1993-147964-0010.wav,19.55,data/raw/speech/english/LibriSpeech/dev-clean/1993/147964/1993-147964-0010.flac
data/processed/speech/english/LibriSpeech/dev-clean/1993/147965/1993-147965-0000.wav,3.62,data/raw/speech/english/LibriSpeech/dev-clean/1993/147965/1993-147965-0000.flac
data/processed/speech/english/LibriSpeech/dev-clean/1993/147965/1993-147965-0001.wav,1.92,data/raw/speech/english/LibriSpeech/dev-clean/1993/147965/1993-147965-0001.flac
data/processed/speech/english/LibriSpeech/dev-clean/1993/147965/1993-147965-0002.wav,8.29,data/raw/speech/english/LibriSpeech/dev-clean/1993/147965/1993-147965-0002.flac
data/processed/speech/english/LibriSpeech/dev-clean/1993/147965/1993-147965-0003.wav,6.62,data/raw/speech/english/LibriSpeech/dev-clean/1993/147965/1993-147965-0003.flac
data/processed/speech/english/LibriSpeech/dev-clean/1993/147965/1993-147965-0004.wav,1.98,data/raw/speech/english/LibriSpeech/dev-clean/1993/147965/1993-147965-0004.flac
data/processed/speech/english/LibriSpeech/dev-clean/1993/147965/1993-147965-0005.wav,7.68,data/raw/speech/english/LibriSpeech/dev-clean/1993/147965/1993-147965-0005.flac
data/processed/speech/english/LibriSpeech/dev-clean/1993/147965/1993-147965-0006.wav,7.9,data/raw/speech/english/LibriSpeech/dev-clean/1993/147965/1993-147965-0006.flac
data/processed/speech/english/LibriSpeech/dev-clean/1993/147965/1993-147965-0007.wav,6.72,data/raw/speech/english/LibriSpeech/dev-clean/1993/147965/1993-147965-0007.flac
data/processed/speech/english/LibriSpeech/dev-clean/1993/147965/1993-147965-0008.wav,4.32,data/raw/speech/english/LibriSpeech/dev-clean/1993/147965/1993-147965-0008.flac
data/processed/speech/english/LibriSpeech/dev-clean/1993/147966/1993-147966-0000.wav,10.24,data/raw/speech/english/LibriSpeech/dev-clean/1993/147966/1993-147966-0000.flac
data/processed/speech/english/LibriSpeech/dev-clean/1993/147966/1993-147966-0001.wav,11.74,data/raw/speech/english/LibriSpeech/dev-clean/1993/147966/1993-147966-0001.flac
data/processed/speech/english/LibriSpeech/dev-clean/1993/147966/1993-147966-0002.wav,3.3,data/raw/speech/english/LibriSpeech/dev-clean/1993/147966/1993-147966-0002.flac
data/processed/speech/english/LibriSpeech/dev-clean/1993/147966/1993-147966-0003.wav,1.73,data/raw/speech/english/LibriSpeech/dev-clean/1993/147966/1993-147966-0003.flac
data/processed/speech/english/LibriSpeech/dev-clean/1993/147966/1993-147966-0004.wav,4.06,data/raw/speech/english/LibriSpeech/dev-clean/1993/147966/1993-147966-0004.flac
data/processed/speech/english/LibriSpeech/dev-clean/1993/147966/1993-147966-0005.wav,2.85,data/raw/speech/english/LibriSpeech/dev-clean/1993/147966/1993-147966-0005.flac
data/processed/speech/english/LibriSpeech/dev-clean/1993/147966/1993-147966-0006.wav,2.72,data/raw/speech/english/LibriSpeech/dev-clean/1993/147966/1993-147966-0006.flac
data/processed/speech/english/LibriSpeech/dev-clean/2035/147960/2035-147960-0000.wav,8.26,data/raw/speech/english/LibriSpeech/dev-clean/2035/147960/2035-147960-0000.flac
data/processed/speech/english/LibriSpeech/dev-clean/2035/147960/2035-147960-0001.wav,3.01,data/raw/speech/english/LibriSpeech/dev-clean/2035/147960/2035-147960-0001.flac
data/processed/speech/english/LibriSpeech/dev-clean/2035/147960/2035-147960-0002.wav,7.87,data/raw/speech/english/LibriSpeech/dev-clean/2035/147960/2035-147960-0002.flac
data/processed/speech/english/LibriSpeech/dev-clean/2035/147960/2035-147960-0003.wav,4.8,data/raw/speech/english/LibriSpeech/dev-clean/2035/147960/2035-147960-0003.flac
data/processed/speech/english/LibriSpeech/dev-clean/2035/147960/2035-147960-0004.wav,3.14,data/raw/speech/english/LibriSpeech/dev-clean/2035/147960/2035-147960-0004.flac
data/processed/speech/english/LibriSpeech/dev-clean/2035/147960/2035-147960-0005.wav,5.79,data/raw/speech/english/LibriSpeech/dev-clean/2035/147960/2035-147960-0005.flac
data/processed/speech/english/LibriSpeech/dev-clean/2035/147960/2035-147960-0006.wav,2.46,data/raw/speech/english/LibriSpeech/dev-clean/2035/147960/2035-147960-0006.flac
data/processed/speech/english/LibriSpeech/dev-clean/2035/147960/2035-147960-0007.wav,3.81,data/raw/speech/english/LibriSpeech/dev-clean/2035/147960/2035-147960-0007.flac
data/processed/speech/english/LibriSpeech/dev-clean/2035/147960/2035-147960-0008.wav,5.31,data/raw/speech/english/LibriSpeech/dev-clean/2035/147960/2035-147960-0008.flac
data/processed/speech/english/LibriSpeech/dev-clean/2035/147960/2035-147960-0009.wav,2.46,data/raw/speech/english/LibriSpeech/dev-clean/2035/147960/2035-147960-0009.flac
data/processed/speech/english/LibriSpeech/dev-clean/2035/147960/2035-147960-0010.wav,8.54,data/raw/speech/english/LibriSpeech/dev-clean/2035/147960/2035-147960-0010.flac
data/processed/speech/english/LibriSpeech/dev-clean/2035/147960/2035-147960-0011.wav,3.3,data/raw/speech/english/LibriSpeech/dev-clean/2035/147960/2035-147960-0011.flac
data/processed/speech/english/LibriSpeech/dev-clean/2035/147960/2035-147960-0012.wav,3.3,data/raw/speech/english/LibriSpeech/dev-clean/2035/147960/2035-147960-0012.flac
data/processed/speech/english/LibriSpeech/dev-clean/2035/147960/2035-147960-0013.wav,1.79,data/raw/speech/english/LibriSpeech/dev-clean/2035/147960/2035-147960-0013.flac
data/processed/speech/english/LibriSpeech/dev-clean/2035/147960/2035-147960-0014.wav,3.68,data/raw/speech/english/LibriSpeech/dev-clean/2035/147960/2035-147960-0014.flac
data/processed/speech/english/LibriSpeech/dev-clean/2035/147960/2035-147960-0015.wav,1.02,data/raw/speech/english/LibriSpeech/dev-clean/2035/147960/2035-147960-0015.flac
data/processed/speech/english/LibriSpeech/dev-clean/2035/147960/2035-147960-0016.wav,4.03,data/raw/speech/english/LibriSpeech/dev-clean/2035/147960/2035-147960-0016.flac
data/processed/speech/english/LibriSpeech/dev-clean/2035/147961/2035-147961-0000.wav,14.08,data/raw/speech/english/LibriSpeech/dev-clean/2035/147961/2035-147961-0000.flac
data/processed/speech/english/LibriSpeech/dev-clean/2035/147961/2035-147961-0001.wav,3.52,data/raw/speech/english/LibriSpeech/dev-clean/2035/147961/2035-147961-0001.flac
data/processed/speech/english/LibriSpeech/dev-clean/2035/147961/2035-147961-0002.wav,5.89,data/raw/speech/english/LibriSpeech/dev-clean/2035/147961/2035-147961-0002.flac
data/processed/speech/english/LibriSpeech/dev-clean/2035/147961/2035-147961-0003.wav,1.76,data/raw/speech/english/LibriSpeech/dev-clean/2035/147961/2035-147961-0003.flac
data/processed/speech/english/LibriSpeech/dev-clean/2035/147961/2035-147961-0004.wav,5.09,data/raw/speech/english/LibriSpeech/dev-clean/2035/147961/2035-147961-0004.flac
data/processed/speech/english/LibriSpeech/dev-clean/2035/147961/2035-147961-0005.wav,8.35,data/raw/speech/english/LibriSpeech/dev-clean/2035/147961/2035-147961-0005.flac
data/processed/speech/english/LibriSpeech/dev-clean/2035/147961/2035-147961-0006.wav,2.02,data/raw/speech/english/LibriSpeech/dev-clean/2035/147961/2035-147961-0006.flac
data/processed/speech/english/LibriSpeech/dev-clean/2035/147961/2035-147961-0007.wav,2.27,data/raw/speech/english/LibriSpeech/dev-clean/2035/147961/2035-147961-0007.flac
data/processed/speech/english/LibriSpeech/dev-clean/2035/147961/2035-147961-0008.wav,3.55,data/raw/speech/english/LibriSpeech/dev-clean/2035/147961/2035-147961-0008.flac
data/processed/speech/english/LibriSpeech/dev-clean/2035/147961/2035-147961-0009.wav,2.14,data/raw/speech/english/LibriSpeech/dev-clean/2035/147961/2035-147961-0009.flac
data/processed/speech/english/LibriSpeech/dev-clean/2035/147961/2035-147961-0010.wav,2.5,data/raw/speech/english/LibriSpeech/dev-clean/2035/147961/2035-147961-0010.flac
data/processed/speech/english/LibriSpeech/dev-clean/2035/147961/2035-147961-0011.wav,4.99,data/raw/speech/english/LibriSpeech/dev-clean/2035/147961/2035-147961-0011.flac
data/processed/speech/english/LibriSpeech/dev-clean/2035/147961/2035-147961-0012.wav,3.04,data/raw/speech/english/LibriSpeech/dev-clean/2035/147961/2035-147961-0012.flac
data/processed/speech/english/LibriSpeech/dev-clean/2035/147961/2035-147961-0013.wav,4.13,data/raw/speech/english/LibriSpeech/dev-clean/2035/147961/2035-147961-0013.flac
data/processed/speech/english/LibriSpeech/dev-clean/2035/147961/2035-147961-0014.wav,2.98,data/raw/speech/english/LibriSpeech/dev-clean/2035/147961/2035-147961-0014.flac
data/processed/speech/english/LibriSpeech/dev-clean/2035/147961/2035-147961-0015.wav,1.76,data/raw/speech/english/LibriSpeech/dev-clean/2035/147961/2035-147961-0015.flac
data/processed/speech/english/LibriSpeech/dev-clean/2035/147961/2035-147961-0016.wav,2.56,data/raw/speech/english/LibriSpeech/dev-clean/2035/147961/2035-147961-0016.flac
data/processed/speech/english/LibriSpeech/dev-clean/2035/147961/2035-147961-0017.wav,1.5,data/raw/speech/english/LibriSpeech/dev-clean/2035/147961/2035-147961-0017.flac
data/processed/speech/english/LibriSpeech/dev-clean/2035/147961/2035-147961-0018.wav,4.64,data/raw/speech/english/LibriSpeech/dev-clean/2035/147961/2035-147961-0018.flac
data/processed/speech/english/LibriSpeech/dev-clean/2035/147961/2035-147961-0019.wav,4.0,data/raw/speech/english/LibriSpeech/dev-clean/2035/147961/2035-147961-0019.flac
data/processed/speech/english/LibriSpeech/dev-clean/2035/147961/2035-147961-0020.wav,3.01,data/raw/speech/english/LibriSpeech/dev-clean/2035/147961/2035-147961-0020.flac
data/processed/speech/english/LibriSpeech/dev-clean/2035/147961/2035-147961-0021.wav,9.76,data/raw/speech/english/LibriSpeech/dev-clean/2035/147961/2035-147961-0021.flac
data/processed/speech/english/LibriSpeech/dev-clean/2035/147961/2035-147961-0022.wav,2.46,data/raw/speech/english/LibriSpeech/dev-clean/2035/147961/2035-147961-0022.flac
data/processed/speech/english/LibriSpeech/dev-clean/2035/147961/2035-147961-0023.wav,3.74,data/raw/speech/english/LibriSpeech/dev-clean/2035/147961/2035-147961-0023.flac
data/processed/speech/english/LibriSpeech/dev-clean/2035/147961/2035-147961-0024.wav,2.82,data/raw/speech/english/LibriSpeech/dev-clean/2035/147961/2035-147961-0024.flac
data/processed/speech/english/LibriSpeech/dev-clean/2035/147961/2035-147961-0025.wav,4.42,data/raw/speech/english/LibriSpeech/dev-clean/2035/147961/2035-147961-0025.flac
data/processed/speech/english/LibriSpeech/dev-clean/2035/147961/2035-147961-0026.wav,2.14,data/raw/speech/english/LibriSpeech/dev-clean/2035/147961/2035-147961-0026.flac
data/processed/speech/english/LibriSpeech/dev-clean/2035/147961/2035-147961-0027.wav,1.98,data/raw/speech/english/LibriSpeech/dev-clean/2035/147961/2035-147961-0027.flac
data/processed/speech/english/LibriSpeech/dev-clean/2035/147961/2035-147961-0028.wav,1.57,data/raw/speech/english/LibriSpeech/dev-clean/2035/147961/2035-147961-0028.flac
data/processed/speech/english/LibriSpeech/dev-clean/2035/147961/2035-147961-0029.wav,2.91,data/raw/speech/english/LibriSpeech/dev-clean/2035/147961/2035-147961-0029.flac
data/processed/speech/english/LibriSpeech/dev-clean/2035/147961/2035-147961-0030.wav,3.2,data/raw/speech/english/LibriSpeech/dev-clean/2035/147961/2035-147961-0030.flac
data/processed/speech/english/LibriSpeech/dev-clean/2035/147961/2035-147961-0031.wav,2.62,data/raw/speech/english/LibriSpeech/dev-clean/2035/147961/2035-147961-0031.flac
data/processed/speech/english/LibriSpeech/dev-clean/2035/147961/2035-147961-0032.wav,12.7,data/raw/speech/english/LibriSpeech/dev-clean/2035/147961/2035-147961-0032.flac
data/processed/speech/english/LibriSpeech/dev-clean/2035/147961/2035-147961-0033.wav,1.5,data/raw/speech/english/LibriSpeech/dev-clean/2035/147961/2035-147961-0033.flac
data/processed/speech/english/LibriSpeech/dev-clean/2035/147961/2035-147961-0034.wav,2.14,data/raw/speech/english/LibriSpeech/dev-clean/2035/147961/2035-147961-0034.flac
data/processed/speech/english/LibriSpeech/dev-clean/2035/147961/2035-147961-0035.wav,4.86,data/raw/speech/english/LibriSpeech/dev-clean/2035/147961/2035-147961-0035.flac
data/processed/speech/english/LibriSpeech/dev-clean/2035/147961/2035-147961-0036.wav,3.65,data/raw/speech/english/LibriSpeech/dev-clean/2035/147961/2035-147961-0036.flac
data/processed/speech/english/LibriSpeech/dev-clean/2035/147961/2035-147961-0037.wav,3.9,data/raw/speech/english/LibriSpeech/dev-clean/2035/147961/2035-147961-0037.flac
data/processed/speech/english/LibriSpeech/dev-clean/2035/147961/2035-147961-0038.wav,3.84,data/raw/speech/english/LibriSpeech/dev-clean/2035/147961/2035-147961-0038.flac
data/processed/speech/english/LibriSpeech/dev-clean/2035/147961/2035-147961-0039.wav,4.54,data/raw/speech/english/LibriSpeech/dev-clean/2035/147961/2035-147961-0039.flac
data/processed/speech/english/LibriSpeech/dev-clean/2035/147961/2035-147961-0040.wav,3.94,data/raw/speech/english/LibriSpeech/dev-clean/2035/147961/2035-147961-0040.flac
data/processed/speech/english/LibriSpeech/dev-clean/2035/152373/2035-152373-0000.wav,6.66,data/raw/speech/english/LibriSpeech/dev-clean/2035/152373/2035-152373-0000.flac
data/processed/speech/english/LibriSpeech/dev-clean/2035/152373/2035-152373-0001.wav,15.62,data/raw/speech/english/LibriSpeech/dev-clean/2035/152373/2035-152373-0001.flac
data/processed/speech/english/LibriSpeech/dev-clean/2035/152373/2035-152373-0002.wav,8.35,data/raw/speech/english/LibriSpeech/dev-clean/2035/152373/2035-152373-0002.flac
data/processed/speech/english/LibriSpeech/dev-clean/2035/152373/2035-152373-0003.wav,5.47,data/raw/speech/english/LibriSpeech/dev-clean/2035/152373/2035-152373-0003.flac
data/processed/speech/english/LibriSpeech/dev-clean/2035/152373/2035-152373-0004.wav,6.3,data/raw/speech/english/LibriSpeech/dev-clean/2035/152373/2035-152373-0004.flac
data/processed/speech/english/LibriSpeech/dev-clean/2035/152373/2035-152373-0005.wav,23.01,data/raw/speech/english/LibriSpeech/dev-clean/2035/152373/2035-152373-0005.flac
data/processed/speech/english/LibriSpeech/dev-clean/2035/152373/2035-152373-0006.wav,6.3,data/raw/speech/english/LibriSpeech/dev-clean/2035/152373/2035-152373-0006.flac
data/processed/speech/english/LibriSpeech/dev-clean/2035/152373/2035-152373-0007.wav,11.84,data/raw/speech/english/LibriSpeech/dev-clean/2035/152373/2035-152373-0007.flac
data/processed/speech/english/LibriSpeech/dev-clean/2035/152373/2035-152373-0008.wav,5.7,data/raw/speech/english/LibriSpeech/dev-clean/2035/152373/2035-152373-0008.flac
data/processed/speech/english/LibriSpeech/dev-clean/2035/152373/2035-152373-0009.wav,16.22,data/raw/speech/english/LibriSpeech/dev-clean/2035/152373/2035-152373-0009.flac
data/processed/speech/english/LibriSpeech/dev-clean/2035/152373/2035-152373-0010.wav,6.59,data/raw/speech/english/LibriSpeech/dev-clean/2035/152373/2035-152373-0010.flac
data/processed/speech/english/LibriSpeech/dev-clean/2035/152373/2035-152373-0011.wav,9.44,data/raw/speech/english/LibriSpeech/dev-clean/2035/152373/2035-152373-0011.flac
data/processed/speech/english/LibriSpeech/dev-clean/2035/152373/2035-152373-0012.wav,9.22,data/raw/speech/english/LibriSpeech/dev-clean/2035/152373/2035-152373-0012.flac
data/processed/speech/english/LibriSpeech/dev-clean/2035/152373/2035-152373-0013.wav,19.42,data/raw/speech/english/LibriSpeech/dev-clean/2035/152373/2035-152373-0013.flac
data/processed/speech/english/LibriSpeech/dev-clean/2035/152373/2035-152373-0014.wav,6.21,data/raw/speech/english/LibriSpeech/dev-clean/2035/152373/2035-152373-0014.flac
data/processed/speech/english/LibriSpeech/dev-clean/2035/152373/2035-152373-0015.wav,7.26,data/raw/speech/english/LibriSpeech/dev-clean/2035/152373/2035-152373-0015.flac
data/processed/speech/english/LibriSpeech/dev-clean/2035/152373/2035-152373-0016.wav,5.6,data/raw/speech/english/LibriSpeech/dev-clean/2035/152373/2035-152373-0016.flac
data/processed/speech/english/LibriSpeech/dev-clean/2035/152373/2035-152373-0017.wav,6.69,data/raw/speech/english/LibriSpeech/dev-clean/2035/152373/2035-152373-0017.flac
data/processed/speech/english/LibriSpeech/dev-clean/2035/152373/2035-152373-0018.wav,5.09,data/raw/speech/english/LibriSpeech/dev-clean/2035/152373/2035-152373-0018.flac
data/processed/speech/english/LibriSpeech/dev-clean/2078/142845/2078-142845-0000.wav,1.44,data/raw/speech/english/LibriSpeech/dev-clean/2078/142845/2078-142845-0000.flac
data/processed/speech/english/LibriSpeech/dev-clean/2078/142845/2078-142845-0001.wav,1.63,data/raw/speech/english/LibriSpeech/dev-clean/2078/142845/2078-142845-0001.flac
data/processed/speech/english/LibriSpeech/dev-clean/2078/142845/2078-142845-0002.wav,1.98,data/raw/speech/english/LibriSpeech/dev-clean/2078/142845/2078-142845-0002.flac
data/processed/speech/english/LibriSpeech/dev-clean/2078/142845/2078-142845-0003.wav,1.6,data/raw/speech/english/LibriSpeech/dev-clean/2078/142845/2078-142845-0003.flac
data/processed/speech/english/LibriSpeech/dev-clean/2078/142845/2078-142845-0004.wav,22.27,data/raw/speech/english/LibriSpeech/dev-clean/2078/142845/2078-142845-0004.flac
data/processed/speech/english/LibriSpeech/dev-clean/2078/142845/2078-142845-0005.wav,30.56,data/raw/speech/english/LibriSpeech/dev-clean/2078/142845/2078-142845-0005.flac
data/processed/speech/english/LibriSpeech/dev-clean/2078/142845/2078-142845-0006.wav,13.95,data/raw/speech/english/LibriSpeech/dev-clean/2078/142845/2078-142845-0006.flac
data/processed/speech/english/LibriSpeech/dev-clean/2078/142845/2078-142845-0007.wav,19.97,data/raw/speech/english/LibriSpeech/dev-clean/2078/142845/2078-142845-0007.flac
data/processed/speech/english/LibriSpeech/dev-clean/2078/142845/2078-142845-0008.wav,18.72,data/raw/speech/english/LibriSpeech/dev-clean/2078/142845/2078-142845-0008.flac
data/processed/speech/english/LibriSpeech/dev-clean/2078/142845/2078-142845-0009.wav,2.53,data/raw/speech/english/LibriSpeech/dev-clean/2078/142845/2078-142845-0009.flac
data/processed/speech/english/LibriSpeech/dev-clean/2078/142845/2078-142845-0010.wav,13.7,data/raw/speech/english/LibriSpeech/dev-clean/2078/142845/2078-142845-0010.flac
data/processed/speech/english/LibriSpeech/dev-clean/2078/142845/2078-142845-0011.wav,3.84,data/raw/speech/english/LibriSpeech/dev-clean/2078/142845/2078-142845-0011.flac
data/processed/speech/english/LibriSpeech/dev-clean/2078/142845/2078-142845-0012.wav,13.18,data/raw/speech/english/LibriSpeech/dev-clean/2078/142845/2078-142845-0012.flac
data/processed/speech/english/LibriSpeech/dev-clean/2078/142845/2078-142845-0013.wav,9.79,data/raw/speech/english/LibriSpeech/dev-clean/2078/142845/2078-142845-0013.flac
data/processed/speech/english/LibriSpeech/dev-clean/2078/142845/2078-142845-0014.wav,7.94,data/raw/speech/english/LibriSpeech/dev-clean/2078/142845/2078-142845-0014.flac
data/processed/speech/english/LibriSpeech/dev-clean/2078/142845/2078-142845-0015.wav,9.66,data/raw/speech/english/LibriSpeech/dev-clean/2078/142845/2078-142845-0015.flac
data/processed/speech/english/LibriSpeech/dev-clean/2078/142845/2078-142845-0016.wav,2.75,data/raw/speech/english/LibriSpeech/dev-clean/2078/142845/2078-142845-0016.flac
data/processed/speech/english/LibriSpeech/dev-clean/2078/142845/2078-142845-0017.wav,5.73,data/raw/speech/english/LibriSpeech/dev-clean/2078/142845/2078-142845-0017.flac
data/processed/speech/english/LibriSpeech/dev-clean/2078/142845/2078-142845-0018.wav,4.64,data/raw/speech/english/LibriSpeech/dev-clean/2078/142845/2078-142845-0018.flac
data/processed/speech/english/LibriSpeech/dev-clean/2078/142845/2078-142845-0019.wav,8.45,data/raw/speech/english/LibriSpeech/dev-clean/2078/142845/2078-142845-0019.flac
data/processed/speech/english/LibriSpeech/dev-clean/2078/142845/2078-142845-0020.wav,8.83,data/raw/speech/english/LibriSpeech/dev-clean/2078/142845/2078-142845-0020.flac
data/processed/speech/english/LibriSpeech/dev-clean/2078/142845/2078-142845-0021.wav,5.34,data/raw/speech/english/LibriSpeech/dev-clean/2078/142845/2078-142845-0021.flac
data/processed/speech/english/LibriSpeech/dev-clean/2078/142845/2078-142845-0022.wav,1.47,data/raw/speech/english/LibriSpeech/dev-clean/2078/142845/2078-142845-0022.flac
data/processed/speech/english/LibriSpeech/dev-clean/2078/142845/2078-142845-0023.wav,0.93,data/raw/speech/english/LibriSpeech/dev-clean/2078/142845/2078-142845-0023.flac
data/processed/speech/english/LibriSpeech/dev-clean/2078/142845/2078-142845-0024.wav,1.54,data/raw/speech/english/LibriSpeech/dev-clean/2078/142845/2078-142845-0024.flac
data/processed/speech/english/LibriSpeech/dev-clean/2078/142845/2078-142845-0025.wav,28.1,data/raw/speech/english/LibriSpeech/dev-clean/2078/142845/2078-142845-0025.flac
data/processed/speech/english/LibriSpeech/dev-clean/2078/142845/2078-142845-0026.wav,1.7,data/raw/speech/english/LibriSpeech/dev-clean/2078/142845/2078-142845-0026.flac
data/processed/speech/english/LibriSpeech/dev-clean/2078/142845/2078-142845-0027.wav,8.03,data/raw/speech/english/LibriSpeech/dev-clean/2078/142845/2078-142845-0027.flac
data/processed/speech/english/LibriSpeech/dev-clean/2078/142845/2078-142845-0028.wav,10.88,data/raw/speech/english/LibriSpeech/dev-clean/2078/142845/2078-142845-0028.flac
data/processed/speech/english/LibriSpeech/dev-clean/2078/142845/2078-142845-0029.wav,3.94,data/raw/speech/english/LibriSpeech/dev-clean/2078/142845/2078-142845-0029.flac
data/processed/speech/english/LibriSpeech/dev-clean/2078/142845/2078-142845-0030.wav,11.26,data/raw/speech/english/LibriSpeech/dev-clean/2078/142845/2078-142845-0030.flac
data/processed/speech/english/LibriSpeech/dev-clean/2078/142845/2078-142845-0031.wav,15.81,data/raw/speech/english/LibriSpeech/dev-clean/2078/142845/2078-142845-0031.flac
data/processed/speech/english/LibriSpeech/dev-clean/2078/142845/2078-142845-0032.wav,12.26,data/raw/speech/english/LibriSpeech/dev-clean/2078/142845/2078-142845-0032.flac
data/processed/speech/english/LibriSpeech/dev-clean/2078/142845/2078-142845-0033.wav,10.72,data/raw/speech/english/LibriSpeech/dev-clean/2078/142845/2078-142845-0033.flac
data/processed/speech/english/LibriSpeech/dev-clean/2078/142845/2078-142845-0034.wav,8.86,data/raw/speech/english/LibriSpeech/dev-clean/2078/142845/2078-142845-0034.flac
data/processed/speech/english/LibriSpeech/dev-clean/2078/142845/2078-142845-0035.wav,3.65,data/raw/speech/english/LibriSpeech/dev-clean/2078/142845/2078-142845-0035.flac
data/processed/speech/english/LibriSpeech/dev-clean/2078/142845/2078-142845-0036.wav,3.07,data/raw/speech/english/LibriSpeech/dev-clean/2078/142845/2078-142845-0036.flac
data/processed/speech/english/LibriSpeech/dev-clean/2078/142845/2078-142845-0037.wav,15.55,data/raw/speech/english/LibriSpeech/dev-clean/2078/142845/2078-142845-0037.flac
data/processed/speech/english/LibriSpeech/dev-clean/2078/142845/2078-142845-0038.wav,4.49,data/raw/speech/english/LibriSpeech/dev-clean/2078/142845/2078-142845-0038.flac
data/processed/speech/english/LibriSpeech/dev-clean/2078/142845/2078-142845-0039.wav,20.48,data/raw/speech/english/LibriSpeech/dev-clean/2078/142845/2078-142845-0039.flac
data/processed/speech/english/LibriSpeech/dev-clean/2078/142845/2078-142845-0040.wav,6.37,data/raw/speech/english/LibriSpeech/dev-clean/2078/142845/2078-142845-0040.flac
data/processed/speech/english/LibriSpeech/dev-clean/2078/142845/2078-142845-0041.wav,1.98,data/raw/speech/english/LibriSpeech/dev-clean/2078/142845/2078-142845-0041.flac
data/processed/speech/english/LibriSpeech/dev-clean/2078/142845/2078-142845-0042.wav,3.36,data/raw/speech/english/LibriSpeech/dev-clean/2078/142845/2078-142845-0042.flac
data/processed/speech/english/LibriSpeech/dev-clean/2078/142845/2078-142845-0043.wav,20.26,data/raw/speech/english/LibriSpeech/dev-clean/2078/142845/2078-142845-0043.flac
data/processed/speech/english/LibriSpeech/dev-clean/2078/142845/2078-142845-0044.wav,1.5,data/raw/speech/english/LibriSpeech/dev-clean/2078/142845/2078-142845-0044.flac
data/processed/speech/english/LibriSpeech/dev-clean/2078/142845/2078-142845-0045.wav,6.3,data/raw/speech/english/LibriSpeech/dev-clean/2078/142845/2078-142845-0045.flac
data/processed/speech/english/LibriSpeech/dev-clean/2078/142845/2078-142845-0046.wav,4.64,data/raw/speech/english/LibriSpeech/dev-clean/2078/142845/2078-142845-0046.flac
data/processed/speech/english/LibriSpeech/dev-clean/2078/142845/2078-142845-0047.wav,10.53,data/raw/speech/english/LibriSpeech/dev-clean/2078/142845/2078-142845-0047.flac
data/processed/speech/english/LibriSpeech/dev-clean/2078/142845/2078-142845-0048.wav,1.6,data/raw/speech/english/LibriSpeech/dev-clean/2078/142845/2078-142845-0048.flac
data/processed/speech/english/LibriSpeech/dev-clean/2078/142845/2078-142845-0049.wav,1.98,data/raw/speech/english/LibriSpeech/dev-clean/2078/142845/2078-142845-0049.flac
data/processed/speech/english/LibriSpeech/dev-clean/2078/142845/2078-142845-0050.wav,6.82,data/raw/speech/english/LibriSpeech/dev-clean/2078/142845/2078-142845-0050.flac
data/processed/speech/english/LibriSpeech/dev-clean/2078/142845/2078-142845-0051.wav,9.5,data/raw/speech/english/LibriSpeech/dev-clean/2078/142845/2078-142845-0051.flac
data/processed/speech/english/LibriSpeech/dev-clean/2086/149214/2086-149214-0000.wav,8.83,data/raw/speech/english/LibriSpeech/dev-clean/2086/149214/2086-149214-0000.flac
data/processed/speech/english/LibriSpeech/dev-clean/2086/149214/2086-149214-0001.wav,5.98,data/raw/speech/english/LibriSpeech/dev-clean/2086/149214/2086-149214-0001.flac
data/processed/speech/english/LibriSpeech/dev-clean/2086/149214/2086-149214-0002.wav,15.78,data/raw/speech/english/LibriSpeech/dev-clean/2086/149214/2086-149214-0002.flac
data/processed/speech/english/LibriSpeech/dev-clean/2086/149214/2086-149214-0003.wav,8.26,data/raw/speech/english/LibriSpeech/dev-clean/2086/149214/2086-149214-0003.flac
data/processed/speech/english/LibriSpeech/dev-clean/2086/149214/2086-149214-0004.wav,14.18,data/raw/speech/english/LibriSpeech/dev-clean/2086/149214/2086-149214-0004.flac
data/processed/speech/english/LibriSpeech/dev-clean/2086/149220/2086-149220-0000.wav,11.26,data/raw/speech/english/LibriSpeech/dev-clean/2086/149220/2086-149220-0000.flac
data/processed/speech/english/LibriSpeech/dev-clean/2086/149220/2086-149220-0001.wav,18.5,data/raw/speech/english/LibriSpeech/dev-clean/2086/149220/2086-149220-0001.flac
data/processed/speech/english/LibriSpeech/dev-clean/2086/149220/2086-149220-0002.wav,14.98,data/raw/speech/english/LibriSpeech/dev-clean/2086/149220/2086-149220-0002.flac
data/processed/speech/english/LibriSpeech/dev-clean/2086/149220/2086-149220-0003.wav,21.63,data/raw/speech/english/LibriSpeech/dev-clean/2086/149220/2086-149220-0003.flac
data/processed/speech/english/LibriSpeech/dev-clean/2086/149220/2086-149220-0004.wav,6.18,data/raw/speech/english/LibriSpeech/dev-clean/2086/149220/2086-149220-0004.flac
data/processed/speech/english/LibriSpeech/dev-clean/2086/149220/2086-149220-0005.wav,8.0,data/raw/speech/english/LibriSpeech/dev-clean/2086/149220/2086-149220-0005.flac
data/processed/speech/english/LibriSpeech/dev-clean/2086/149220/2086-149220-0006.wav,9.28,data/raw/speech/english/LibriSpeech/dev-clean/2086/149220/2086-149220-0006.flac
data/processed/speech/english/LibriSpeech/dev-clean/2086/149220/2086-149220-0007.wav,4.16,data/raw/speech/english/LibriSpeech/dev-clean/2086/149220/2086-149220-0007.flac
data/processed/speech/english/LibriSpeech/dev-clean/2086/149220/2086-149220-0008.wav,7.84,data/raw/speech/english/LibriSpeech/dev-clean/2086/149220/2086-149220-0008.flac
data/processed/speech/english/LibriSpeech/dev-clean/2086/149220/2086-149220-0009.wav,9.6,data/raw/speech/english/LibriSpeech/dev-clean/2086/149220/2086-149220-0009.flac
data/processed/speech/english/LibriSpeech/dev-clean/2086/149220/2086-149220-0010.wav,12.83,data/raw/speech/english/LibriSpeech/dev-clean/2086/149220/2086-149220-0010.flac
data/processed/speech/english/LibriSpeech/dev-clean/2086/149220/2086-149220-0011.wav,18.24,data/raw/speech/english/LibriSpeech/dev-clean/2086/149220/2086-149220-0011.flac
data/processed/speech/english/LibriSpeech/dev-clean/2086/149220/2086-149220-0012.wav,14.18,data/raw/speech/english/LibriSpeech/dev-clean/2086/149220/2086-149220-0012.flac
data/processed/speech/english/LibriSpeech/dev-clean/2086/149220/2086-149220-0013.wav,16.26,data/raw/speech/english/LibriSpeech/dev-clean/2086/149220/2086-149220-0013.flac
data/processed/speech/english/LibriSpeech/dev-clean/2086/149220/2086-149220-0014.wav,8.51,data/raw/speech/english/LibriSpeech/dev-clean/2086/149220/2086-149220-0014.flac
data/processed/speech/english/LibriSpeech/dev-clean/2086/149220/2086-149220-0015.wav,7.23,data/raw/speech/english/LibriSpeech/dev-clean/2086/149220/2086-149220-0015.flac
data/processed/speech/english/LibriSpeech/dev-clean/2086/149220/2086-149220-0016.wav,6.46,data/raw/speech/english/LibriSpeech/dev-clean/2086/149220/2086-149220-0016.flac
data/processed/speech/english/LibriSpeech/dev-clean/2086/149220/2086-149220-0017.wav,7.84,data/raw/speech/english/LibriSpeech/dev-clean/2086/149220/2086-149220-0017.flac
data/processed/speech/english/LibriSpeech/dev-clean/2086/149220/2086-149220-0018.wav,5.89,data/raw/speech/english/LibriSpeech/dev-clean/2086/149220/2086-149220-0018.flac
data/processed/speech/english/LibriSpeech/dev-clean/2086/149220/2086-149220-0019.wav,12.19,data/raw/speech/english/LibriSpeech/dev-clean/2086/149220/2086-149220-0019.flac
data/processed/speech/english/LibriSpeech/dev-clean/2086/149220/2086-149220-0020.wav,1.95,data/raw/speech/english/LibriSpeech/dev-clean/2086/149220/2086-149220-0020.flac
data/processed/speech/english/LibriSpeech/dev-clean/2086/149220/2086-149220-0021.wav,2.46,data/raw/speech/english/LibriSpeech/dev-clean/2086/149220/2086-149220-0021.flac
data/processed/speech/english/LibriSpeech/dev-clean/2086/149220/2086-149220-0022.wav,8.29,data/raw/speech/english/LibriSpeech/dev-clean/2086/149220/2086-149220-0022.flac
data/processed/speech/english/LibriSpeech/dev-clean/2086/149220/2086-149220-0023.wav,6.5,data/raw/speech/english/LibriSpeech/dev-clean/2086/149220/2086-149220-0023.flac
data/processed/speech/english/LibriSpeech/dev-clean/2086/149220/2086-149220-0024.wav,2.88,data/raw/speech/english/LibriSpeech/dev-clean/2086/149220/2086-149220-0024.flac
data/processed/speech/english/LibriSpeech/dev-clean/2086/149220/2086-149220-0025.wav,9.22,data/raw/speech/english/LibriSpeech/dev-clean/2086/149220/2086-149220-0025.flac
data/processed/speech/english/LibriSpeech/dev-clean/2086/149220/2086-149220-0026.wav,3.71,data/raw/speech/english/LibriSpeech/dev-clean/2086/149220/2086-149220-0026.flac
data/processed/speech/english/LibriSpeech/dev-clean/2086/149220/2086-149220-0027.wav,3.07,data/raw/speech/english/LibriSpeech/dev-clean/2086/149220/2086-149220-0027.flac
data/processed/speech/english/LibriSpeech/dev-clean/2086/149220/2086-149220-0028.wav,1.95,data/raw/speech/english/LibriSpeech/dev-clean/2086/149220/2086-149220-0028.flac
data/processed/speech/english/LibriSpeech/dev-clean/2086/149220/2086-149220-0029.wav,4.38,data/raw/speech/english/LibriSpeech/dev-clean/2086/149220/2086-149220-0029.flac
data/processed/speech/english/LibriSpeech/dev-clean/2086/149220/2086-149220-0030.wav,7.01,data/raw/speech/english/LibriSpeech/dev-clean/2086/149220/2086-149220-0030.flac
data/processed/speech/english/LibriSpeech/dev-clean/2086/149220/2086-149220-0031.wav,7.62,data/raw/speech/english/LibriSpeech/dev-clean/2086/149220/2086-149220-0031.flac
data/processed/speech/english/LibriSpeech/dev-clean/2086/149220/2086-149220-0032.wav,2.75,data/raw/speech/english/LibriSpeech/dev-clean/2086/149220/2086-149220-0032.flac
data/processed/speech/english/LibriSpeech/dev-clean/2086/149220/2086-149220-0033.wav,6.5,data/raw/speech/english/LibriSpeech/dev-clean/2086/149220/2086-149220-0033.flac
data/processed/speech/english/LibriSpeech/dev-clean/2086/149220/2086-149220-0034.wav,4.8,data/raw/speech/english/LibriSpeech/dev-clean/2086/149220/2086-149220-0034.flac
data/processed/speech/english/LibriSpeech/dev-clean/2086/149220/2086-149220-0035.wav,9.12,data/raw/speech/english/LibriSpeech/dev-clean/2086/149220/2086-149220-0035.flac
data/processed/speech/english/LibriSpeech/dev-clean/2086/149220/2086-149220-0036.wav,5.47,data/raw/speech/english/LibriSpeech/dev-clean/2086/149220/2086-149220-0036.flac
data/processed/speech/english/LibriSpeech/dev-clean/2086/149220/2086-149220-0037.wav,4.0,data/raw/speech/english/LibriSpeech/dev-clean/2086/149220/2086-149220-0037.flac
data/processed/speech/english/LibriSpeech/dev-clean/2086/149220/2086-149220-0038.wav,3.04,data/raw/speech/english/LibriSpeech/dev-clean/2086/149220/2086-149220-0038.flac
data/processed/speech/english/LibriSpeech/dev-clean/2086/149220/2086-149220-0039.wav,1.44,data/raw/speech/english/LibriSpeech/dev-clean/2086/149220/2086-149220-0039.flac
data/processed/speech/english/LibriSpeech/dev-clean/2086/149220/2086-149220-0040.wav,5.57,data/raw/speech/english/LibriSpeech/dev-clean/2086/149220/2086-149220-0040.flac
data/processed/speech/english/LibriSpeech/dev-clean/2086/149220/2086-149220-0041.wav,13.89,data/raw/speech/english/LibriSpeech/dev-clean/2086/149220/2086-149220-0041.flac
data/processed/speech/english/LibriSpeech/dev-clean/2086/149220/2086-149220-0042.wav,2.34,data/raw/speech/english/LibriSpeech/dev-clean/2086/149220/2086-149220-0042.flac
data/processed/speech/english/LibriSpeech/dev-clean/2086/149220/2086-149220-0043.wav,1.73,data/raw/speech/english/LibriSpeech/dev-clean/2086/149220/2086-149220-0043.flac
data/processed/speech/english/LibriSpeech/dev-clean/2086/149220/2086-149220-0044.wav,3.1,data/raw/speech/english/LibriSpeech/dev-clean/2086/149220/2086-149220-0044.flac
data/processed/speech/english/LibriSpeech/dev-clean/2086/149220/2086-149220-0045.wav,3.49,data/raw/speech/english/LibriSpeech/dev-clean/2086/149220/2086-149220-0045.flac
data/processed/speech/english/LibriSpeech/dev-clean/2086/149220/2086-149220-0046.wav,2.53,data/raw/speech/english/LibriSpeech/dev-clean/2086/149220/2086-149220-0046.flac
data/processed/speech/english/LibriSpeech/dev-clean/2086/149220/2086-149220-0047.wav,2.82,data/raw/speech/english/LibriSpeech/dev-clean/2086/149220/2086-149220-0047.flac
data/processed/speech/english/LibriSpeech/dev-clean/2086/149220/2086-149220-0048.wav,10.27,data/raw/speech/english/LibriSpeech/dev-clean/2086/149220/2086-149220-0048.flac
data/processed/speech/english/LibriSpeech/dev-clean/2086/149220/2086-149220-0049.wav,10.72,data/raw/speech/english/LibriSpeech/dev-clean/2086/149220/2086-149220-0049.flac
data/processed/speech/english/LibriSpeech/dev-clean/2277/149874/2277-149874-0000.wav,14.59,data/raw/speech/english/LibriSpeech/dev-clean/2277/149874/2277-149874-0000.flac
data/processed/speech/english/LibriSpeech/dev-clean/2277/149874/2277-149874-0001.wav,6.34,data/raw/speech/english/LibriSpeech/dev-clean/2277/149874/2277-149874-0001.flac
data/processed/speech/english/LibriSpeech/dev-clean/2277/149874/2277-149874-0002.wav,4.16,data/raw/speech/english/LibriSpeech/dev-clean/2277/149874/2277-149874-0002.flac
data/processed/speech/english/LibriSpeech/dev-clean/2277/149874/2277-149874-0003.wav,6.98,data/raw/speech/english/LibriSpeech/dev-clean/2277/149874/2277-149874-0003.flac
data/processed/speech/english/LibriSpeech/dev-clean/2277/149874/2277-149874-0004.wav,2.43,data/raw/speech/english/LibriSpeech/dev-clean/2277/149874/2277-149874-0004.flac
data/processed/speech/english/LibriSpeech/dev-clean/2277/149874/2277-149874-0005.wav,5.54,data/raw/speech/english/LibriSpeech/dev-clean/2277/149874/2277-149874-0005.flac
data/processed/speech/english/LibriSpeech/dev-clean/2277/149874/2277-149874-0006.wav,2.34,data/raw/speech/english/LibriSpeech/dev-clean/2277/149874/2277-149874-0006.flac
data/processed/speech/english/LibriSpeech/dev-clean/2277/149874/2277-149874-0007.wav,3.87,data/raw/speech/english/LibriSpeech/dev-clean/2277/149874/2277-149874-0007.flac
data/processed/speech/english/LibriSpeech/dev-clean/2277/149874/2277-149874-0008.wav,4.51,data/raw/speech/english/LibriSpeech/dev-clean/2277/149874/2277-149874-0008.flac
data/processed/speech/english/LibriSpeech/dev-clean/2277/149874/2277-149874-0009.wav,2.94,data/raw/speech/english/LibriSpeech/dev-clean/2277/149874/2277-149874-0009.flac
data/processed/speech/english/LibriSpeech/dev-clean/2277/149874/2277-149874-0010.wav,6.5,data/raw/speech/english/LibriSpeech/dev-clean/2277/149874/2277-149874-0010.flac
data/processed/speech/english/LibriSpeech/dev-clean/2277/149874/2277-149874-0011.wav,1.73,data/raw/speech/english/LibriSpeech/dev-clean/2277/149874/2277-149874-0011.flac
data/processed/speech/english/LibriSpeech/dev-clean/2277/149874/2277-149874-0012.wav,4.13,data/raw/speech/english/LibriSpeech/dev-clean/2277/149874/2277-149874-0012.flac
data/processed/speech/english/LibriSpeech/dev-clean/2277/149874/2277-149874-0013.wav,2.62,data/raw/speech/english/LibriSpeech/dev-clean/2277/149874/2277-149874-0013.flac
data/processed/speech/english/LibriSpeech/dev-clean/2277/149874/2277-149874-0014.wav,7.97,data/raw/speech/english/LibriSpeech/dev-clean/2277/149874/2277-149874-0014.flac
data/processed/speech/english/LibriSpeech/dev-clean/2277/149874/2277-149874-0015.wav,4.29,data/raw/speech/english/LibriSpeech/dev-clean/2277/149874/2277-149874-0015.flac
data/processed/speech/english/LibriSpeech/dev-clean/2277/149874/2277-149874-0016.wav,4.74,data/raw/speech/english/LibriSpeech/dev-clean/2277/149874/2277-149874-0016.flac
data/processed/speech/english/LibriSpeech/dev-clean/2277/149874/2277-149874-0017.wav,2.88,data/raw/speech/english/LibriSpeech/dev-clean/2277/149874/2277-149874-0017.flac
data/processed/speech/english/LibriSpeech/dev-clean/2277/149874/2277-149874-0018.wav,4.42,data/raw/speech/english/LibriSpeech/dev-clean/2277/149874/2277-149874-0018.flac
data/processed/speech/english/LibriSpeech/dev-clean/2277/149874/2277-149874-0019.wav,7.55,data/raw/speech/english/LibriSpeech/dev-clean/2277/149874/2277-149874-0019.flac
data/processed/speech/english/LibriSpeech/dev-clean/2277/149874/2277-149874-0020.wav,6.82,data/raw/speech/english/LibriSpeech/dev-clean/2277/149874/2277-149874-0020.flac
data/processed/speech/english/LibriSpeech/dev-clean/2277/149874/2277-149874-0021.wav,2.27,data/raw/speech/english/LibriSpeech/dev-clean/2277/149874/2277-149874-0021.flac
data/processed/speech/english/LibriSpeech/dev-clean/2277/149896/2277-149896-0000.wav,5.89,data/raw/speech/english/LibriSpeech/dev-clean/2277/149896/2277-149896-0000.flac
data/processed/speech/english/LibriSpeech/dev-clean/2277/149896/2277-149896-0001.wav,6.43,data/raw/speech/english/LibriSpeech/dev-clean/2277/149896/2277-149896-0001.flac
data/processed/speech/english/LibriSpeech/dev-clean/2277/149896/2277-149896-0002.wav,3.84,data/raw/speech/english/LibriSpeech/dev-clean/2277/149896/2277-149896-0002.flac
data/processed/speech/english/LibriSpeech/dev-clean/2277/149896/2277-149896-0003.wav,2.11,data/raw/speech/english/LibriSpeech/dev-clean/2277/149896/2277-149896-0003.flac
data/processed/speech/english/LibriSpeech/dev-clean/2277/149896/2277-149896-0004.wav,1.47,data/raw/speech/english/LibriSpeech/dev-clean/2277/149896/2277-149896-0004.flac
data/processed/speech/english/LibriSpeech/dev-clean/2277/149896/2277-149896-0005.wav,4.61,data/raw/speech/english/LibriSpeech/dev-clean/2277/149896/2277-149896-0005.flac
data/processed/speech/english/LibriSpeech/dev-clean/2277/149896/2277-149896-0006.wav,4.22,data/raw/speech/english/LibriSpeech/dev-clean/2277/149896/2277-149896-0006.flac
data/processed/speech/english/LibriSpeech/dev-clean/2277/149896/2277-149896-0007.wav,4.77,data/raw/speech/english/LibriSpeech/dev-clean/2277/149896/2277-149896-0007.flac
data/processed/speech/english/LibriSpeech/dev-clean/2277/149896/2277-149896-0008.wav,6.37,data/raw/speech/english/LibriSpeech/dev-clean/2277/149896/2277-149896-0008.flac
data/processed/speech/english/LibriSpeech/dev-clean/2277/149896/2277-149896-0009.wav,5.12,data/raw/speech/english/LibriSpeech/dev-clean/2277/149896/2277-149896-0009.flac
data/processed/speech/english/LibriSpeech/dev-clean/2277/149896/2277-149896-0010.wav,4.7,data/raw/speech/english/LibriSpeech/dev-clean/2277/149896/2277-149896-0010.flac
data/processed/speech/english/LibriSpeech/dev-clean/2277/149896/2277-149896-0011.wav,3.94,data/raw/speech/english/LibriSpeech/dev-clean/2277/149896/2277-149896-0011.flac
data/processed/speech/english/LibriSpeech/dev-clean/2277/149896/2277-149896-0012.wav,1.98,data/raw/speech/english/LibriSpeech/dev-clean/2277/149896/2277-149896-0012.flac
data/processed/speech/english/LibriSpeech/dev-clean/2277/149896/2277-149896-0013.wav,5.22,data/raw/speech/english/LibriSpeech/dev-clean/2277/149896/2277-149896-0013.flac
data/processed/speech/english/LibriSpeech/dev-clean/2277/149896/2277-149896-0014.wav,3.42,data/raw/speech/english/LibriSpeech/dev-clean/2277/149896/2277-149896-0014.flac
data/processed/speech/english/LibriSpeech/dev-clean/2277/149896/2277-149896-0015.wav,3.04,data/raw/speech/english/LibriSpeech/dev-clean/2277/149896/2277-149896-0015.flac
data/processed/speech/english/LibriSpeech/dev-clean/2277/149896/2277-149896-0016.wav,2.21,data/raw/speech/english/LibriSpeech/dev-clean/2277/149896/2277-149896-0016.flac
data/processed/speech/english/LibriSpeech/dev-clean/2277/149896/2277-149896-0017.wav,4.32,data/raw/speech/english/LibriSpeech/dev-clean/2277/149896/2277-149896-0017.flac
data/processed/speech/english/LibriSpeech/dev-clean/2277/149896/2277-149896-0018.wav,3.84,data/raw/speech/english/LibriSpeech/dev-clean/2277/149896/2277-149896-0018.flac
data/processed/speech/english/LibriSpeech/dev-clean/2277/149896/2277-149896-0019.wav,3.04,data/raw/speech/english/LibriSpeech/dev-clean/2277/149896/2277-149896-0019.flac
data/processed/speech/english/LibriSpeech/dev-clean/2277/149896/2277-149896-0020.wav,4.61,data/raw/speech/english/LibriSpeech/dev-clean/2277/149896/2277-149896-0020.flac
data/processed/speech/english/LibriSpeech/dev-clean/2277/149896/2277-149896-0021.wav,2.69,data/raw/speech/english/LibriSpeech/dev-clean/2277/149896/2277-149896-0021.flac
data/processed/speech/english/LibriSpeech/dev-clean/2277/149896/2277-149896-0022.wav,2.62,data/raw/speech/english/LibriSpeech/dev-clean/2277/149896/2277-149896-0022.flac
data/processed/speech/english/LibriSpeech/dev-clean/2277/149896/2277-149896-0023.wav,3.42,data/raw/speech/english/LibriSpeech/dev-clean/2277/149896/2277-149896-0023.flac
data/processed/speech/english/LibriSpeech/dev-clean/2277/149896/2277-149896-0024.wav,3.9,data/raw/speech/english/LibriSpeech/dev-clean/2277/149896/2277-149896-0024.flac
data/processed/speech/english/LibriSpeech/dev-clean/2277/149896/2277-149896-0025.wav,2.66,data/raw/speech/english/LibriSpeech/dev-clean/2277/149896/2277-149896-0025.flac
data/processed/speech/english/LibriSpeech/dev-clean/2277/149896/2277-149896-0026.wav,4.38,data/raw/speech/english/LibriSpeech/dev-clean/2277/149896/2277-149896-0026.flac
data/processed/speech/english/LibriSpeech/dev-clean/2277/149896/2277-149896-0027.wav,3.17,data/raw/speech/english/LibriSpeech/dev-clean/2277/149896/2277-149896-0027.flac
data/processed/speech/english/LibriSpeech/dev-clean/2277/149896/2277-149896-0028.wav,2.21,data/raw/speech/english/LibriSpeech/dev-clean/2277/149896/2277-149896-0028.flac
data/processed/speech/english/LibriSpeech/dev-clean/2277/149896/2277-149896-0029.wav,1.89,data/raw/speech/english/LibriSpeech/dev-clean/2277/149896/2277-149896-0029.flac
data/processed/speech/english/LibriSpeech/dev-clean/2277/149896/2277-149896-0030.wav,5.86,data/raw/speech/english/LibriSpeech/dev-clean/2277/149896/2277-149896-0030.flac
data/processed/speech/english/LibriSpeech/dev-clean/2277/149896/2277-149896-0031.wav,3.17,data/raw/speech/english/LibriSpeech/dev-clean/2277/149896/2277-149896-0031.flac
data/processed/speech/english/LibriSpeech/dev-clean/2277/149896/2277-149896-0032.wav,10.08,data/raw/speech/english/LibriSpeech/dev-clean/2277/149896/2277-149896-0032.flac
data/processed/speech/english/LibriSpeech/dev-clean/2277/149896/2277-149896-0033.wav,2.21,data/raw/speech/english/LibriSpeech/dev-clean/2277/149896/2277-149896-0033.flac
data/processed/speech/english/LibriSpeech/dev-clean/2277/149896/2277-149896-0034.wav,3.36,data/raw/speech/english/LibriSpeech/dev-clean/2277/149896/2277-149896-0034.flac
data/processed/speech/english/LibriSpeech/dev-clean/2277/149897/2277-149897-0000.wav,3.68,data/raw/speech/english/LibriSpeech/dev-clean/2277/149897/2277-149897-0000.flac
data/processed/speech/english/LibriSpeech/dev-clean/2277/149897/2277-149897-0001.wav,2.21,data/raw/speech/english/LibriSpeech/dev-clean/2277/149897/2277-149897-0001.flac
data/processed/speech/english/LibriSpeech/dev-clean/2277/149897/2277-149897-0002.wav,5.95,data/raw/speech/english/LibriSpeech/dev-clean/2277/149897/2277-149897-0002.flac
data/processed/speech/english/LibriSpeech/dev-clean/2277/149897/2277-149897-0003.wav,4.35,data/raw/speech/english/LibriSpeech/dev-clean/2277/149897/2277-149897-0003.flac
data/processed/speech/english/LibriSpeech/dev-clean/2277/149897/2277-149897-0004.wav,5.06,data/raw/speech/english/LibriSpeech/dev-clean/2277/149897/2277-149897-0004.flac
data/processed/speech/english/LibriSpeech/dev-clean/2277/149897/2277-149897-0005.wav,10.59,data/raw/speech/english/LibriSpeech/dev-clean/2277/149897/2277-149897-0005.flac
data/processed/speech/english/LibriSpeech/dev-clean/2277/149897/2277-149897-0006.wav,2.37,data/raw/speech/english/LibriSpeech/dev-clean/2277/149897/2277-149897-0006.flac
data/processed/speech/english/LibriSpeech/dev-clean/2277/149897/2277-149897-0007.wav,6.94,data/raw/speech/english/LibriSpeech/dev-clean/2277/149897/2277-149897-0007.flac
data/processed/speech/english/LibriSpeech/dev-clean/2277/149897/2277-149897-0008.wav,1.92,data/raw/speech/english/LibriSpeech/dev-clean/2277/149897/2277-149897-0008.flac
data/processed/speech/english/LibriSpeech/dev-clean/2277/149897/2277-149897-0009.wav,2.85,data/raw/speech/english/LibriSpeech/dev-clean/2277/149897/2277-149897-0009.flac
data/processed/speech/english/LibriSpeech/dev-clean/2277/149897/2277-149897-0010.wav,2.88,data/raw/speech/english/LibriSpeech/dev-clean/2277/149897/2277-149897-0010.flac
data/processed/speech/english/LibriSpeech/dev-clean/2277/149897/2277-149897-0011.wav,2.34,data/raw/speech/english/LibriSpeech/dev-clean/2277/149897/2277-149897-0011.flac
data/processed/speech/english/LibriSpeech/dev-clean/2277/149897/2277-149897-0012.wav,2.3,data/raw/speech/english/LibriSpeech/dev-clean/2277/149897/2277-149897-0012.flac
data/processed/speech/english/LibriSpeech/dev-clean/2277/149897/2277-149897-0013.wav,3.62,data/raw/speech/english/LibriSpeech/dev-clean/2277/149897/2277-149897-0013.flac
data/processed/speech/english/LibriSpeech/dev-clean/2277/149897/2277-149897-0014.wav,4.0,data/raw/speech/english/LibriSpeech/dev-clean/2277/149897/2277-149897-0014.flac
data/processed/speech/english/LibriSpeech/dev-clean/2277/149897/2277-149897-0015.wav,2.21,data/raw/speech/english/LibriSpeech/dev-clean/2277/149897/2277-149897-0015.flac
data/processed/speech/english/LibriSpeech/dev-clean/2277/149897/2277-149897-0016.wav,5.63,data/raw/speech/english/LibriSpeech/dev-clean/2277/149897/2277-149897-0016.flac
data/processed/speech/english/LibriSpeech/dev-clean/2277/149897/2277-149897-0017.wav,6.37,data/raw/speech/english/LibriSpeech/dev-clean/2277/149897/2277-149897-0017.flac
data/processed/speech/english/LibriSpeech/dev-clean/2277/149897/2277-149897-0018.wav,6.05,data/raw/speech/english/LibriSpeech/dev-clean/2277/149897/2277-149897-0018.flac
data/processed/speech/english/LibriSpeech/dev-clean/2277/149897/2277-149897-0019.wav,4.03,data/raw/speech/english/LibriSpeech/dev-clean/2277/149897/2277-149897-0019.flac
data/processed/speech/english/LibriSpeech/dev-clean/2277/149897/2277-149897-0020.wav,3.94,data/raw/speech/english/LibriSpeech/dev-clean/2277/149897/2277-149897-0020.flac
data/processed/speech/english/LibriSpeech/dev-clean/2277/149897/2277-149897-0021.wav,4.1,data/raw/speech/english/LibriSpeech/dev-clean/2277/149897/2277-149897-0021.flac
data/processed/speech/english/LibriSpeech/dev-clean/2277/149897/2277-149897-0022.wav,9.54,data/raw/speech/english/LibriSpeech/dev-clean/2277/149897/2277-149897-0022.flac
data/processed/speech/english/LibriSpeech/dev-clean/2277/149897/2277-149897-0023.wav,2.53,data/raw/speech/english/LibriSpeech/dev-clean/2277/149897/2277-149897-0023.flac
data/processed/speech/english/LibriSpeech/dev-clean/2277/149897/2277-149897-0024.wav,2.46,data/raw/speech/english/LibriSpeech/dev-clean/2277/149897/2277-149897-0024.flac
data/processed/speech/english/LibriSpeech/dev-clean/2277/149897/2277-149897-0025.wav,3.78,data/raw/speech/english/LibriSpeech/dev-clean/2277/149897/2277-149897-0025.flac
data/processed/speech/english/LibriSpeech/dev-clean/2277/149897/2277-149897-0026.wav,6.18,data/raw/speech/english/LibriSpeech/dev-clean/2277/149897/2277-149897-0026.flac
data/processed/speech/english/LibriSpeech/dev-clean/2277/149897/2277-149897-0027.wav,2.91,data/raw/speech/english/LibriSpeech/dev-clean/2277/149897/2277-149897-0027.flac
data/processed/speech/english/LibriSpeech/dev-clean/2277/149897/2277-149897-0028.wav,3.14,data/raw/speech/english/LibriSpeech/dev-clean/2277/149897/2277-149897-0028.flac
data/processed/speech/english/LibriSpeech/dev-clean/2277/149897/2277-149897-0029.wav,7.2,data/raw/speech/english/LibriSpeech/dev-clean/2277/149897/2277-149897-0029.flac
data/processed/speech/english/LibriSpeech/dev-clean/2277/149897/2277-149897-0030.wav,1.76,data/raw/speech/english/LibriSpeech/dev-clean/2277/149897/2277-149897-0030.flac
data/processed/speech/english/LibriSpeech/dev-clean/2277/149897/2277-149897-0031.wav,3.81,data/raw/speech/english/LibriSpeech/dev-clean/2277/149897/2277-149897-0031.flac
data/processed/speech/english/LibriSpeech/dev-clean/2277/149897/2277-149897-0032.wav,7.97,data/raw/speech/english/LibriSpeech/dev-clean/2277/149897/2277-149897-0032.flac
data/processed/speech/english/LibriSpeech/dev-clean/2277/149897/2277-149897-0033.wav,4.48,data/raw/speech/english/LibriSpeech/dev-clean/2277/149897/2277-149897-0033.flac
data/processed/speech/english/LibriSpeech/dev-clean/2277/149897/2277-149897-0034.wav,11.62,data/raw/speech/english/LibriSpeech/dev-clean/2277/149897/2277-149897-0034.flac
data/processed/speech/english/LibriSpeech/dev-clean/2277/149897/2277-149897-0035.wav,3.04,data/raw/speech/english/LibriSpeech/dev-clean/2277/149897/2277-149897-0035.flac
data/processed/speech/english/LibriSpeech/dev-clean/2277/149897/2277-149897-0036.wav,3.42,data/raw/speech/english/LibriSpeech/dev-clean/2277/149897/2277-149897-0036.flac
data/processed/speech/english/LibriSpeech/dev-clean/2277/149897/2277-149897-0037.wav,2.5,data/raw/speech/english/LibriSpeech/dev-clean/2277/149897/2277-149897-0037.flac
data/processed/speech/english/LibriSpeech/dev-clean/2412/153947/2412-153947-0000.wav,1.54,data/raw/speech/english/LibriSpeech/dev-clean/2412/153947/2412-153947-0000.flac
data/processed/speech/english/LibriSpeech/dev-clean/2412/153947/2412-153947-0001.wav,2.34,data/raw/speech/english/LibriSpeech/dev-clean/2412/153947/2412-153947-0001.flac
data/processed/speech/english/LibriSpeech/dev-clean/2412/153947/2412-153947-0002.wav,5.66,data/raw/speech/english/LibriSpeech/dev-clean/2412/153947/2412-153947-0002.flac
data/processed/speech/english/LibriSpeech/dev-clean/2412/153947/2412-153947-0003.wav,8.61,data/raw/speech/english/LibriSpeech/dev-clean/2412/153947/2412-153947-0003.flac
data/processed/speech/english/LibriSpeech/dev-clean/2412/153947/2412-153947-0004.wav,7.81,data/raw/speech/english/LibriSpeech/dev-clean/2412/153947/2412-153947-0004.flac
data/processed/speech/english/LibriSpeech/dev-clean/2412/153947/2412-153947-0005.wav,12.51,data/raw/speech/english/LibriSpeech/dev-clean/2412/153947/2412-153947-0005.flac
data/processed/speech/english/LibriSpeech/dev-clean/2412/153947/2412-153947-0006.wav,10.62,data/raw/speech/english/LibriSpeech/dev-clean/2412/153947/2412-153947-0006.flac
data/processed/speech/english/LibriSpeech/dev-clean/2412/153947/2412-153947-0007.wav,7.71,data/raw/speech/english/LibriSpeech/dev-clean/2412/153947/2412-153947-0007.flac
data/processed/speech/english/LibriSpeech/dev-clean/2412/153947/2412-153947-0008.wav,10.14,data/raw/speech/english/LibriSpeech/dev-clean/2412/153947/2412-153947-0008.flac
data/processed/speech/english/LibriSpeech/dev-clean/2412/153947/2412-153947-0009.wav,7.58,data/raw/speech/english/LibriSpeech/dev-clean/2412/153947/2412-153947-0009.flac
data/processed/speech/english/LibriSpeech/dev-clean/2412/153947/2412-153947-0010.wav,16.13,data/raw/speech/english/LibriSpeech/dev-clean/2412/153947/2412-153947-0010.flac
data/processed/speech/english/LibriSpeech/dev-clean/2412/153947/2412-153947-0011.wav,9.31,data/raw/speech/english/LibriSpeech/dev-clean/2412/153947/2412-153947-0011.flac
data/processed/speech/english/LibriSpeech/dev-clean/2412/153947/2412-153947-0012.wav,1.22,data/raw/speech/english/LibriSpeech/dev-clean/2412/153947/2412-153947-0012.flac
data/processed/speech/english/LibriSpeech/dev-clean/2412/153947/2412-153947-0013.wav,7.49,data/raw/speech/english/LibriSpeech/dev-clean/2412/153947/2412-153947-0013.flac
data/processed/speech/english/LibriSpeech/dev-clean/2412/153947/2412-153947-0014.wav,12.0,data/raw/speech/english/LibriSpeech/dev-clean/2412/153947/2412-153947-0014.flac
data/processed/speech/english/LibriSpeech/dev-clean/2412/153947/2412-153947-0015.wav,10.68,data/raw/speech/english/LibriSpeech/dev-clean/2412/153947/2412-153947-0015.flac
data/processed/speech/english/LibriSpeech/dev-clean/2412/153947/2412-153947-0016.wav,4.26,data/raw/speech/english/LibriSpeech/dev-clean/2412/153947/2412-153947-0016.flac
data/processed/speech/english/LibriSpeech/dev-clean/2412/153948/2412-153948-0000.wav,10.5,data/raw/speech/english/LibriSpeech/dev-clean/2412/153948/2412-153948-0000.flac
data/processed/speech/english/LibriSpeech/dev-clean/2412/153948/2412-153948-0001.wav,9.47,data/raw/speech/english/LibriSpeech/dev-clean/2412/153948/2412-153948-0001.flac
data/processed/speech/english/LibriSpeech/dev-clean/2412/153948/2412-153948-0002.wav,2.72,data/raw/speech/english/LibriSpeech/dev-clean/2412/153948/2412-153948-0002.flac
data/processed/speech/english/LibriSpeech/dev-clean/2412/153948/2412-153948-0003.wav,7.42,data/raw/speech/english/LibriSpeech/dev-clean/2412/153948/2412-153948-0003.flac
data/processed/speech/english/LibriSpeech/dev-clean/2412/153948/2412-153948-0004.wav,21.76,data/raw/speech/english/LibriSpeech/dev-clean/2412/153948/2412-153948-0004.flac
data/processed/speech/english/LibriSpeech/dev-clean/2412/153948/2412-153948-0005.wav,2.37,data/raw/speech/english/LibriSpeech/dev-clean/2412/153948/2412-153948-0005.flac
data/processed/speech/english/LibriSpeech/dev-clean/2412/153948/2412-153948-0006.wav,15.62,data/raw/speech/english/LibriSpeech/dev-clean/2412/153948/2412-153948-0006.flac
data/processed/speech/english/LibriSpeech/dev-clean/2412/153948/2412-153948-0007.wav,8.35,data/raw/speech/english/LibriSpeech/dev-clean/2412/153948/2412-153948-0007.flac
data/processed/speech/english/LibriSpeech/dev-clean/2412/153948/2412-153948-0008.wav,5.12,data/raw/speech/english/LibriSpeech/dev-clean/2412/153948/2412-153948-0008.flac
data/processed/speech/english/LibriSpeech/dev-clean/2412/153948/2412-153948-0009.wav,5.12,data/raw/speech/english/LibriSpeech/dev-clean/2412/153948/2412-153948-0009.flac
data/processed/speech/english/LibriSpeech/dev-clean/2412/153948/2412-153948-0010.wav,2.4,data/raw/speech/english/LibriSpeech/dev-clean/2412/153948/2412-153948-0010.flac
data/processed/speech/english/LibriSpeech/dev-clean/2412/153948/2412-153948-0011.wav,8.9,data/raw/speech/english/LibriSpeech/dev-clean/2412/153948/2412-153948-0011.flac
data/processed/speech/english/LibriSpeech/dev-clean/2412/153948/2412-153948-0012.wav,5.47,data/raw/speech/english/LibriSpeech/dev-clean/2412/153948/2412-153948-0012.flac
data/processed/speech/english/LibriSpeech/dev-clean/2412/153948/2412-153948-0013.wav,7.49,data/raw/speech/english/LibriSpeech/dev-clean/2412/153948/2412-153948-0013.flac
data/processed/speech/english/LibriSpeech/dev-clean/2412/153948/2412-153948-0014.wav,8.99,data/raw/speech/english/LibriSpeech/dev-clean/2412/153948/2412-153948-0014.flac
data/processed/speech/english/LibriSpeech/dev-clean/2412/153948/2412-153948-0015.wav,2.53,data/raw/speech/english/LibriSpeech/dev-clean/2412/153948/2412-153948-0015.flac
data/processed/speech/english/LibriSpeech/dev-clean/2412/153954/2412-153954-0000.wav,9.31,data/raw/speech/english/LibriSpeech/dev-clean/2412/153954/2412-153954-0000.flac
data/processed/speech/english/LibriSpeech/dev-clean/2412/153954/2412-153954-0001.wav,8.96,data/raw/speech/english/LibriSpeech/dev-clean/2412/153954/2412-153954-0001.flac
data/processed/speech/english/LibriSpeech/dev-clean/2412/153954/2412-153954-0002.wav,3.42,data/raw/speech/english/LibriSpeech/dev-clean/2412/153954/2412-153954-0002.flac
data/processed/speech/english/LibriSpeech/dev-clean/2412/153954/2412-153954-0003.wav,7.23,data/raw/speech/english/LibriSpeech/dev-clean/2412/153954/2412-153954-0003.flac
data/processed/speech/english/LibriSpeech/dev-clean/2412/153954/2412-153954-0004.wav,9.12,data/raw/speech/english/LibriSpeech/dev-clean/2412/153954/2412-153954-0004.flac
data/processed/speech/english/LibriSpeech/dev-clean/2412/153954/2412-153954-0005.wav,5.31,data/raw/speech/english/LibriSpeech/dev-clean/2412/153954/2412-153954-0005.flac
data/processed/speech/english/LibriSpeech/dev-clean/2412/153954/2412-153954-0006.wav,9.18,data/raw/speech/english/LibriSpeech/dev-clean/2412/153954/2412-153954-0006.flac
data/processed/speech/english/LibriSpeech/dev-clean/2412/153954/2412-153954-0007.wav,7.62,data/raw/speech/english/LibriSpeech/dev-clean/2412/153954/2412-153954-0007.flac
data/processed/speech/english/LibriSpeech/dev-clean/2412/153954/2412-153954-0008.wav,1.98,data/raw/speech/english/LibriSpeech/dev-clean/2412/153954/2412-153954-0008.flac
data/processed/speech/english/LibriSpeech/dev-clean/2412/153954/2412-153954-0009.wav,9.79,data/raw/speech/english/LibriSpeech/dev-clean/2412/153954/2412-153954-0009.flac
data/processed/speech/english/LibriSpeech/dev-clean/2412/153954/2412-153954-0010.wav,7.17,data/raw/speech/english/LibriSpeech/dev-clean/2412/153954/2412-153954-0010.flac
data/processed/speech/english/LibriSpeech/dev-clean/2412/153954/2412-153954-0011.wav,4.99,data/raw/speech/english/LibriSpeech/dev-clean/2412/153954/2412-153954-0011.flac
data/processed/speech/english/LibriSpeech/dev-clean/2412/153954/2412-153954-0012.wav,7.17,data/raw/speech/english/LibriSpeech/dev-clean/2412/153954/2412-153954-0012.flac
data/processed/speech/english/LibriSpeech/dev-clean/2412/153954/2412-153954-0013.wav,3.07,data/raw/speech/english/LibriSpeech/dev-clean/2412/153954/2412-153954-0013.flac
data/processed/speech/english/LibriSpeech/dev-clean/2412/153954/2412-153954-0014.wav,16.54,data/raw/speech/english/LibriSpeech/dev-clean/2412/153954/2412-153954-0014.flac
data/processed/speech/english/LibriSpeech/dev-clean/2412/153954/2412-153954-0015.wav,10.34,data/raw/speech/english/LibriSpeech/dev-clean/2412/153954/2412-153954-0015.flac
data/processed/speech/english/LibriSpeech/dev-clean/2412/153954/2412-153954-0016.wav,7.39,data/raw/speech/english/LibriSpeech/dev-clean/2412/153954/2412-153954-0016.flac
data/processed/speech/english/LibriSpeech/dev-clean/2412/153954/2412-153954-0017.wav,6.3,data/raw/speech/english/LibriSpeech/dev-clean/2412/153954/2412-153954-0017.flac
data/processed/speech/english/LibriSpeech/dev-clean/2412/153954/2412-153954-0018.wav,11.2,data/raw/speech/english/LibriSpeech/dev-clean/2412/153954/2412-153954-0018.flac
data/processed/speech/english/LibriSpeech/dev-clean/2412/153954/2412-153954-0019.wav,6.56,data/raw/speech/english/LibriSpeech/dev-clean/2412/153954/2412-153954-0019.flac
data/processed/speech/english/LibriSpeech/dev-clean/2412/153954/2412-153954-0020.wav,6.94,data/raw/speech/english/LibriSpeech/dev-clean/2412/153954/2412-153954-0020.flac
data/processed/speech/english/LibriSpeech/dev-clean/2412/153954/2412-153954-0021.wav,5.02,data/raw/speech/english/LibriSpeech/dev-clean/2412/153954/2412-153954-0021.flac
data/processed/speech/english/LibriSpeech/dev-clean/2412/153954/2412-153954-0022.wav,2.62,data/raw/speech/english/LibriSpeech/dev-clean/2412/153954/2412-153954-0022.flac
data/processed/speech/english/LibriSpeech/dev-clean/2412/153954/2412-153954-0023.wav,1.7,data/raw/speech/english/LibriSpeech/dev-clean/2412/153954/2412-153954-0023.flac
data/processed/speech/english/LibriSpeech/dev-clean/2412/153954/2412-153954-0024.wav,3.07,data/raw/speech/english/LibriSpeech/dev-clean/2412/153954/2412-153954-0024.flac
data/processed/speech/english/LibriSpeech/dev-clean/2428/83699/2428-83699-0000.wav,12.51,data/raw/speech/english/LibriSpeech/dev-clean/2428/83699/2428-83699-0000.flac
data/processed/speech/english/LibriSpeech/dev-clean/2428/83699/2428-83699-0001.wav,1.5,data/raw/speech/english/LibriSpeech/dev-clean/2428/83699/2428-83699-0001.flac
data/processed/speech/english/LibriSpeech/dev-clean/2428/83699/2428-83699-0002.wav,3.81,data/raw/speech/english/LibriSpeech/dev-clean/2428/83699/2428-83699-0002.flac
data/processed/speech/english/LibriSpeech/dev-clean/2428/83699/2428-83699-0003.wav,5.73,data/raw/speech/english/LibriSpeech/dev-clean/2428/83699/2428-83699-0003.flac
data/processed/speech/english/LibriSpeech/dev-clean/2428/83699/2428-83699-0004.wav,1.38,data/raw/speech/english/LibriSpeech/dev-clean/2428/83699/2428-83699-0004.flac
data/processed/speech/english/LibriSpeech/dev-clean/2428/83699/2428-83699-0005.wav,8.51,data/raw/speech/english/LibriSpeech/dev-clean/2428/83699/2428-83699-0005.flac
data/processed/speech/english/LibriSpeech/dev-clean/2428/83699/2428-83699-0006.wav,6.21,data/raw/speech/english/LibriSpeech/dev-clean/2428/83699/2428-83699-0006.flac
data/processed/speech/english/LibriSpeech/dev-clean/2428/83699/2428-83699-0007.wav,5.34,data/raw/speech/english/LibriSpeech/dev-clean/2428/83699/2428-83699-0007.flac
data/processed/speech/english/LibriSpeech/dev-clean/2428/83699/2428-83699-0008.wav,9.6,data/raw/speech/english/LibriSpeech/dev-clean/2428/83699/2428-83699-0008.flac
data/processed/speech/english/LibriSpeech/dev-clean/2428/83699/2428-83699-0009.wav,1.12,data/raw/speech/english/LibriSpeech/dev-clean/2428/83699/2428-83699-0009.flac
data/processed/speech/english/LibriSpeech/dev-clean/2428/83699/2428-83699-0010.wav,2.4,data/raw/speech/english/LibriSpeech/dev-clean/2428/83699/2428-83699-0010.flac
data/processed/speech/english/LibriSpeech/dev-clean/2428/83699/2428-83699-0011.wav,2.05,data/raw/speech/english/LibriSpeech/dev-clean/2428/83699/2428-83699-0011.flac
data/processed/speech/english/LibriSpeech/dev-clean/2428/83699/2428-83699-0012.wav,7.46,data/raw/speech/english/LibriSpeech/dev-clean/2428/83699/2428-83699-0012.flac
data/processed/speech/english/LibriSpeech/dev-clean/2428/83699/2428-83699-0013.wav,2.88,data/raw/speech/english/LibriSpeech/dev-clean/2428/83699/2428-83699-0013.flac
data/processed/speech/english/LibriSpeech/dev-clean/2428/83699/2428-83699-0014.wav,1.47,data/raw/speech/english/LibriSpeech/dev-clean/2428/83699/2428-83699-0014.flac
data/processed/speech/english/LibriSpeech/dev-clean/2428/83699/2428-83699-0015.wav,1.73,data/raw/speech/english/LibriSpeech/dev-clean/2428/83699/2428-83699-0015.flac
data/processed/speech/english/LibriSpeech/dev-clean/2428/83699/2428-83699-0016.wav,7.49,data/raw/speech/english/LibriSpeech/dev-clean/2428/83699/2428-83699-0016.flac
data/processed/speech/english/LibriSpeech/dev-clean/2428/83699/2428-83699-0017.wav,12.67,data/raw/speech/english/LibriSpeech/dev-clean/2428/83699/2428-83699-0017.flac
data/processed/speech/english/LibriSpeech/dev-clean/2428/83699/2428-83699-0018.wav,13.47,data/raw/speech/english/LibriSpeech/dev-clean/2428/83699/2428-83699-0018.flac
data/processed/speech/english/LibriSpeech/dev-clean/2428/83699/2428-83699-0019.wav,3.94,data/raw/speech/english/LibriSpeech/dev-clean/2428/83699/2428-83699-0019.flac
data/processed/speech/english/LibriSpeech/dev-clean/2428/83699/2428-83699-0020.wav,4.19,data/raw/speech/english/LibriSpeech/dev-clean/2428/83699/2428-83699-0020.flac
data/processed/speech/english/LibriSpeech/dev-clean/2428/83699/2428-83699-0021.wav,2.14,data/raw/speech/english/LibriSpeech/dev-clean/2428/83699/2428-83699-0021.flac
data/processed/speech/english/LibriSpeech/dev-clean/2428/83699/2428-83699-0022.wav,1.15,data/raw/speech/english/LibriSpeech/dev-clean/2428/83699/2428-83699-0022.flac
data/processed/speech/english/LibriSpeech/dev-clean/2428/83699/2428-83699-0023.wav,2.14,data/raw/speech/english/LibriSpeech/dev-clean/2428/83699/2428-83699-0023.flac
data/processed/speech/english/LibriSpeech/dev-clean/2428/83699/2428-83699-0024.wav,3.68,data/raw/speech/english/LibriSpeech/dev-clean/2428/83699/2428-83699-0024.flac
data/processed/speech/english/LibriSpeech/dev-clean/2428/83699/2428-83699-0025.wav,7.36,data/raw/speech/english/LibriSpeech/dev-clean/2428/83699/2428-83699-0025.flac
data/processed/speech/english/LibriSpeech/dev-clean/2428/83699/2428-83699-0026.wav,2.59,data/raw/speech/english/LibriSpeech/dev-clean/2428/83699/2428-83699-0026.flac
data/processed/speech/english/LibriSpeech/dev-clean/2428/83699/2428-83699-0027.wav,4.19,data/raw/speech/english/LibriSpeech/dev-clean/2428/83699/2428-83699-0027.flac
data/processed/speech/english/LibriSpeech/dev-clean/2428/83699/2428-83699-0028.wav,3.42,data/raw/speech/english/LibriSpeech/dev-clean/2428/83699/2428-83699-0028.flac
data/processed/speech/english/LibriSpeech/dev-clean/2428/83699/2428-83699-0029.wav,5.54,data/raw/speech/english/LibriSpeech/dev-clean/2428/83699/2428-83699-0029.flac
data/processed/speech/english/LibriSpeech/dev-clean/2428/83699/2428-83699-0030.wav,3.17,data/raw/speech/english/LibriSpeech/dev-clean/2428/83699/2428-83699-0030.flac
data/processed/speech/english/LibriSpeech/dev-clean/2428/83699/2428-83699-0031.wav,2.82,data/raw/speech/english/LibriSpeech/dev-clean/2428/83699/2428-83699-0031.flac
data/processed/speech/english/LibriSpeech/dev-clean/2428/83699/2428-83699-0032.wav,2.59,data/raw/speech/english/LibriSpeech/dev-clean/2428/83699/2428-83699-0032.flac
data/processed/speech/english/LibriSpeech/dev-clean/2428/83699/2428-83699-0033.wav,3.07,data/raw/speech/english/LibriSpeech/dev-clean/2428/83699/2428-83699-0033.flac
data/processed/speech/english/LibriSpeech/dev-clean/2428/83699/2428-83699-0034.wav,7.62,data/raw/speech/english/LibriSpeech/dev-clean/2428/83699/2428-83699-0034.flac
data/processed/speech/english/LibriSpeech/dev-clean/2428/83699/2428-83699-0035.wav,2.11,data/raw/speech/english/LibriSpeech/dev-clean/2428/83699/2428-83699-0035.flac
data/processed/speech/english/LibriSpeech/dev-clean/2428/83699/2428-83699-0036.wav,3.74,data/raw/speech/english/LibriSpeech/dev-clean/2428/83699/2428-83699-0036.flac
data/processed/speech/english/LibriSpeech/dev-clean/2428/83699/2428-83699-0037.wav,5.41,data/raw/speech/english/LibriSpeech/dev-clean/2428/83699/2428-83699-0037.flac
data/processed/speech/english/LibriSpeech/dev-clean/2428/83699/2428-83699-0038.wav,1.89,data/raw/speech/english/LibriSpeech/dev-clean/2428/83699/2428-83699-0038.flac
data/processed/speech/english/LibriSpeech/dev-clean/2428/83699/2428-83699-0039.wav,1.41,data/raw/speech/english/LibriSpeech/dev-clean/2428/83699/2428-83699-0039.flac
data/processed/speech/english/LibriSpeech/dev-clean/2428/83699/2428-83699-0040.wav,7.23,data/raw/speech/english/LibriSpeech/dev-clean/2428/83699/2428-83699-0040.flac
data/processed/speech/english/LibriSpeech/dev-clean/2428/83699/2428-83699-0041.wav,1.73,data/raw/speech/english/LibriSpeech/dev-clean/2428/83699/2428-83699-0041.flac
data/processed/speech/english/LibriSpeech/dev-clean/2428/83699/2428-83699-0042.wav,5.98,data/raw/speech/english/LibriSpeech/dev-clean/2428/83699/2428-83699-0042.flac
data/processed/speech/english/LibriSpeech/dev-clean/2428/83705/2428-83705-0000.wav,2.72,data/raw/speech/english/LibriSpeech/dev-clean/2428/83705/2428-83705-0000.flac
data/processed/speech/english/LibriSpeech/dev-clean/2428/83705/2428-83705-0001.wav,5.7,data/raw/speech/english/LibriSpeech/dev-clean/2428/83705/2428-83705-0001.flac
data/processed/speech/english/LibriSpeech/dev-clean/2428/83705/2428-83705-0002.wav,15.2,data/raw/speech/english/LibriSpeech/dev-clean/2428/83705/2428-83705-0002.flac
data/processed/speech/english/LibriSpeech/dev-clean/2428/83705/2428-83705-0003.wav,1.18,data/raw/speech/english/LibriSpeech/dev-clean/2428/83705/2428-83705-0003.flac
data/processed/speech/english/LibriSpeech/dev-clean/2428/83705/2428-83705-0004.wav,6.37,data/raw/speech/english/LibriSpeech/dev-clean/2428/83705/2428-83705-0004.flac
data/processed/speech/english/LibriSpeech/dev-clean/2428/83705/2428-83705-0005.wav,3.46,data/raw/speech/english/LibriSpeech/dev-clean/2428/83705/2428-83705-0005.flac
data/processed/speech/english/LibriSpeech/dev-clean/2428/83705/2428-83705-0006.wav,2.78,data/raw/speech/english/LibriSpeech/dev-clean/2428/83705/2428-83705-0006.flac
data/processed/speech/english/LibriSpeech/dev-clean/2428/83705/2428-83705-0007.wav,2.69,data/raw/speech/english/LibriSpeech/dev-clean/2428/83705/2428-83705-0007.flac
data/processed/speech/english/LibriSpeech/dev-clean/2428/83705/2428-83705-0008.wav,2.56,data/raw/speech/english/LibriSpeech/dev-clean/2428/83705/2428-83705-0008.flac
data/processed/speech/english/LibriSpeech/dev-clean/2428/83705/2428-83705-0009.wav,1.5,data/raw/speech/english/LibriSpeech/dev-clean/2428/83705/2428-83705-0009.flac
data/processed/speech/english/LibriSpeech/dev-clean/2428/83705/2428-83705-0010.wav,1.86,data/raw/speech/english/LibriSpeech/dev-clean/2428/83705/2428-83705-0010.flac
data/processed/speech/english/LibriSpeech/dev-clean/2428/83705/2428-83705-0011.wav,5.18,data/raw/speech/english/LibriSpeech/dev-clean/2428/83705/2428-83705-0011.flac
data/processed/speech/english/LibriSpeech/dev-clean/2428/83705/2428-83705-0012.wav,8.19,data/raw/speech/english/LibriSpeech/dev-clean/2428/83705/2428-83705-0012.flac
data/processed/speech/english/LibriSpeech/dev-clean/2428/83705/2428-83705-0013.wav,3.68,data/raw/speech/english/LibriSpeech/dev-clean/2428/83705/2428-83705-0013.flac
data/processed/speech/english/LibriSpeech/dev-clean/2428/83705/2428-83705-0014.wav,3.39,data/raw/speech/english/LibriSpeech/dev-clean/2428/83705/2428-83705-0014.flac
data/processed/speech/english/LibriSpeech/dev-clean/2428/83705/2428-83705-0015.wav,10.21,data/raw/speech/english/LibriSpeech/dev-clean/2428/83705/2428-83705-0015.flac
data/processed/speech/english/LibriSpeech/dev-clean/2428/83705/2428-83705-0016.wav,2.78,data/raw/speech/english/LibriSpeech/dev-clean/2428/83705/2428-83705-0016.flac
data/processed/speech/english/LibriSpeech/dev-clean/2428/83705/2428-83705-0017.wav,4.32,data/raw/speech/english/LibriSpeech/dev-clean/2428/83705/2428-83705-0017.flac
data/processed/speech/english/LibriSpeech/dev-clean/2428/83705/2428-83705-0018.wav,5.22,data/raw/speech/english/LibriSpeech/dev-clean/2428/83705/2428-83705-0018.flac
data/processed/speech/english/LibriSpeech/dev-clean/2428/83705/2428-83705-0019.wav,4.61,data/raw/speech/english/LibriSpeech/dev-clean/2428/83705/2428-83705-0019.flac
data/processed/speech/english/LibriSpeech/dev-clean/2428/83705/2428-83705-0020.wav,4.96,data/raw/speech/english/LibriSpeech/dev-clean/2428/83705/2428-83705-0020.flac
data/processed/speech/english/LibriSpeech/dev-clean/2428/83705/2428-83705-0021.wav,2.88,data/raw/speech/english/LibriSpeech/dev-clean/2428/83705/2428-83705-0021.flac
data/processed/speech/english/LibriSpeech/dev-clean/2428/83705/2428-83705-0022.wav,4.64,data/raw/speech/english/LibriSpeech/dev-clean/2428/83705/2428-83705-0022.flac
data/processed/speech/english/LibriSpeech/dev-clean/2428/83705/2428-83705-0023.wav,3.01,data/raw/speech/english/LibriSpeech/dev-clean/2428/83705/2428-83705-0023.flac
data/processed/speech/english/LibriSpeech/dev-clean/2428/83705/2428-83705-0024.wav,4.48,data/raw/speech/english/LibriSpeech/dev-clean/2428/83705/2428-83705-0024.flac
data/processed/speech/english/LibriSpeech/dev-clean/2428/83705/2428-83705-0025.wav,9.02,data/raw/speech/english/LibriSpeech/dev-clean/2428/83705/2428-83705-0025.flac
data/processed/speech/english/LibriSpeech/dev-clean/2428/83705/2428-83705-0026.wav,9.79,data/raw/speech/english/LibriSpeech/dev-clean/2428/83705/2428-83705-0026.flac
data/processed/speech/english/LibriSpeech/dev-clean/2428/83705/2428-83705-0027.wav,1.41,data/raw/speech/english/LibriSpeech/dev-clean/2428/83705/2428-83705-0027.flac
data/processed/speech/english/LibriSpeech/dev-clean/2428/83705/2428-83705-0028.wav,8.16,data/raw/speech/english/LibriSpeech/dev-clean/2428/83705/2428-83705-0028.flac
data/processed/speech/english/LibriSpeech/dev-clean/2428/83705/2428-83705-0029.wav,5.09,data/raw/speech/english/LibriSpeech/dev-clean/2428/83705/2428-83705-0029.flac
data/processed/speech/english/LibriSpeech/dev-clean/2428/83705/2428-83705-0030.wav,8.45,data/raw/speech/english/LibriSpeech/dev-clean/2428/83705/2428-83705-0030.flac
data/processed/speech/english/LibriSpeech/dev-clean/2428/83705/2428-83705-0031.wav,2.02,data/raw/speech/english/LibriSpeech/dev-clean/2428/83705/2428-83705-0031.flac
data/processed/speech/english/LibriSpeech/dev-clean/2428/83705/2428-83705-0032.wav,5.57,data/raw/speech/english/LibriSpeech/dev-clean/2428/83705/2428-83705-0032.flac
data/processed/speech/english/LibriSpeech/dev-clean/2428/83705/2428-83705-0033.wav,6.85,data/raw/speech/english/LibriSpeech/dev-clean/2428/83705/2428-83705-0033.flac
data/processed/speech/english/LibriSpeech/dev-clean/2428/83705/2428-83705-0034.wav,4.58,data/raw/speech/english/LibriSpeech/dev-clean/2428/83705/2428-83705-0034.flac
data/processed/speech/english/LibriSpeech/dev-clean/2428/83705/2428-83705-0035.wav,4.93,data/raw/speech/english/LibriSpeech/dev-clean/2428/83705/2428-83705-0035.flac
data/processed/speech/english/LibriSpeech/dev-clean/2428/83705/2428-83705-0036.wav,0.8,data/raw/speech/english/LibriSpeech/dev-clean/2428/83705/2428-83705-0036.flac
data/processed/speech/english/LibriSpeech/dev-clean/2428/83705/2428-83705-0037.wav,8.51,data/raw/speech/english/LibriSpeech/dev-clean/2428/83705/2428-83705-0037.flac
data/processed/speech/english/LibriSpeech/dev-clean/2428/83705/2428-83705-0038.wav,6.53,data/raw/speech/english/LibriSpeech/dev-clean/2428/83705/2428-83705-0038.flac
data/processed/speech/english/LibriSpeech/dev-clean/2428/83705/2428-83705-0039.wav,2.43,data/raw/speech/english/LibriSpeech/dev-clean/2428/83705/2428-83705-0039.flac
data/processed/speech/english/LibriSpeech/dev-clean/2428/83705/2428-83705-0040.wav,3.74,data/raw/speech/english/LibriSpeech/dev-clean/2428/83705/2428-83705-0040.flac
data/processed/speech/english/LibriSpeech/dev-clean/2428/83705/2428-83705-0041.wav,3.68,data/raw/speech/english/LibriSpeech/dev-clean/2428/83705/2428-83705-0041.flac
data/processed/speech/english/LibriSpeech/dev-clean/2428/83705/2428-83705-0042.wav,10.66,data/raw/speech/english/LibriSpeech/dev-clean/2428/83705/2428-83705-0042.flac
data/processed/speech/english/LibriSpeech/dev-clean/2428/83705/2428-83705-0043.wav,5.44,data/raw/speech/english/LibriSpeech/dev-clean/2428/83705/2428-83705-0043.flac
data/processed/speech/english/LibriSpeech/dev-clean/251/118436/251-118436-0000.wav,5.25,data/raw/speech/english/LibriSpeech/dev-clean/251/118436/251-118436-0000.flac
data/processed/speech/english/LibriSpeech/dev-clean/251/118436/251-118436-0001.wav,3.07,data/raw/speech/english/LibriSpeech/dev-clean/251/118436/251-118436-0001.flac
data/processed/speech/english/LibriSpeech/dev-clean/251/118436/251-118436-0002.wav,6.43,data/raw/speech/english/LibriSpeech/dev-clean/251/118436/251-118436-0002.flac
data/processed/speech/english/LibriSpeech/dev-clean/251/118436/251-118436-0003.wav,10.5,data/raw/speech/english/LibriSpeech/dev-clean/251/118436/251-118436-0003.flac
data/processed/speech/english/LibriSpeech/dev-clean/251/118436/251-118436-0004.wav,2.75,data/raw/speech/english/LibriSpeech/dev-clean/251/118436/251-118436-0004.flac
data/processed/speech/english/LibriSpeech/dev-clean/251/118436/251-118436-0005.wav,4.48,data/raw/speech/english/LibriSpeech/dev-clean/251/118436/251-118436-0005.flac
data/processed/speech/english/LibriSpeech/dev-clean/251/118436/251-118436-0006.wav,6.21,data/raw/speech/english/LibriSpeech/dev-clean/251/118436/251-118436-0006.flac
data/processed/speech/english/LibriSpeech/dev-clean/251/118436/251-118436-0007.wav,4.67,data/raw/speech/english/LibriSpeech/dev-clean/251/118436/251-118436-0007.flac
data/processed/speech/english/LibriSpeech/dev-clean/251/118436/251-118436-0008.wav,5.15,data/raw/speech/english/LibriSpeech/dev-clean/251/118436/251-118436-0008.flac
data/processed/speech/english/LibriSpeech/dev-clean/251/118436/251-118436-0009.wav,8.06,data/raw/speech/english/LibriSpeech/dev-clean/251/118436/251-118436-0009.flac
data/processed/speech/english/LibriSpeech/dev-clean/251/118436/251-118436-0010.wav,2.53,data/raw/speech/english/LibriSpeech/dev-clean/251/118436/251-118436-0010.flac
data/processed/speech/english/LibriSpeech/dev-clean/251/118436/251-118436-0011.wav,6.78,data/raw/speech/english/LibriSpeech/dev-clean/251/118436/251-118436-0011.flac
data/processed/speech/english/LibriSpeech/dev-clean/251/118436/251-118436-0012.wav,10.24,data/raw/speech/english/LibriSpeech/dev-clean/251/118436/251-118436-0012.flac
data/processed/speech/english/LibriSpeech/dev-clean/251/118436/251-118436-0013.wav,7.23,data/raw/speech/english/LibriSpeech/dev-clean/251/118436/251-118436-0013.flac
data/processed/speech/english/LibriSpeech/dev-clean/251/118436/251-118436-0014.wav,5.92,data/raw/speech/english/LibriSpeech/dev-clean/251/118436/251-118436-0014.flac
data/processed/speech/english/LibriSpeech/dev-clean/251/118436/251-118436-0015.wav,4.64,data/raw/speech/english/LibriSpeech/dev-clean/251/118436/251-118436-0015.flac
data/processed/speech/english/LibriSpeech/dev-clean/251/118436/251-118436-0016.wav,8.13,data/raw/speech/english/LibriSpeech/dev-clean/251/118436/251-118436-0016.flac
data/processed/speech/english/LibriSpeech/dev-clean/251/118436/251-118436-0017.wav,2.37,data/raw/speech/english/LibriSpeech/dev-clean/251/118436/251-118436-0017.flac
data/processed/speech/english/LibriSpeech/dev-clean/251/118436/251-118436-0018.wav,2.21,data/raw/speech/english/LibriSpeech/dev-clean/251/118436/251-118436-0018.flac
data/processed/speech/english/LibriSpeech/dev-clean/251/118436/251-118436-0019.wav,11.01,data/raw/speech/english/LibriSpeech/dev-clean/251/118436/251-118436-0019.flac
data/processed/speech/english/LibriSpeech/dev-clean/251/118436/251-118436-0020.wav,4.99,data/raw/speech/english/LibriSpeech/dev-clean/251/118436/251-118436-0020.flac
data/processed/speech/english/LibriSpeech/dev-clean/251/118436/251-118436-0021.wav,3.07,data/raw/speech/english/LibriSpeech/dev-clean/251/118436/251-118436-0021.flac
data/processed/speech/english/LibriSpeech/dev-clean/251/118436/251-118436-0022.wav,3.9,data/raw/speech/english/LibriSpeech/dev-clean/251/118436/251-118436-0022.flac
data/processed/speech/english/LibriSpeech/dev-clean/251/118436/251-118436-0023.wav,2.37,data/raw/speech/english/LibriSpeech/dev-clean/251/118436/251-118436-0023.flac
data/processed/speech/english/LibriSpeech/dev-clean/251/136532/251-136532-0000.wav,9.06,data/raw/speech/english/LibriSpeech/dev-clean/251/136532/251-136532-0000.flac
data/processed/speech/english/LibriSpeech/dev-clean/251/136532/251-136532-0001.wav,6.18,data/raw/speech/english/LibriSpeech/dev-clean/251/136532/251-136532-0001.flac
data/processed/speech/english/LibriSpeech/dev-clean/251/136532/251-136532-0002.wav,5.44,data/raw/speech/english/LibriSpeech/dev-clean/251/136532/251-136532-0002.flac
data/processed/speech/english/LibriSpeech/dev-clean/251/136532/251-136532-0003.wav,15.3,data/raw/speech/english/LibriSpeech/dev-clean/251/136532/251-136532-0003.flac
data/processed/speech/english/LibriSpeech/dev-clean/251/136532/251-136532-0004.wav,23.74,data/raw/speech/english/LibriSpeech/dev-clean/251/136532/251-136532-0004.flac
data/processed/speech/english/LibriSpeech/dev-clean/251/136532/251-136532-0005.wav,4.83,data/raw/speech/english/LibriSpeech/dev-clean/251/136532/251-136532-0005.flac
data/processed/speech/english/LibriSpeech/dev-clean/251/136532/251-136532-0006.wav,1.89,data/raw/speech/english/LibriSpeech/dev-clean/251/136532/251-136532-0006.flac
data/processed/speech/english/LibriSpeech/dev-clean/251/136532/251-136532-0007.wav,5.15,data/raw/speech/english/LibriSpeech/dev-clean/251/136532/251-136532-0007.flac
data/processed/speech/english/LibriSpeech/dev-clean/251/136532/251-136532-0008.wav,9.18,data/raw/speech/english/LibriSpeech/dev-clean/251/136532/251-136532-0008.flac
data/processed/speech/english/LibriSpeech/dev-clean/251/136532/251-136532-0009.wav,3.23,data/raw/speech/english/LibriSpeech/dev-clean/251/136532/251-136532-0009.flac
data/processed/speech/english/LibriSpeech/dev-clean/251/136532/251-136532-0010.wav,5.7,data/raw/speech/english/LibriSpeech/dev-clean/251/136532/251-136532-0010.flac
data/processed/speech/english/LibriSpeech/dev-clean/251/136532/251-136532-0011.wav,7.58,data/raw/speech/english/LibriSpeech/dev-clean/251/136532/251-136532-0011.flac
data/processed/speech/english/LibriSpeech/dev-clean/251/136532/251-136532-0012.wav,7.94,data/raw/speech/english/LibriSpeech/dev-clean/251/136532/251-136532-0012.flac
data/processed/speech/english/LibriSpeech/dev-clean/251/136532/251-136532-0013.wav,4.0,data/raw/speech/english/LibriSpeech/dev-clean/251/136532/251-136532-0013.flac
data/processed/speech/english/LibriSpeech/dev-clean/251/136532/251-136532-0014.wav,1.44,data/raw/speech/english/LibriSpeech/dev-clean/251/136532/251-136532-0014.flac
data/processed/speech/english/LibriSpeech/dev-clean/251/136532/251-136532-0015.wav,6.66,data/raw/speech/english/LibriSpeech/dev-clean/251/136532/251-136532-0015.flac
data/processed/speech/english/LibriSpeech/dev-clean/251/136532/251-136532-0016.wav,8.48,data/raw/speech/english/LibriSpeech/dev-clean/251/136532/251-136532-0016.flac
data/processed/speech/english/LibriSpeech/dev-clean/251/136532/251-136532-0017.wav,14.5,data/raw/speech/english/LibriSpeech/dev-clean/251/136532/251-136532-0017.flac
data/processed/speech/english/LibriSpeech/dev-clean/251/136532/251-136532-0018.wav,5.98,data/raw/speech/english/LibriSpeech/dev-clean/251/136532/251-136532-0018.flac
data/processed/speech/english/LibriSpeech/dev-clean/251/136532/251-136532-0019.wav,8.58,data/raw/speech/english/LibriSpeech/dev-clean/251/136532/251-136532-0019.flac
data/processed/speech/english/LibriSpeech/dev-clean/251/136532/251-136532-0020.wav,2.4,data/raw/speech/english/LibriSpeech/dev-clean/251/136532/251-136532-0020.flac
data/processed/speech/english/LibriSpeech/dev-clean/251/136532/251-136532-0021.wav,5.57,data/raw/speech/english/LibriSpeech/dev-clean/251/136532/251-136532-0021.flac
data/processed/speech/english/LibriSpeech/dev-clean/251/136532/251-136532-0022.wav,0.83,data/raw/speech/english/LibriSpeech/dev-clean/251/136532/251-136532-0022.flac
data/processed/speech/english/LibriSpeech/dev-clean/251/136532/251-136532-0023.wav,7.68,data/raw/speech/english/LibriSpeech/dev-clean/251/136532/251-136532-0023.flac
data/processed/speech/english/LibriSpeech/dev-clean/251/137823/251-137823-0000.wav,2.5,data/raw/speech/english/LibriSpeech/dev-clean/251/137823/251-137823-0000.flac
data/processed/speech/english/LibriSpeech/dev-clean/251/137823/251-137823-0001.wav,4.61,data/raw/speech/english/LibriSpeech/dev-clean/251/137823/251-137823-0001.flac
data/processed/speech/english/LibriSpeech/dev-clean/251/137823/251-137823-0002.wav,2.4,data/raw/speech/english/LibriSpeech/dev-clean/251/137823/251-137823-0002.flac
data/processed/speech/english/LibriSpeech/dev-clean/251/137823/251-137823-0003.wav,3.78,data/raw/speech/english/LibriSpeech/dev-clean/251/137823/251-137823-0003.flac
data/processed/speech/english/LibriSpeech/dev-clean/251/137823/251-137823-0004.wav,10.02,data/raw/speech/english/LibriSpeech/dev-clean/251/137823/251-137823-0004.flac
data/processed/speech/english/LibriSpeech/dev-clean/251/137823/251-137823-0005.wav,4.54,data/raw/speech/english/LibriSpeech/dev-clean/251/137823/251-137823-0005.flac
data/processed/speech/english/LibriSpeech/dev-clean/251/137823/251-137823-0006.wav,3.26,data/raw/speech/english/LibriSpeech/dev-clean/251/137823/251-137823-0006.flac
data/processed/speech/english/LibriSpeech/dev-clean/251/137823/251-137823-0007.wav,2.66,data/raw/speech/english/LibriSpeech/dev-clean/251/137823/251-137823-0007.flac
data/processed/speech/english/LibriSpeech/dev-clean/251/137823/251-137823-0008.wav,5.7,data/raw/speech/english/LibriSpeech/dev-clean/251/137823/251-137823-0008.flac
data/processed/speech/english/LibriSpeech/dev-clean/251/137823/251-137823-0009.wav,5.12,data/raw/speech/english/LibriSpeech/dev-clean/251/137823/251-137823-0009.flac
data/processed/speech/english/LibriSpeech/dev-clean/251/137823/251-137823-0010.wav,7.23,data/raw/speech/english/LibriSpeech/dev-clean/251/137823/251-137823-0010.flac
data/processed/speech/english/LibriSpeech/dev-clean/251/137823/251-137823-0011.wav,5.18,data/raw/speech/english/LibriSpeech/dev-clean/251/137823/251-137823-0011.flac
data/processed/speech/english/LibriSpeech/dev-clean/251/137823/251-137823-0012.wav,1.6,data/raw/speech/english/LibriSpeech/dev-clean/251/137823/251-137823-0012.flac
data/processed/speech/english/LibriSpeech/dev-clean/251/137823/251-137823-0013.wav,4.0,data/raw/speech/english/LibriSpeech/dev-clean/251/137823/251-137823-0013.flac
data/processed/speech/english/LibriSpeech/dev-clean/251/137823/251-137823-0014.wav,4.29,data/raw/speech/english/LibriSpeech/dev-clean/251/137823/251-137823-0014.flac
data/processed/speech/english/LibriSpeech/dev-clean/251/137823/251-137823-0015.wav,1.98,data/raw/speech/english/LibriSpeech/dev-clean/251/137823/251-137823-0015.flac
data/processed/speech/english/LibriSpeech/dev-clean/251/137823/251-137823-0016.wav,5.76,data/raw/speech/english/LibriSpeech/dev-clean/251/137823/251-137823-0016.flac
data/processed/speech/english/LibriSpeech/dev-clean/251/137823/251-137823-0017.wav,3.04,data/raw/speech/english/LibriSpeech/dev-clean/251/137823/251-137823-0017.flac
data/processed/speech/english/LibriSpeech/dev-clean/251/137823/251-137823-0018.wav,6.59,data/raw/speech/english/LibriSpeech/dev-clean/251/137823/251-137823-0018.flac
data/processed/speech/english/LibriSpeech/dev-clean/251/137823/251-137823-0019.wav,11.23,data/raw/speech/english/LibriSpeech/dev-clean/251/137823/251-137823-0019.flac
data/processed/speech/english/LibriSpeech/dev-clean/251/137823/251-137823-0020.wav,4.51,data/raw/speech/english/LibriSpeech/dev-clean/251/137823/251-137823-0020.flac
data/processed/speech/english/LibriSpeech/dev-clean/251/137823/251-137823-0021.wav,5.82,data/raw/speech/english/LibriSpeech/dev-clean/251/137823/251-137823-0021.flac
data/processed/speech/english/LibriSpeech/dev-clean/251/137823/251-137823-0022.wav,6.18,data/raw/speech/english/LibriSpeech/dev-clean/251/137823/251-137823-0022.flac
data/processed/speech/english/LibriSpeech/dev-clean/251/137823/251-137823-0023.wav,1.6,data/raw/speech/english/LibriSpeech/dev-clean/251/137823/251-137823-0023.flac
data/processed/speech/english/LibriSpeech/dev-clean/251/137823/251-137823-0024.wav,1.57,data/raw/speech/english/LibriSpeech/dev-clean/251/137823/251-137823-0024.flac
data/processed/speech/english/LibriSpeech/dev-clean/251/137823/251-137823-0025.wav,2.94,data/raw/speech/english/LibriSpeech/dev-clean/251/137823/251-137823-0025.flac
data/processed/speech/english/LibriSpeech/dev-clean/251/137823/251-137823-0026.wav,2.05,data/raw/speech/english/LibriSpeech/dev-clean/251/137823/251-137823-0026.flac
data/processed/speech/english/LibriSpeech/dev-clean/2803/154320/2803-154320-0000.wav,10.43,data/raw/speech/english/LibriSpeech/dev-clean/2803/154320/2803-154320-0000.flac
data/processed/speech/english/LibriSpeech/dev-clean/2803/154320/2803-154320-0001.wav,14.37,data/raw/speech/english/LibriSpeech/dev-clean/2803/154320/2803-154320-0001.flac
data/processed/speech/english/LibriSpeech/dev-clean/2803/154320/2803-154320-0002.wav,2.59,data/raw/speech/english/LibriSpeech/dev-clean/2803/154320/2803-154320-0002.flac
data/processed/speech/english/LibriSpeech/dev-clean/2803/154320/2803-154320-0003.wav,5.86,data/raw/speech/english/LibriSpeech/dev-clean/2803/154320/2803-154320-0003.flac
data/processed/speech/english/LibriSpeech/dev-clean/2803/154320/2803-154320-0004.wav,11.17,data/raw/speech/english/LibriSpeech/dev-clean/2803/154320/2803-154320-0004.flac
data/processed/speech/english/LibriSpeech/dev-clean/2803/154320/2803-154320-0005.wav,3.74,data/raw/speech/english/LibriSpeech/dev-clean/2803/154320/2803-154320-0005.flac
data/processed/speech/english/LibriSpeech/dev-clean/2803/154320/2803-154320-0006.wav,1.5,data/raw/speech/english/LibriSpeech/dev-clean/2803/154320/2803-154320-0006.flac
data/processed/speech/english/LibriSpeech/dev-clean/2803/154320/2803-154320-0007.wav,3.68,data/raw/speech/english/LibriSpeech/dev-clean/2803/154320/2803-154320-0007.flac
data/processed/speech/english/LibriSpeech/dev-clean/2803/154320/2803-154320-0008.wav,3.1,data/raw/speech/english/LibriSpeech/dev-clean/2803/154320/2803-154320-0008.flac
data/processed/speech/english/LibriSpeech/dev-clean/2803/154320/2803-154320-0009.wav,2.24,data/raw/speech/english/LibriSpeech/dev-clean/2803/154320/2803-154320-0009.flac
data/processed/speech/english/LibriSpeech/dev-clean/2803/154320/2803-154320-0010.wav,3.49,data/raw/speech/english/LibriSpeech/dev-clean/2803/154320/2803-154320-0010.flac
data/processed/speech/english/LibriSpeech/dev-clean/2803/154320/2803-154320-0011.wav,3.36,data/raw/speech/english/LibriSpeech/dev-clean/2803/154320/2803-154320-0011.flac
data/processed/speech/english/LibriSpeech/dev-clean/2803/154320/2803-154320-0012.wav,9.02,data/raw/speech/english/LibriSpeech/dev-clean/2803/154320/2803-154320-0012.flac
data/processed/speech/english/LibriSpeech/dev-clean/2803/154320/2803-154320-0013.wav,3.55,data/raw/speech/english/LibriSpeech/dev-clean/2803/154320/2803-154320-0013.flac
data/processed/speech/english/LibriSpeech/dev-clean/2803/154320/2803-154320-0014.wav,4.35,data/raw/speech/english/LibriSpeech/dev-clean/2803/154320/2803-154320-0014.flac
data/processed/speech/english/LibriSpeech/dev-clean/2803/154328/2803-154328-0000.wav,6.85,data/raw/speech/english/LibriSpeech/dev-clean/2803/154328/2803-154328-0000.flac
data/processed/speech/english/LibriSpeech/dev-clean/2803/154328/2803-154328-0001.wav,3.31,data/raw/speech/english/LibriSpeech/dev-clean/2803/154328/2803-154328-0001.flac
data/processed/speech/english/LibriSpeech/dev-clean/2803/154328/2803-154328-0002.wav,1.09,data/raw/speech/english/LibriSpeech/dev-clean/2803/154328/2803-154328-0002.flac
data/processed/speech/english/LibriSpeech/dev-clean/2803/154328/2803-154328-0003.wav,11.58,data/raw/speech/english/LibriSpeech/dev-clean/2803/154328/2803-154328-0003.flac
data/processed/speech/english/LibriSpeech/dev-clean/2803/154328/2803-154328-0004.wav,10.11,data/raw/speech/english/LibriSpeech/dev-clean/2803/154328/2803-154328-0004.flac
data/processed/speech/english/LibriSpeech/dev-clean/2803/154328/2803-154328-0005.wav,5.12,data/raw/speech/english/LibriSpeech/dev-clean/2803/154328/2803-154328-0005.flac
data/processed/speech/english/LibriSpeech/dev-clean/2803/154328/2803-154328-0006.wav,3.1,data/raw/speech/english/LibriSpeech/dev-clean/2803/154328/2803-154328-0006.flac
data/processed/speech/english/LibriSpeech/dev-clean/2803/154328/2803-154328-0007.wav,5.76,data/raw/speech/english/LibriSpeech/dev-clean/2803/154328/2803-154328-0007.flac
data/processed/speech/english/LibriSpeech/dev-clean/2803/154328/2803-154328-0008.wav,6.14,data/raw/speech/english/LibriSpeech/dev-clean/2803/154328/2803-154328-0008.flac
data/processed/speech/english/LibriSpeech/dev-clean/2803/154328/2803-154328-0009.wav,7.14,data/raw/speech/english/LibriSpeech/dev-clean/2803/154328/2803-154328-0009.flac
data/processed/speech/english/LibriSpeech/dev-clean/2803/154328/2803-154328-0010.wav,5.6,data/raw/speech/english/LibriSpeech/dev-clean/2803/154328/2803-154328-0010.flac
data/processed/speech/english/LibriSpeech/dev-clean/2803/154328/2803-154328-0011.wav,5.89,data/raw/speech/english/LibriSpeech/dev-clean/2803/154328/2803-154328-0011.flac
data/processed/speech/english/LibriSpeech/dev-clean/2803/154328/2803-154328-0012.wav,8.8,data/raw/speech/english/LibriSpeech/dev-clean/2803/154328/2803-154328-0012.flac
data/processed/speech/english/LibriSpeech/dev-clean/2803/154328/2803-154328-0013.wav,3.04,data/raw/speech/english/LibriSpeech/dev-clean/2803/154328/2803-154328-0013.flac
data/processed/speech/english/LibriSpeech/dev-clean/2803/154328/2803-154328-0014.wav,4.29,data/raw/speech/english/LibriSpeech/dev-clean/2803/154328/2803-154328-0014.flac
data/processed/speech/english/LibriSpeech/dev-clean/2803/154328/2803-154328-0015.wav,19.42,data/raw/speech/english/LibriSpeech/dev-clean/2803/154328/2803-154328-0015.flac
data/processed/speech/english/LibriSpeech/dev-clean/2803/154328/2803-154328-0016.wav,1.66,data/raw/speech/english/LibriSpeech/dev-clean/2803/154328/2803-154328-0016.flac
data/processed/speech/english/LibriSpeech/dev-clean/2803/154328/2803-154328-0017.wav,7.01,data/raw/speech/english/LibriSpeech/dev-clean/2803/154328/2803-154328-0017.flac
data/processed/speech/english/LibriSpeech/dev-clean/2803/154328/2803-154328-0018.wav,15.16,data/raw/speech/english/LibriSpeech/dev-clean/2803/154328/2803-154328-0018.flac
data/processed/speech/english/LibriSpeech/dev-clean/2803/154328/2803-154328-0019.wav,9.66,data/raw/speech/english/LibriSpeech/dev-clean/2803/154328/2803-154328-0019.flac
data/processed/speech/english/LibriSpeech/dev-clean/2803/154328/2803-154328-0020.wav,13.06,data/raw/speech/english/LibriSpeech/dev-clean/2803/154328/2803-154328-0020.flac
data/processed/speech/english/LibriSpeech/dev-clean/2803/154328/2803-154328-0021.wav,2.56,data/raw/speech/english/LibriSpeech/dev-clean/2803/154328/2803-154328-0021.flac
data/processed/speech/english/LibriSpeech/dev-clean/2803/154328/2803-154328-0022.wav,3.94,data/raw/speech/english/LibriSpeech/dev-clean/2803/154328/2803-154328-0022.flac
data/processed/speech/english/LibriSpeech/dev-clean/2803/154328/2803-154328-0023.wav,5.63,data/raw/speech/english/LibriSpeech/dev-clean/2803/154328/2803-154328-0023.flac
data/processed/speech/english/LibriSpeech/dev-clean/2803/161169/2803-161169-0000.wav,10.85,data/raw/speech/english/LibriSpeech/dev-clean/2803/161169/2803-161169-0000.flac
data/processed/speech/english/LibriSpeech/dev-clean/2803/161169/2803-161169-0001.wav,8.16,data/raw/speech/english/LibriSpeech/dev-clean/2803/161169/2803-161169-0001.flac
data/processed/speech/english/LibriSpeech/dev-clean/2803/161169/2803-161169-0002.wav,4.22,data/raw/speech/english/LibriSpeech/dev-clean/2803/161169/2803-161169-0002.flac
data/processed/speech/english/LibriSpeech/dev-clean/2803/161169/2803-161169-0003.wav,9.09,data/raw/speech/english/LibriSpeech/dev-clean/2803/161169/2803-161169-0003.flac
data/processed/speech/english/LibriSpeech/dev-clean/2803/161169/2803-161169-0004.wav,10.21,data/raw/speech/english/LibriSpeech/dev-clean/2803/161169/2803-161169-0004.flac
data/processed/speech/english/LibriSpeech/dev-clean/2803/161169/2803-161169-0005.wav,15.94,data/raw/speech/english/LibriSpeech/dev-clean/2803/161169/2803-161169-0005.flac
data/processed/speech/english/LibriSpeech/dev-clean/2803/161169/2803-161169-0006.wav,7.78,data/raw/speech/english/LibriSpeech/dev-clean/2803/161169/2803-161169-0006.flac
data/processed/speech/english/LibriSpeech/dev-clean/2803/161169/2803-161169-0007.wav,11.78,data/raw/speech/english/LibriSpeech/dev-clean/2803/161169/2803-161169-0007.flac
data/processed/speech/english/LibriSpeech/dev-clean/2803/161169/2803-161169-0008.wav,13.41,data/raw/speech/english/LibriSpeech/dev-clean/2803/161169/2803-161169-0008.flac
data/processed/speech/english/LibriSpeech/dev-clean/2803/161169/2803-161169-0009.wav,23.81,data/raw/speech/english/LibriSpeech/dev-clean/2803/161169/2803-161169-0009.flac
data/processed/speech/english/LibriSpeech/dev-clean/2803/161169/2803-161169-0010.wav,13.28,data/raw/speech/english/LibriSpeech/dev-clean/2803/161169/2803-161169-0010.flac
data/processed/speech/english/LibriSpeech/dev-clean/2803/161169/2803-161169-0011.wav,5.09,data/raw/speech/english/LibriSpeech/dev-clean/2803/161169/2803-161169-0011.flac
data/processed/speech/english/LibriSpeech/dev-clean/2803/161169/2803-161169-0012.wav,15.01,data/raw/speech/english/LibriSpeech/dev-clean/2803/161169/2803-161169-0012.flac
data/processed/speech/english/LibriSpeech/dev-clean/2803/161169/2803-161169-0013.wav,11.01,data/raw/speech/english/LibriSpeech/dev-clean/2803/161169/2803-161169-0013.flac
data/processed/speech/english/LibriSpeech/dev-clean/2803/161169/2803-161169-0014.wav,13.31,data/raw/speech/english/LibriSpeech/dev-clean/2803/161169/2803-161169-0014.flac
data/processed/speech/english/LibriSpeech/dev-clean/2803/161169/2803-161169-0015.wav,12.77,data/raw/speech/english/LibriSpeech/dev-clean/2803/161169/2803-161169-0015.flac
data/processed/speech/english/LibriSpeech/dev-clean/2803/161169/2803-161169-0016.wav,4.93,data/raw/speech/english/LibriSpeech/dev-clean/2803/161169/2803-161169-0016.flac
data/processed/speech/english/LibriSpeech/dev-clean/2803/161169/2803-161169-0017.wav,7.55,data/raw/speech/english/LibriSpeech/dev-clean/2803/161169/2803-161169-0017.flac
data/processed/speech/english/LibriSpeech/dev-clean/2902/9006/2902-9006-0000.wav,3.9,data/raw/speech/english/LibriSpeech/dev-clean/2902/9006/2902-9006-0000.flac
data/processed/speech/english/LibriSpeech/dev-clean/2902/9006/2902-9006-0001.wav,21.92,data/raw/speech/english/LibriSpeech/dev-clean/2902/9006/2902-9006-0001.flac
data/processed/speech/english/LibriSpeech/dev-clean/2902/9006/2902-9006-0002.wav,10.62,data/raw/speech/english/LibriSpeech/dev-clean/2902/9006/2902-9006-0002.flac
data/processed/speech/english/LibriSpeech/dev-clean/2902/9006/2902-9006-0003.wav,13.7,data/raw/speech/english/LibriSpeech/dev-clean/2902/9006/2902-9006-0003.flac
data/processed/speech/english/LibriSpeech/dev-clean/2902/9006/2902-9006-0004.wav,2.94,data/raw/speech/english/LibriSpeech/dev-clean/2902/9006/2902-9006-0004.flac
data/processed/speech/english/LibriSpeech/dev-clean/2902/9006/2902-9006-0005.wav,30.98,data/raw/speech/english/LibriSpeech/dev-clean/2902/9006/2902-9006-0005.flac
data/processed/speech/english/LibriSpeech/dev-clean/2902/9006/2902-9006-0006.wav,3.07,data/raw/speech/english/LibriSpeech/dev-clean/2902/9006/2902-9006-0006.flac
data/processed/speech/english/LibriSpeech/dev-clean/2902/9006/2902-9006-0007.wav,30.11,data/raw/speech/english/LibriSpeech/dev-clean/2902/9006/2902-9006-0007.flac
data/processed/speech/english/LibriSpeech/dev-clean/2902/9006/2902-9006-0008.wav,10.27,data/raw/speech/english/LibriSpeech/dev-clean/2902/9006/2902-9006-0008.flac
data/processed/speech/english/LibriSpeech/dev-clean/2902/9006/2902-9006-0009.wav,10.85,data/raw/speech/english/LibriSpeech/dev-clean/2902/9006/2902-9006-0009.flac
data/processed/speech/english/LibriSpeech/dev-clean/2902/9006/2902-9006-0010.wav,3.36,data/raw/speech/english/LibriSpeech/dev-clean/2902/9006/2902-9006-0010.flac
data/processed/speech/english/LibriSpeech/dev-clean/2902/9006/2902-9006-0011.wav,3.36,data/raw/speech/english/LibriSpeech/dev-clean/2902/9006/2902-9006-0011.flac
data/processed/speech/english/LibriSpeech/dev-clean/2902/9006/2902-9006-0012.wav,5.76,data/raw/speech/english/LibriSpeech/dev-clean/2902/9006/2902-9006-0012.flac
data/processed/speech/english/LibriSpeech/dev-clean/2902/9006/2902-9006-0013.wav,16.77,data/raw/speech/english/LibriSpeech/dev-clean/2902/9006/2902-9006-0013.flac
data/processed/speech/english/LibriSpeech/dev-clean/2902/9006/2902-9006-0014.wav,19.3,data/raw/speech/english/LibriSpeech/dev-clean/2902/9006/2902-9006-0014.flac
data/processed/speech/english/LibriSpeech/dev-clean/2902/9006/2902-9006-0015.wav,31.07,data/raw/speech/english/LibriSpeech/dev-clean/2902/9006/2902-9006-0015.flac
data/processed/speech/english/LibriSpeech/dev-clean/2902/9006/2902-9006-0016.wav,11.04,data/raw/speech/english/LibriSpeech/dev-clean/2902/9006/2902-9006-0016.flac
data/processed/speech/english/LibriSpeech/dev-clean/2902/9006/2902-9006-0017.wav,22.53,data/raw/speech/english/LibriSpeech/dev-clean/2902/9006/2902-9006-0017.flac
data/processed/speech/english/LibriSpeech/dev-clean/2902/9006/2902-9006-0018.wav,30.98,data/raw/speech/english/LibriSpeech/dev-clean/2902/9006/2902-9006-0018.flac
data/processed/speech/english/LibriSpeech/dev-clean/2902/9006/2902-9006-0019.wav,12.8,data/raw/speech/english/LibriSpeech/dev-clean/2902/9006/2902-9006-0019.flac
data/processed/speech/english/LibriSpeech/dev-clean/2902/9006/2902-9006-0020.wav,4.54,data/raw/speech/english/LibriSpeech/dev-clean/2902/9006/2902-9006-0020.flac
data/processed/speech/english/LibriSpeech/dev-clean/2902/9008/2902-9008-0000.wav,10.69,data/raw/speech/english/LibriSpeech/dev-clean/2902/9008/2902-9008-0000.flac
data/processed/speech/english/LibriSpeech/dev-clean/2902/9008/2902-9008-0001.wav,15.81,data/raw/speech/english/LibriSpeech/dev-clean/2902/9008/2902-9008-0001.flac
data/processed/speech/english/LibriSpeech/dev-clean/2902/9008/2902-9008-0002.wav,23.2,data/raw/speech/english/LibriSpeech/dev-clean/2902/9008/2902-9008-0002.flac
data/processed/speech/english/LibriSpeech/dev-clean/2902/9008/2902-9008-0003.wav,13.6,data/raw/speech/english/LibriSpeech/dev-clean/2902/9008/2902-9008-0003.flac
data/processed/speech/english/LibriSpeech/dev-clean/2902/9008/2902-9008-0004.wav,4.77,data/raw/speech/english/LibriSpeech/dev-clean/2902/9008/2902-9008-0004.flac
data/processed/speech/english/LibriSpeech/dev-clean/2902/9008/2902-9008-0005.wav,4.13,data/raw/speech/english/LibriSpeech/dev-clean/2902/9008/2902-9008-0005.flac
data/processed/speech/english/LibriSpeech/dev-clean/2902/9008/2902-9008-0006.wav,17.25,data/raw/speech/english/LibriSpeech/dev-clean/2902/9008/2902-9008-0006.flac
data/processed/speech/english/LibriSpeech/dev-clean/2902/9008/2902-9008-0007.wav,4.9,data/raw/speech/english/LibriSpeech/dev-clean/2902/9008/2902-9008-0007.flac
data/processed/speech/english/LibriSpeech/dev-clean/2902/9008/2902-9008-0008.wav,1.47,data/raw/speech/english/LibriSpeech/dev-clean/2902/9008/2902-9008-0008.flac
data/processed/speech/english/LibriSpeech/dev-clean/2902/9008/2902-9008-0009.wav,4.32,data/raw/speech/english/LibriSpeech/dev-clean/2902/9008/2902-9008-0009.flac
data/processed/speech/english/LibriSpeech/dev-clean/2902/9008/2902-9008-0010.wav,7.1,data/raw/speech/english/LibriSpeech/dev-clean/2902/9008/2902-9008-0010.flac
data/processed/speech/english/LibriSpeech/dev-clean/2902/9008/2902-9008-0011.wav,6.02,data/raw/speech/english/LibriSpeech/dev-clean/2902/9008/2902-9008-0011.flac
data/processed/speech/english/LibriSpeech/dev-clean/2902/9008/2902-9008-0012.wav,5.95,data/raw/speech/english/LibriSpeech/dev-clean/2902/9008/2902-9008-0012.flac
data/processed/speech/english/LibriSpeech/dev-clean/2902/9008/2902-9008-0013.wav,10.72,data/raw/speech/english/LibriSpeech/dev-clean/2902/9008/2902-9008-0013.flac
data/processed/speech/english/LibriSpeech/dev-clean/2902/9008/2902-9008-0014.wav,12.13,data/raw/speech/english/LibriSpeech/dev-clean/2902/9008/2902-9008-0014.flac
data/processed/speech/english/LibriSpeech/dev-clean/2902/9008/2902-9008-0015.wav,2.14,data/raw/speech/english/LibriSpeech/dev-clean/2902/9008/2902-9008-0015.flac
data/processed/speech/english/LibriSpeech/dev-clean/2902/9008/2902-9008-0016.wav,2.4,data/raw/speech/english/LibriSpeech/dev-clean/2902/9008/2902-9008-0016.flac
data/processed/speech/english/LibriSpeech/dev-clean/3000/15664/3000-15664-0000.wav,2.4,data/raw/speech/english/LibriSpeech/dev-clean/3000/15664/3000-15664-0000.flac
data/processed/speech/english/LibriSpeech/dev-clean/3000/15664/3000-15664-0001.wav,19.9,data/raw/speech/english/LibriSpeech/dev-clean/3000/15664/3000-15664-0001.flac
data/processed/speech/english/LibriSpeech/dev-clean/3000/15664/3000-15664-0002.wav,6.34,data/raw/speech/english/LibriSpeech/dev-clean/3000/15664/3000-15664-0002.flac
data/processed/speech/english/LibriSpeech/dev-clean/3000/15664/3000-15664-0003.wav,3.84,data/raw/speech/english/LibriSpeech/dev-clean/3000/15664/3000-15664-0003.flac
data/processed/speech/english/LibriSpeech/dev-clean/3000/15664/3000-15664-0004.wav,2.05,data/raw/speech/english/LibriSpeech/dev-clean/3000/15664/3000-15664-0004.flac
data/processed/speech/english/LibriSpeech/dev-clean/3000/15664/3000-15664-0005.wav,7.58,data/raw/speech/english/LibriSpeech/dev-clean/3000/15664/3000-15664-0005.flac
data/processed/speech/english/LibriSpeech/dev-clean/3000/15664/3000-15664-0006.wav,1.82,data/raw/speech/english/LibriSpeech/dev-clean/3000/15664/3000-15664-0006.flac
data/processed/speech/english/LibriSpeech/dev-clean/3000/15664/3000-15664-0007.wav,6.3,data/raw/speech/english/LibriSpeech/dev-clean/3000/15664/3000-15664-0007.flac
data/processed/speech/english/LibriSpeech/dev-clean/3000/15664/3000-15664-0008.wav,12.32,data/raw/speech/english/LibriSpeech/dev-clean/3000/15664/3000-15664-0008.flac
data/processed/speech/english/LibriSpeech/dev-clean/3000/15664/3000-15664-0009.wav,7.1,data/raw/speech/english/LibriSpeech/dev-clean/3000/15664/3000-15664-0009.flac
data/processed/speech/english/LibriSpeech/dev-clean/3000/15664/3000-15664-0010.wav,14.72,data/raw/speech/english/LibriSpeech/dev-clean/3000/15664/3000-15664-0010.flac
data/processed/speech/english/LibriSpeech/dev-clean/3000/15664/3000-15664-0011.wav,9.66,data/raw/speech/english/LibriSpeech/dev-clean/3000/15664/3000-15664-0011.flac
data/processed/speech/english/LibriSpeech/dev-clean/3000/15664/3000-15664-0012.wav,11.23,data/raw/speech/english/LibriSpeech/dev-clean/3000/15664/3000-15664-0012.flac
data/processed/speech/english/LibriSpeech/dev-clean/3000/15664/3000-15664-0013.wav,8.42,data/raw/speech/english/LibriSpeech/dev-clean/3000/15664/3000-15664-0013.flac
data/processed/speech/english/LibriSpeech/dev-clean/3000/15664/3000-15664-0014.wav,6.37,data/raw/speech/english/LibriSpeech/dev-clean/3000/15664/3000-15664-0014.flac
data/processed/speech/english/LibriSpeech/dev-clean/3000/15664/3000-15664-0015.wav,12.42,data/raw/speech/english/LibriSpeech/dev-clean/3000/15664/3000-15664-0015.flac
data/processed/speech/english/LibriSpeech/dev-clean/3000/15664/3000-15664-0016.wav,8.06,data/raw/speech/english/LibriSpeech/dev-clean/3000/15664/3000-15664-0016.flac
data/processed/speech/english/LibriSpeech/dev-clean/3000/15664/3000-15664-0017.wav,13.41,data/raw/speech/english/LibriSpeech/dev-clean/3000/15664/3000-15664-0017.flac
data/processed/speech/english/LibriSpeech/dev-clean/3000/15664/3000-15664-0018.wav,4.96,data/raw/speech/english/LibriSpeech/dev-clean/3000/15664/3000-15664-0018.flac
data/processed/speech/english/LibriSpeech/dev-clean/3000/15664/3000-15664-0019.wav,16.58,data/raw/speech/english/LibriSpeech/dev-clean/3000/15664/3000-15664-0019.flac
data/processed/speech/english/LibriSpeech/dev-clean/3000/15664/3000-15664-0020.wav,15.39,data/raw/speech/english/LibriSpeech/dev-clean/3000/15664/3000-15664-0020.flac
data/processed/speech/english/LibriSpeech/dev-clean/3000/15664/3000-15664-0021.wav,11.94,data/raw/speech/english/LibriSpeech/dev-clean/3000/15664/3000-15664-0021.flac
data/processed/speech/english/LibriSpeech/dev-clean/3000/15664/3000-15664-0022.wav,5.79,data/raw/speech/english/LibriSpeech/dev-clean/3000/15664/3000-15664-0022.flac
data/processed/speech/english/LibriSpeech/dev-clean/3000/15664/3000-15664-0023.wav,4.38,data/raw/speech/english/LibriSpeech/dev-clean/3000/15664/3000-15664-0023.flac
data/processed/speech/english/LibriSpeech/dev-clean/3000/15664/3000-15664-0024.wav,13.38,data/raw/speech/english/LibriSpeech/dev-clean/3000/15664/3000-15664-0024.flac
data/processed/speech/english/LibriSpeech/dev-clean/3000/15664/3000-15664-0025.wav,4.1,data/raw/speech/english/LibriSpeech/dev-clean/3000/15664/3000-15664-0025.flac
data/processed/speech/english/LibriSpeech/dev-clean/3000/15664/3000-15664-0026.wav,1.82,data/raw/speech/english/LibriSpeech/dev-clean/3000/15664/3000-15664-0026.flac
data/processed/speech/english/LibriSpeech/dev-clean/3000/15664/3000-15664-0027.wav,3.49,data/raw/speech/english/LibriSpeech/dev-clean/3000/15664/3000-15664-0027.flac
data/processed/speech/english/LibriSpeech/dev-clean/3000/15664/3000-15664-0028.wav,5.86,data/raw/speech/english/LibriSpeech/dev-clean/3000/15664/3000-15664-0028.flac
data/processed/speech/english/LibriSpeech/dev-clean/3000/15664/3000-15664-0029.wav,4.99,data/raw/speech/english/LibriSpeech/dev-clean/3000/15664/3000-15664-0029.flac
data/processed/speech/english/LibriSpeech/dev-clean/3000/15664/3000-15664-0030.wav,2.27,data/raw/speech/english/LibriSpeech/dev-clean/3000/15664/3000-15664-0030.flac
data/processed/speech/english/LibriSpeech/dev-clean/3000/15664/3000-15664-0031.wav,9.09,data/raw/speech/english/LibriSpeech/dev-clean/3000/15664/3000-15664-0031.flac
data/processed/speech/english/LibriSpeech/dev-clean/3000/15664/3000-15664-0032.wav,10.11,data/raw/speech/english/LibriSpeech/dev-clean/3000/15664/3000-15664-0032.flac
data/processed/speech/english/LibriSpeech/dev-clean/3000/15664/3000-15664-0033.wav,21.66,data/raw/speech/english/LibriSpeech/dev-clean/3000/15664/3000-15664-0033.flac
data/processed/speech/english/LibriSpeech/dev-clean/3000/15664/3000-15664-0034.wav,15.1,data/raw/speech/english/LibriSpeech/dev-clean/3000/15664/3000-15664-0034.flac
data/processed/speech/english/LibriSpeech/dev-clean/3000/15664/3000-15664-0035.wav,18.56,data/raw/speech/english/LibriSpeech/dev-clean/3000/15664/3000-15664-0035.flac
data/processed/speech/english/LibriSpeech/dev-clean/3000/15664/3000-15664-0036.wav,11.42,data/raw/speech/english/LibriSpeech/dev-clean/3000/15664/3000-15664-0036.flac
data/processed/speech/english/LibriSpeech/dev-clean/3000/15664/3000-15664-0037.wav,9.31,data/raw/speech/english/LibriSpeech/dev-clean/3000/15664/3000-15664-0037.flac
data/processed/speech/english/LibriSpeech/dev-clean/3000/15664/3000-15664-0038.wav,15.04,data/raw/speech/english/LibriSpeech/dev-clean/3000/15664/3000-15664-0038.flac
data/processed/speech/english/LibriSpeech/dev-clean/3000/15664/3000-15664-0039.wav,3.94,data/raw/speech/english/LibriSpeech/dev-clean/3000/15664/3000-15664-0039.flac
data/processed/speech/english/LibriSpeech/dev-clean/3000/15664/3000-15664-0040.wav,9.54,data/raw/speech/english/LibriSpeech/dev-clean/3000/15664/3000-15664-0040.flac
data/processed/speech/english/LibriSpeech/dev-clean/3000/15664/3000-15664-0041.wav,27.68,data/raw/speech/english/LibriSpeech/dev-clean/3000/15664/3000-15664-0041.flac
data/processed/speech/english/LibriSpeech/dev-clean/3000/15664/3000-15664-0042.wav,5.63,data/raw/speech/english/LibriSpeech/dev-clean/3000/15664/3000-15664-0042.flac
data/processed/speech/english/LibriSpeech/dev-clean/3000/15664/3000-15664-0043.wav,9.12,data/raw/speech/english/LibriSpeech/dev-clean/3000/15664/3000-15664-0043.flac
data/processed/speech/english/LibriSpeech/dev-clean/3000/15664/3000-15664-0044.wav,12.93,data/raw/speech/english/LibriSpeech/dev-clean/3000/15664/3000-15664-0044.flac
data/processed/speech/english/LibriSpeech/dev-clean/3000/15664/3000-15664-0045.wav,12.06,data/raw/speech/english/LibriSpeech/dev-clean/3000/15664/3000-15664-0045.flac
data/processed/speech/english/LibriSpeech/dev-clean/3000/15664/3000-15664-0046.wav,4.61,data/raw/speech/english/LibriSpeech/dev-clean/3000/15664/3000-15664-0046.flac
data/processed/speech/english/LibriSpeech/dev-clean/3081/166546/3081-166546-0000.wav,10.34,data/raw/speech/english/LibriSpeech/dev-clean/3081/166546/3081-166546-0000.flac
data/processed/speech/english/LibriSpeech/dev-clean/3081/166546/3081-166546-0001.wav,9.08,data/raw/speech/english/LibriSpeech/dev-clean/3081/166546/3081-166546-0001.flac
data/processed/speech/english/LibriSpeech/dev-clean/3081/166546/3081-166546-0002.wav,2.83,data/raw/speech/english/LibriSpeech/dev-clean/3081/166546/3081-166546-0002.flac
data/processed/speech/english/LibriSpeech/dev-clean/3081/166546/3081-166546-0003.wav,4.12,data/raw/speech/english/LibriSpeech/dev-clean/3081/166546/3081-166546-0003.flac
data/processed/speech/english/LibriSpeech/dev-clean/3081/166546/3081-166546-0004.wav,3.58,data/raw/speech/english/LibriSpeech/dev-clean/3081/166546/3081-166546-0004.flac
data/processed/speech/english/LibriSpeech/dev-clean/3081/166546/3081-166546-0005.wav,2.02,data/raw/speech/english/LibriSpeech/dev-clean/3081/166546/3081-166546-0005.flac
data/processed/speech/english/LibriSpeech/dev-clean/3081/166546/3081-166546-0006.wav,3.77,data/raw/speech/english/LibriSpeech/dev-clean/3081/166546/3081-166546-0006.flac
data/processed/speech/english/LibriSpeech/dev-clean/3081/166546/3081-166546-0007.wav,5.66,data/raw/speech/english/LibriSpeech/dev-clean/3081/166546/3081-166546-0007.flac
data/processed/speech/english/LibriSpeech/dev-clean/3081/166546/3081-166546-0008.wav,1.77,data/raw/speech/english/LibriSpeech/dev-clean/3081/166546/3081-166546-0008.flac
data/processed/speech/english/LibriSpeech/dev-clean/3081/166546/3081-166546-0009.wav,3.78,data/raw/speech/english/LibriSpeech/dev-clean/3081/166546/3081-166546-0009.flac
data/processed/speech/english/LibriSpeech/dev-clean/3081/166546/3081-166546-0010.wav,5.14,data/raw/speech/english/LibriSpeech/dev-clean/3081/166546/3081-166546-0010.flac
data/processed/speech/english/LibriSpeech/dev-clean/3081/166546/3081-166546-0011.wav,6.21,data/raw/speech/english/LibriSpeech/dev-clean/3081/166546/3081-166546-0011.flac
data/processed/speech/english/LibriSpeech/dev-clean/3081/166546/3081-166546-0012.wav,6.72,data/raw/speech/english/LibriSpeech/dev-clean/3081/166546/3081-166546-0012.flac
data/processed/speech/english/LibriSpeech/dev-clean/3081/166546/3081-166546-0013.wav,5.22,data/raw/speech/english/LibriSpeech/dev-clean/3081/166546/3081-166546-0013.flac
data/processed/speech/english/LibriSpeech/dev-clean/3081/166546/3081-166546-0014.wav,3.52,data/raw/speech/english/LibriSpeech/dev-clean/3081/166546/3081-166546-0014.flac
data/processed/speech/english/LibriSpeech/dev-clean/3081/166546/3081-166546-0015.wav,2.72,data/raw/speech/english/LibriSpeech/dev-clean/3081/166546/3081-166546-0015.flac
data/processed/speech/english/LibriSpeech/dev-clean/3081/166546/3081-166546-0016.wav,7.68,data/raw/speech/english/LibriSpeech/dev-clean/3081/166546/3081-166546-0016.flac
data/processed/speech/english/LibriSpeech/dev-clean/3081/166546/3081-166546-0017.wav,3.94,data/raw/speech/english/LibriSpeech/dev-clean/3081/166546/3081-166546-0017.flac
data/processed/speech/english/LibriSpeech/dev-clean/3081/166546/3081-166546-0018.wav,1.74,data/raw/speech/english/LibriSpeech/dev-clean/3081/166546/3081-166546-0018.flac
data/processed/speech/english/LibriSpeech/dev-clean/3081/166546/3081-166546-0019.wav,3.9,data/raw/speech/english/LibriSpeech/dev-clean/3081/166546/3081-166546-0019.flac
data/processed/speech/english/LibriSpeech/dev-clean/3081/166546/3081-166546-0020.wav,5.34,data/raw/speech/english/LibriSpeech/dev-clean/3081/166546/3081-166546-0020.flac
data/processed/speech/english/LibriSpeech/dev-clean/3081/166546/3081-166546-0021.wav,2.91,data/raw/speech/english/LibriSpeech/dev-clean/3081/166546/3081-166546-0021.flac
data/processed/speech/english/LibriSpeech/dev-clean/3081/166546/3081-166546-0022.wav,10.6,data/raw/speech/english/LibriSpeech/dev-clean/3081/166546/3081-166546-0022.flac
data/processed/speech/english/LibriSpeech/dev-clean/3081/166546/3081-166546-0023.wav,10.25,data/raw/speech/english/LibriSpeech/dev-clean/3081/166546/3081-166546-0023.flac
data/processed/speech/english/LibriSpeech/dev-clean/3081/166546/3081-166546-0024.wav,4.33,data/raw/speech/english/LibriSpeech/dev-clean/3081/166546/3081-166546-0024.flac
data/processed/speech/english/LibriSpeech/dev-clean/3081/166546/3081-166546-0025.wav,2.62,data/raw/speech/english/LibriSpeech/dev-clean/3081/166546/3081-166546-0025.flac
data/processed/speech/english/LibriSpeech/dev-clean/3081/166546/3081-166546-0026.wav,9.81,data/raw/speech/english/LibriSpeech/dev-clean/3081/166546/3081-166546-0026.flac
data/processed/speech/english/LibriSpeech/dev-clean/3081/166546/3081-166546-0027.wav,3.98,data/raw/speech/english/LibriSpeech/dev-clean/3081/166546/3081-166546-0027.flac
data/processed/speech/english/LibriSpeech/dev-clean/3081/166546/3081-166546-0028.wav,3.98,data/raw/speech/english/LibriSpeech/dev-clean/3081/166546/3081-166546-0028.flac
data/processed/speech/english/LibriSpeech/dev-clean/3081/166546/3081-166546-0029.wav,6.88,data/raw/speech/english/LibriSpeech/dev-clean/3081/166546/3081-166546-0029.flac
data/processed/speech/english/LibriSpeech/dev-clean/3081/166546/3081-166546-0030.wav,13.5,data/raw/speech/english/LibriSpeech/dev-clean/3081/166546/3081-166546-0030.flac
data/processed/speech/english/LibriSpeech/dev-clean/3081/166546/3081-166546-0031.wav,10.5,data/raw/speech/english/LibriSpeech/dev-clean/3081/166546/3081-166546-0031.flac
data/processed/speech/english/LibriSpeech/dev-clean/3081/166546/3081-166546-0032.wav,3.69,data/raw/speech/english/LibriSpeech/dev-clean/3081/166546/3081-166546-0032.flac
data/processed/speech/english/LibriSpeech/dev-clean/3081/166546/3081-166546-0033.wav,2.7,data/raw/speech/english/LibriSpeech/dev-clean/3081/166546/3081-166546-0033.flac
data/processed/speech/english/LibriSpeech/dev-clean/3081/166546/3081-166546-0034.wav,4.9,data/raw/speech/english/LibriSpeech/dev-clean/3081/166546/3081-166546-0034.flac
data/processed/speech/english/LibriSpeech/dev-clean/3081/166546/3081-166546-0035.wav,2.37,data/raw/speech/english/LibriSpeech/dev-clean/3081/166546/3081-166546-0035.flac
data/processed/speech/english/LibriSpeech/dev-clean/3081/166546/3081-166546-0036.wav,2.74,data/raw/speech/english/LibriSpeech/dev-clean/3081/166546/3081-166546-0036.flac
data/processed/speech/english/LibriSpeech/dev-clean/3081/166546/3081-166546-0037.wav,6.53,data/raw/speech/english/LibriSpeech/dev-clean/3081/166546/3081-166546-0037.flac
data/processed/speech/english/LibriSpeech/dev-clean/3081/166546/3081-166546-0038.wav,3.08,data/raw/speech/english/LibriSpeech/dev-clean/3081/166546/3081-166546-0038.flac
data/processed/speech/english/LibriSpeech/dev-clean/3081/166546/3081-166546-0039.wav,4.2,data/raw/speech/english/LibriSpeech/dev-clean/3081/166546/3081-166546-0039.flac
data/processed/speech/english/LibriSpeech/dev-clean/3081/166546/3081-166546-0040.wav,4.86,data/raw/speech/english/LibriSpeech/dev-clean/3081/166546/3081-166546-0040.flac
data/processed/speech/english/LibriSpeech/dev-clean/3081/166546/3081-166546-0041.wav,2.73,data/raw/speech/english/LibriSpeech/dev-clean/3081/166546/3081-166546-0041.flac
data/processed/speech/english/LibriSpeech/dev-clean/3081/166546/3081-166546-0042.wav,5.2,data/raw/speech/english/LibriSpeech/dev-clean/3081/166546/3081-166546-0042.flac
data/processed/speech/english/LibriSpeech/dev-clean/3081/166546/3081-166546-0043.wav,5.62,data/raw/speech/english/LibriSpeech/dev-clean/3081/166546/3081-166546-0043.flac
data/processed/speech/english/LibriSpeech/dev-clean/3081/166546/3081-166546-0044.wav,4.5,data/raw/speech/english/LibriSpeech/dev-clean/3081/166546/3081-166546-0044.flac
data/processed/speech/english/LibriSpeech/dev-clean/3081/166546/3081-166546-0045.wav,9.48,data/raw/speech/english/LibriSpeech/dev-clean/3081/166546/3081-166546-0045.flac
data/processed/speech/english/LibriSpeech/dev-clean/3081/166546/3081-166546-0046.wav,3.98,data/raw/speech/english/LibriSpeech/dev-clean/3081/166546/3081-166546-0046.flac
data/processed/speech/english/LibriSpeech/dev-clean/3081/166546/3081-166546-0047.wav,4.76,data/raw/speech/english/LibriSpeech/dev-clean/3081/166546/3081-166546-0047.flac
data/processed/speech/english/LibriSpeech/dev-clean/3081/166546/3081-166546-0048.wav,4.78,data/raw/speech/english/LibriSpeech/dev-clean/3081/166546/3081-166546-0048.flac
data/processed/speech/english/LibriSpeech/dev-clean/3081/166546/3081-166546-0049.wav,3.46,data/raw/speech/english/LibriSpeech/dev-clean/3081/166546/3081-166546-0049.flac
data/processed/speech/english/LibriSpeech/dev-clean/3081/166546/3081-166546-0050.wav,3.76,data/raw/speech/english/LibriSpeech/dev-clean/3081/166546/3081-166546-0050.flac
data/processed/speech/english/LibriSpeech/dev-clean/3081/166546/3081-166546-0051.wav,11.23,data/raw/speech/english/LibriSpeech/dev-clean/3081/166546/3081-166546-0051.flac
data/processed/speech/english/LibriSpeech/dev-clean/3081/166546/3081-166546-0052.wav,3.38,data/raw/speech/english/LibriSpeech/dev-clean/3081/166546/3081-166546-0052.flac
data/processed/speech/english/LibriSpeech/dev-clean/3081/166546/3081-166546-0053.wav,2.67,data/raw/speech/english/LibriSpeech/dev-clean/3081/166546/3081-166546-0053.flac
data/processed/speech/english/LibriSpeech/dev-clean/3081/166546/3081-166546-0054.wav,3.45,data/raw/speech/english/LibriSpeech/dev-clean/3081/166546/3081-166546-0054.flac
data/processed/speech/english/LibriSpeech/dev-clean/3081/166546/3081-166546-0055.wav,3.88,data/raw/speech/english/LibriSpeech/dev-clean/3081/166546/3081-166546-0055.flac
data/processed/speech/english/LibriSpeech/dev-clean/3081/166546/3081-166546-0056.wav,4.73,data/raw/speech/english/LibriSpeech/dev-clean/3081/166546/3081-166546-0056.flac
data/processed/speech/english/LibriSpeech/dev-clean/3081/166546/3081-166546-0057.wav,2.67,data/raw/speech/english/LibriSpeech/dev-clean/3081/166546/3081-166546-0057.flac
data/processed/speech/english/LibriSpeech/dev-clean/3081/166546/3081-166546-0058.wav,4.42,data/raw/speech/english/LibriSpeech/dev-clean/3081/166546/3081-166546-0058.flac
data/processed/speech/english/LibriSpeech/dev-clean/3081/166546/3081-166546-0059.wav,5.92,data/raw/speech/english/LibriSpeech/dev-clean/3081/166546/3081-166546-0059.flac
data/processed/speech/english/LibriSpeech/dev-clean/3081/166546/3081-166546-0060.wav,2.74,data/raw/speech/english/LibriSpeech/dev-clean/3081/166546/3081-166546-0060.flac
data/processed/speech/english/LibriSpeech/dev-clean/3081/166546/3081-166546-0061.wav,5.09,data/raw/speech/english/LibriSpeech/dev-clean/3081/166546/3081-166546-0061.flac
data/processed/speech/english/LibriSpeech/dev-clean/3081/166546/3081-166546-0062.wav,7.94,data/raw/speech/english/LibriSpeech/dev-clean/3081/166546/3081-166546-0062.flac
data/processed/speech/english/LibriSpeech/dev-clean/3081/166546/3081-166546-0063.wav,1.74,data/raw/speech/english/LibriSpeech/dev-clean/3081/166546/3081-166546-0063.flac
data/processed/speech/english/LibriSpeech/dev-clean/3081/166546/3081-166546-0064.wav,3.93,data/raw/speech/english/LibriSpeech/dev-clean/3081/166546/3081-166546-0064.flac
data/processed/speech/english/LibriSpeech/dev-clean/3081/166546/3081-166546-0065.wav,3.28,data/raw/speech/english/LibriSpeech/dev-clean/3081/166546/3081-166546-0065.flac
data/processed/speech/english/LibriSpeech/dev-clean/3081/166546/3081-166546-0066.wav,4.7,data/raw/speech/english/LibriSpeech/dev-clean/3081/166546/3081-166546-0066.flac
data/processed/speech/english/LibriSpeech/dev-clean/3081/166546/3081-166546-0067.wav,7.52,data/raw/speech/english/LibriSpeech/dev-clean/3081/166546/3081-166546-0067.flac
data/processed/speech/english/LibriSpeech/dev-clean/3081/166546/3081-166546-0068.wav,2.53,data/raw/speech/english/LibriSpeech/dev-clean/3081/166546/3081-166546-0068.flac
data/processed/speech/english/LibriSpeech/dev-clean/3081/166546/3081-166546-0069.wav,3.71,data/raw/speech/english/LibriSpeech/dev-clean/3081/166546/3081-166546-0069.flac
data/processed/speech/english/LibriSpeech/dev-clean/3081/166546/3081-166546-0070.wav,11.73,data/raw/speech/english/LibriSpeech/dev-clean/3081/166546/3081-166546-0070.flac
data/processed/speech/english/LibriSpeech/dev-clean/3081/166546/3081-166546-0071.wav,6.28,data/raw/speech/english/LibriSpeech/dev-clean/3081/166546/3081-166546-0071.flac
data/processed/speech/english/LibriSpeech/dev-clean/3081/166546/3081-166546-0072.wav,3.23,data/raw/speech/english/LibriSpeech/dev-clean/3081/166546/3081-166546-0072.flac
data/processed/speech/english/LibriSpeech/dev-clean/3081/166546/3081-166546-0073.wav,1.45,data/raw/speech/english/LibriSpeech/dev-clean/3081/166546/3081-166546-0073.flac
data/processed/speech/english/LibriSpeech/dev-clean/3081/166546/3081-166546-0074.wav,11.12,data/raw/speech/english/LibriSpeech/dev-clean/3081/166546/3081-166546-0074.flac
data/processed/speech/english/LibriSpeech/dev-clean/3081/166546/3081-166546-0075.wav,2.48,data/raw/speech/english/LibriSpeech/dev-clean/3081/166546/3081-166546-0075.flac
data/processed/speech/english/LibriSpeech/dev-clean/3081/166546/3081-166546-0076.wav,1.94,data/raw/speech/english/LibriSpeech/dev-clean/3081/166546/3081-166546-0076.flac
data/processed/speech/english/LibriSpeech/dev-clean/3081/166546/3081-166546-0077.wav,10.4,data/raw/speech/english/LibriSpeech/dev-clean/3081/166546/3081-166546-0077.flac
data/processed/speech/english/LibriSpeech/dev-clean/3081/166546/3081-166546-0078.wav,4.33,data/raw/speech/english/LibriSpeech/dev-clean/3081/166546/3081-166546-0078.flac
data/processed/speech/english/LibriSpeech/dev-clean/3081/166546/3081-166546-0079.wav,8.26,data/raw/speech/english/LibriSpeech/dev-clean/3081/166546/3081-166546-0079.flac
data/processed/speech/english/LibriSpeech/dev-clean/3081/166546/3081-166546-0080.wav,4.32,data/raw/speech/english/LibriSpeech/dev-clean/3081/166546/3081-166546-0080.flac
data/processed/speech/english/LibriSpeech/dev-clean/3081/166546/3081-166546-0081.wav,3.06,data/raw/speech/english/LibriSpeech/dev-clean/3081/166546/3081-166546-0081.flac
data/processed/speech/english/LibriSpeech/dev-clean/3081/166546/3081-166546-0082.wav,7.66,data/raw/speech/english/LibriSpeech/dev-clean/3081/166546/3081-166546-0082.flac
data/processed/speech/english/LibriSpeech/dev-clean/3081/166546/3081-166546-0083.wav,2.87,data/raw/speech/english/LibriSpeech/dev-clean/3081/166546/3081-166546-0083.flac
data/processed/speech/english/LibriSpeech/dev-clean/3081/166546/3081-166546-0084.wav,3.35,data/raw/speech/english/LibriSpeech/dev-clean/3081/166546/3081-166546-0084.flac
data/processed/speech/english/LibriSpeech/dev-clean/3081/166546/3081-166546-0085.wav,11.25,data/raw/speech/english/LibriSpeech/dev-clean/3081/166546/3081-166546-0085.flac
data/processed/speech/english/LibriSpeech/dev-clean/3081/166546/3081-166546-0086.wav,3.68,data/raw/speech/english/LibriSpeech/dev-clean/3081/166546/3081-166546-0086.flac
data/processed/speech/english/LibriSpeech/dev-clean/3081/166546/3081-166546-0087.wav,9.62,data/raw/speech/english/LibriSpeech/dev-clean/3081/166546/3081-166546-0087.flac
data/processed/speech/english/LibriSpeech/dev-clean/3081/166546/3081-166546-0088.wav,10.78,data/raw/speech/english/LibriSpeech/dev-clean/3081/166546/3081-166546-0088.flac
data/processed/speech/english/LibriSpeech/dev-clean/3081/166546/3081-166546-0089.wav,12.49,data/raw/speech/english/LibriSpeech/dev-clean/3081/166546/3081-166546-0089.flac
data/processed/speech/english/LibriSpeech/dev-clean/3170/137482/3170-137482-0000.wav,27.04,data/raw/speech/english/LibriSpeech/dev-clean/3170/137482/3170-137482-0000.flac
data/processed/speech/english/LibriSpeech/dev-clean/3170/137482/3170-137482-0001.wav,20.19,data/raw/speech/english/LibriSpeech/dev-clean/3170/137482/3170-137482-0001.flac
data/processed/speech/english/LibriSpeech/dev-clean/3170/137482/3170-137482-0002.wav,18.91,data/raw/speech/english/LibriSpeech/dev-clean/3170/137482/3170-137482-0002.flac
data/processed/speech/english/LibriSpeech/dev-clean/3170/137482/3170-137482-0003.wav,18.46,data/raw/speech/english/LibriSpeech/dev-clean/3170/137482/3170-137482-0003.flac
data/processed/speech/english/LibriSpeech/dev-clean/3170/137482/3170-137482-0004.wav,3.36,data/raw/speech/english/LibriSpeech/dev-clean/3170/137482/3170-137482-0004.flac
data/processed/speech/english/LibriSpeech/dev-clean/3170/137482/3170-137482-0005.wav,7.9,data/raw/speech/english/LibriSpeech/dev-clean/3170/137482/3170-137482-0005.flac
data/processed/speech/english/LibriSpeech/dev-clean/3170/137482/3170-137482-0006.wav,6.14,data/raw/speech/english/LibriSpeech/dev-clean/3170/137482/3170-137482-0006.flac
data/processed/speech/english/LibriSpeech/dev-clean/3170/137482/3170-137482-0007.wav,16.86,data/raw/speech/english/LibriSpeech/dev-clean/3170/137482/3170-137482-0007.flac
data/processed/speech/english/LibriSpeech/dev-clean/3170/137482/3170-137482-0008.wav,2.94,data/raw/speech/english/LibriSpeech/dev-clean/3170/137482/3170-137482-0008.flac
data/processed/speech/english/LibriSpeech/dev-clean/3170/137482/3170-137482-0009.wav,6.78,data/raw/speech/english/LibriSpeech/dev-clean/3170/137482/3170-137482-0009.flac
data/processed/speech/english/LibriSpeech/dev-clean/3170/137482/3170-137482-0010.wav,9.12,data/raw/speech/english/LibriSpeech/dev-clean/3170/137482/3170-137482-0010.flac
data/processed/speech/english/LibriSpeech/dev-clean/3170/137482/3170-137482-0011.wav,7.71,data/raw/speech/english/LibriSpeech/dev-clean/3170/137482/3170-137482-0011.flac
data/processed/speech/english/LibriSpeech/dev-clean/3170/137482/3170-137482-0012.wav,2.24,data/raw/speech/english/LibriSpeech/dev-clean/3170/137482/3170-137482-0012.flac
data/processed/speech/english/LibriSpeech/dev-clean/3170/137482/3170-137482-0013.wav,1.44,data/raw/speech/english/LibriSpeech/dev-clean/3170/137482/3170-137482-0013.flac
data/processed/speech/english/LibriSpeech/dev-clean/3170/137482/3170-137482-0014.wav,2.46,data/raw/speech/english/LibriSpeech/dev-clean/3170/137482/3170-137482-0014.flac
data/processed/speech/english/LibriSpeech/dev-clean/3170/137482/3170-137482-0015.wav,8.99,data/raw/speech/english/LibriSpeech/dev-clean/3170/137482/3170-137482-0015.flac
data/processed/speech/english/LibriSpeech/dev-clean/3170/137482/3170-137482-0016.wav,3.81,data/raw/speech/english/LibriSpeech/dev-clean/3170/137482/3170-137482-0016.flac
data/processed/speech/english/LibriSpeech/dev-clean/3170/137482/3170-137482-0017.wav,13.18,data/raw/speech/english/LibriSpeech/dev-clean/3170/137482/3170-137482-0017.flac
data/processed/speech/english/LibriSpeech/dev-clean/3170/137482/3170-137482-0018.wav,7.42,data/raw/speech/english/LibriSpeech/dev-clean/3170/137482/3170-137482-0018.flac
data/processed/speech/english/LibriSpeech/dev-clean/3170/137482/3170-137482-0019.wav,4.51,data/raw/speech/english/LibriSpeech/dev-clean/3170/137482/3170-137482-0019.flac
data/processed/speech/english/LibriSpeech/dev-clean/3170/137482/3170-137482-0020.wav,6.59,data/raw/speech/english/LibriSpeech/dev-clean/3170/137482/3170-137482-0020.flac
data/processed/speech/english/LibriSpeech/dev-clean/3170/137482/3170-137482-0021.wav,9.02,data/raw/speech/english/LibriSpeech/dev-clean/3170/137482/3170-137482-0021.flac
data/processed/speech/english/LibriSpeech/dev-clean/3170/137482/3170-137482-0022.wav,13.12,data/raw/speech/english/LibriSpeech/dev-clean/3170/137482/3170-137482-0022.flac
data/processed/speech/english/LibriSpeech/dev-clean/3170/137482/3170-137482-0023.wav,11.36,data/raw/speech/english/LibriSpeech/dev-clean/3170/137482/3170-137482-0023.flac
data/processed/speech/english/LibriSpeech/dev-clean/3170/137482/3170-137482-0024.wav,5.89,data/raw/speech/english/LibriSpeech/dev-clean/3170/137482/3170-137482-0024.flac
data/processed/speech/english/LibriSpeech/dev-clean/3170/137482/3170-137482-0025.wav,6.69,data/raw/speech/english/LibriSpeech/dev-clean/3170/137482/3170-137482-0025.flac
data/processed/speech/english/LibriSpeech/dev-clean/3170/137482/3170-137482-0026.wav,8.42,data/raw/speech/english/LibriSpeech/dev-clean/3170/137482/3170-137482-0026.flac
data/processed/speech/english/LibriSpeech/dev-clean/3170/137482/3170-137482-0027.wav,12.03,data/raw/speech/english/LibriSpeech/dev-clean/3170/137482/3170-137482-0027.flac
data/processed/speech/english/LibriSpeech/dev-clean/3170/137482/3170-137482-0028.wav,2.88,data/raw/speech/english/LibriSpeech/dev-clean/3170/137482/3170-137482-0028.flac
data/processed/speech/english/LibriSpeech/dev-clean/3170/137482/3170-137482-0029.wav,2.11,data/raw/speech/english/LibriSpeech/dev-clean/3170/137482/3170-137482-0029.flac
data/processed/speech/english/LibriSpeech/dev-clean/3170/137482/3170-137482-0030.wav,5.44,data/raw/speech/english/LibriSpeech/dev-clean/3170/137482/3170-137482-0030.flac
data/processed/speech/english/LibriSpeech/dev-clean/3170/137482/3170-137482-0031.wav,16.26,data/raw/speech/english/LibriSpeech/dev-clean/3170/137482/3170-137482-0031.flac
data/processed/speech/english/LibriSpeech/dev-clean/3170/137482/3170-137482-0032.wav,2.66,data/raw/speech/english/LibriSpeech/dev-clean/3170/137482/3170-137482-0032.flac
data/processed/speech/english/LibriSpeech/dev-clean/3170/137482/3170-137482-0033.wav,1.57,data/raw/speech/english/LibriSpeech/dev-clean/3170/137482/3170-137482-0033.flac
data/processed/speech/english/LibriSpeech/dev-clean/3170/137482/3170-137482-0034.wav,6.98,data/raw/speech/english/LibriSpeech/dev-clean/3170/137482/3170-137482-0034.flac
data/processed/speech/english/LibriSpeech/dev-clean/3170/137482/3170-137482-0035.wav,9.12,data/raw/speech/english/LibriSpeech/dev-clean/3170/137482/3170-137482-0035.flac
data/processed/speech/english/LibriSpeech/dev-clean/3170/137482/3170-137482-0036.wav,6.08,data/raw/speech/english/LibriSpeech/dev-clean/3170/137482/3170-137482-0036.flac
data/processed/speech/english/LibriSpeech/dev-clean/3170/137482/3170-137482-0037.wav,4.8,data/raw/speech/english/LibriSpeech/dev-clean/3170/137482/3170-137482-0037.flac
data/processed/speech/english/LibriSpeech/dev-clean/3170/137482/3170-137482-0038.wav,13.02,data/raw/speech/english/LibriSpeech/dev-clean/3170/137482/3170-137482-0038.flac
data/processed/speech/english/LibriSpeech/dev-clean/3170/137482/3170-137482-0039.wav,19.14,data/raw/speech/english/LibriSpeech/dev-clean/3170/137482/3170-137482-0039.flac
data/processed/speech/english/LibriSpeech/dev-clean/3170/137482/3170-137482-0040.wav,12.1,data/raw/speech/english/LibriSpeech/dev-clean/3170/137482/3170-137482-0040.flac
data/processed/speech/english/LibriSpeech/dev-clean/3170/137482/3170-137482-0041.wav,6.05,data/raw/speech/english/LibriSpeech/dev-clean/3170/137482/3170-137482-0041.flac
data/processed/speech/english/LibriSpeech/dev-clean/3170/137482/3170-137482-0042.wav,10.27,data/raw/speech/english/LibriSpeech/dev-clean/3170/137482/3170-137482-0042.flac
data/processed/speech/english/LibriSpeech/dev-clean/3170/137482/3170-137482-0043.wav,9.7,data/raw/speech/english/LibriSpeech/dev-clean/3170/137482/3170-137482-0043.flac
data/processed/speech/english/LibriSpeech/dev-clean/3170/137482/3170-137482-0044.wav,15.9,data/raw/speech/english/LibriSpeech/dev-clean/3170/137482/3170-137482-0044.flac
data/processed/speech/english/LibriSpeech/dev-clean/3170/137482/3170-137482-0045.wav,3.65,data/raw/speech/english/LibriSpeech/dev-clean/3170/137482/3170-137482-0045.flac
data/processed/speech/english/LibriSpeech/dev-clean/3170/137482/3170-137482-0046.wav,8.54,data/raw/speech/english/LibriSpeech/dev-clean/3170/137482/3170-137482-0046.flac
data/processed/speech/english/LibriSpeech/dev-clean/3170/137482/3170-137482-0047.wav,15.87,data/raw/speech/english/LibriSpeech/dev-clean/3170/137482/3170-137482-0047.flac
data/processed/speech/english/LibriSpeech/dev-clean/3170/137482/3170-137482-0048.wav,6.34,data/raw/speech/english/LibriSpeech/dev-clean/3170/137482/3170-137482-0048.flac
data/processed/speech/english/LibriSpeech/dev-clean/3536/23268/3536-23268-0000.wav,19.07,data/raw/speech/english/LibriSpeech/dev-clean/3536/23268/3536-23268-0000.flac
data/processed/speech/english/LibriSpeech/dev-clean/3536/23268/3536-23268-0001.wav,15.17,data/raw/speech/english/LibriSpeech/dev-clean/3536/23268/3536-23268-0001.flac
data/processed/speech/english/LibriSpeech/dev-clean/3536/23268/3536-23268-0002.wav,9.79,data/raw/speech/english/LibriSpeech/dev-clean/3536/23268/3536-23268-0002.flac
data/processed/speech/english/LibriSpeech/dev-clean/3536/23268/3536-23268-0003.wav,7.46,data/raw/speech/english/LibriSpeech/dev-clean/3536/23268/3536-23268-0003.flac
data/processed/speech/english/LibriSpeech/dev-clean/3536/23268/3536-23268-0004.wav,2.34,data/raw/speech/english/LibriSpeech/dev-clean/3536/23268/3536-23268-0004.flac
data/processed/speech/english/LibriSpeech/dev-clean/3536/23268/3536-23268-0005.wav,4.0,data/raw/speech/english/LibriSpeech/dev-clean/3536/23268/3536-23268-0005.flac
data/processed/speech/english/LibriSpeech/dev-clean/3536/23268/3536-23268-0006.wav,4.48,data/raw/speech/english/LibriSpeech/dev-clean/3536/23268/3536-23268-0006.flac
data/processed/speech/english/LibriSpeech/dev-clean/3536/23268/3536-23268-0007.wav,8.51,data/raw/speech/english/LibriSpeech/dev-clean/3536/23268/3536-23268-0007.flac
data/processed/speech/english/LibriSpeech/dev-clean/3536/23268/3536-23268-0008.wav,8.58,data/raw/speech/english/LibriSpeech/dev-clean/3536/23268/3536-23268-0008.flac
data/processed/speech/english/LibriSpeech/dev-clean/3536/23268/3536-23268-0009.wav,4.03,data/raw/speech/english/LibriSpeech/dev-clean/3536/23268/3536-23268-0009.flac
data/processed/speech/english/LibriSpeech/dev-clean/3536/23268/3536-23268-0010.wav,3.1,data/raw/speech/english/LibriSpeech/dev-clean/3536/23268/3536-23268-0010.flac
data/processed/speech/english/LibriSpeech/dev-clean/3536/23268/3536-23268-0011.wav,11.84,data/raw/speech/english/LibriSpeech/dev-clean/3536/23268/3536-23268-0011.flac
data/processed/speech/english/LibriSpeech/dev-clean/3536/23268/3536-23268-0012.wav,6.62,data/raw/speech/english/LibriSpeech/dev-clean/3536/23268/3536-23268-0012.flac
data/processed/speech/english/LibriSpeech/dev-clean/3536/23268/3536-23268-0013.wav,7.1,data/raw/speech/english/LibriSpeech/dev-clean/3536/23268/3536-23268-0013.flac
data/processed/speech/english/LibriSpeech/dev-clean/3536/23268/3536-23268-0014.wav,2.94,data/raw/speech/english/LibriSpeech/dev-clean/3536/23268/3536-23268-0014.flac
data/processed/speech/english/LibriSpeech/dev-clean/3536/23268/3536-23268-0015.wav,3.39,data/raw/speech/english/LibriSpeech/dev-clean/3536/23268/3536-23268-0015.flac
data/processed/speech/english/LibriSpeech/dev-clean/3536/23268/3536-23268-0016.wav,10.4,data/raw/speech/english/LibriSpeech/dev-clean/3536/23268/3536-23268-0016.flac
data/processed/speech/english/LibriSpeech/dev-clean/3536/23268/3536-23268-0017.wav,16.13,data/raw/speech/english/LibriSpeech/dev-clean/3536/23268/3536-23268-0017.flac
data/processed/speech/english/LibriSpeech/dev-clean/3536/23268/3536-23268-0018.wav,6.98,data/raw/speech/english/LibriSpeech/dev-clean/3536/23268/3536-23268-0018.flac
data/processed/speech/english/LibriSpeech/dev-clean/3536/23268/3536-23268-0019.wav,9.57,data/raw/speech/english/LibriSpeech/dev-clean/3536/23268/3536-23268-0019.flac
data/processed/speech/english/LibriSpeech/dev-clean/3536/23268/3536-23268-0020.wav,9.54,data/raw/speech/english/LibriSpeech/dev-clean/3536/23268/3536-23268-0020.flac
data/processed/speech/english/LibriSpeech/dev-clean/3536/23268/3536-23268-0021.wav,13.22,data/raw/speech/english/LibriSpeech/dev-clean/3536/23268/3536-23268-0021.flac
data/processed/speech/english/LibriSpeech/dev-clean/3536/23268/3536-23268-0022.wav,5.38,data/raw/speech/english/LibriSpeech/dev-clean/3536/23268/3536-23268-0022.flac
data/processed/speech/english/LibriSpeech/dev-clean/3536/23268/3536-23268-0023.wav,11.87,data/raw/speech/english/LibriSpeech/dev-clean/3536/23268/3536-23268-0023.flac
data/processed/speech/english/LibriSpeech/dev-clean/3536/23268/3536-23268-0024.wav,5.38,data/raw/speech/english/LibriSpeech/dev-clean/3536/23268/3536-23268-0024.flac
data/processed/speech/english/LibriSpeech/dev-clean/3536/23268/3536-23268-0025.wav,4.58,data/raw/speech/english/LibriSpeech/dev-clean/3536/23268/3536-23268-0025.flac
data/processed/speech/english/LibriSpeech/dev-clean/3536/23268/3536-23268-0026.wav,8.29,data/raw/speech/english/LibriSpeech/dev-clean/3536/23268/3536-23268-0026.flac
data/processed/speech/english/LibriSpeech/dev-clean/3536/23268/3536-23268-0027.wav,9.92,data/raw/speech/english/LibriSpeech/dev-clean/3536/23268/3536-23268-0027.flac
data/processed/speech/english/LibriSpeech/dev-clean/3536/23268/3536-23268-0028.wav,7.81,data/raw/speech/english/LibriSpeech/dev-clean/3536/23268/3536-23268-0028.flac
data/processed/speech/english/LibriSpeech/dev-clean/3536/23268/3536-23268-0029.wav,6.91,data/raw/speech/english/LibriSpeech/dev-clean/3536/23268/3536-23268-0029.flac
data/processed/speech/english/LibriSpeech/dev-clean/3536/23268/3536-23268-0030.wav,7.87,data/raw/speech/english/LibriSpeech/dev-clean/3536/23268/3536-23268-0030.flac
data/processed/speech/english/LibriSpeech/dev-clean/3536/8226/3536-8226-0000.wav,10.34,data/raw/speech/english/LibriSpeech/dev-clean/3536/8226/3536-8226-0000.flac
data/processed/speech/english/LibriSpeech/dev-clean/3536/8226/3536-8226-0001.wav,8.1,data/raw/speech/english/LibriSpeech/dev-clean/3536/8226/3536-8226-0001.flac
data/processed/speech/english/LibriSpeech/dev-clean/3536/8226/3536-8226-0002.wav,8.7,data/raw/speech/english/LibriSpeech/dev-clean/3536/8226/3536-8226-0002.flac
data/processed/speech/english/LibriSpeech/dev-clean/3536/8226/3536-8226-0003.wav,7.46,data/raw/speech/english/LibriSpeech/dev-clean/3536/8226/3536-8226-0003.flac
data/processed/speech/english/LibriSpeech/dev-clean/3536/8226/3536-8226-0004.wav,13.98,data/raw/speech/english/LibriSpeech/dev-clean/3536/8226/3536-8226-0004.flac
data/processed/speech/english/LibriSpeech/dev-clean/3536/8226/3536-8226-0005.wav,11.62,data/raw/speech/english/LibriSpeech/dev-clean/3536/8226/3536-8226-0005.flac
data/processed/speech/english/LibriSpeech/dev-clean/3536/8226/3536-8226-0006.wav,8.06,data/raw/speech/english/LibriSpeech/dev-clean/3536/8226/3536-8226-0006.flac
data/processed/speech/english/LibriSpeech/dev-clean/3536/8226/3536-8226-0007.wav,1.92,data/raw/speech/english/LibriSpeech/dev-clean/3536/8226/3536-8226-0007.flac
data/processed/speech/english/LibriSpeech/dev-clean/3536/8226/3536-8226-0008.wav,4.45,data/raw/speech/english/LibriSpeech/dev-clean/3536/8226/3536-8226-0008.flac
data/processed/speech/english/LibriSpeech/dev-clean/3536/8226/3536-8226-0009.wav,1.5,data/raw/speech/english/LibriSpeech/dev-clean/3536/8226/3536-8226-0009.flac
data/processed/speech/english/LibriSpeech/dev-clean/3536/8226/3536-8226-0010.wav,8.93,data/raw/speech/english/LibriSpeech/dev-clean/3536/8226/3536-8226-0010.flac
data/processed/speech/english/LibriSpeech/dev-clean/3536/8226/3536-8226-0011.wav,7.74,data/raw/speech/english/LibriSpeech/dev-clean/3536/8226/3536-8226-0011.flac
data/processed/speech/english/LibriSpeech/dev-clean/3536/8226/3536-8226-0012.wav,3.36,data/raw/speech/english/LibriSpeech/dev-clean/3536/8226/3536-8226-0012.flac
data/processed/speech/english/LibriSpeech/dev-clean/3536/8226/3536-8226-0013.wav,2.37,data/raw/speech/english/LibriSpeech/dev-clean/3536/8226/3536-8226-0013.flac
data/processed/speech/english/LibriSpeech/dev-clean/3536/8226/3536-8226-0014.wav,1.7,data/raw/speech/english/LibriSpeech/dev-clean/3536/8226/3536-8226-0014.flac
data/processed/speech/english/LibriSpeech/dev-clean/3536/8226/3536-8226-0015.wav,10.27,data/raw/speech/english/LibriSpeech/dev-clean/3536/8226/3536-8226-0015.flac
data/processed/speech/english/LibriSpeech/dev-clean/3536/8226/3536-8226-0016.wav,3.74,data/raw/speech/english/LibriSpeech/dev-clean/3536/8226/3536-8226-0016.flac
data/processed/speech/english/LibriSpeech/dev-clean/3536/8226/3536-8226-0017.wav,2.34,data/raw/speech/english/LibriSpeech/dev-clean/3536/8226/3536-8226-0017.flac
data/processed/speech/english/LibriSpeech/dev-clean/3536/8226/3536-8226-0018.wav,8.54,data/raw/speech/english/LibriSpeech/dev-clean/3536/8226/3536-8226-0018.flac
data/processed/speech/english/LibriSpeech/dev-clean/3536/8226/3536-8226-0019.wav,4.45,data/raw/speech/english/LibriSpeech/dev-clean/3536/8226/3536-8226-0019.flac
data/processed/speech/english/LibriSpeech/dev-clean/3536/8226/3536-8226-0020.wav,5.82,data/raw/speech/english/LibriSpeech/dev-clean/3536/8226/3536-8226-0020.flac
data/processed/speech/english/LibriSpeech/dev-clean/3536/8226/3536-8226-0021.wav,4.16,data/raw/speech/english/LibriSpeech/dev-clean/3536/8226/3536-8226-0021.flac
data/processed/speech/english/LibriSpeech/dev-clean/3536/8226/3536-8226-0022.wav,8.29,data/raw/speech/english/LibriSpeech/dev-clean/3536/8226/3536-8226-0022.flac
data/processed/speech/english/LibriSpeech/dev-clean/3536/8226/3536-8226-0023.wav,10.62,data/raw/speech/english/LibriSpeech/dev-clean/3536/8226/3536-8226-0023.flac
data/processed/speech/english/LibriSpeech/dev-clean/3536/8226/3536-8226-0024.wav,5.44,data/raw/speech/english/LibriSpeech/dev-clean/3536/8226/3536-8226-0024.flac
data/processed/speech/english/LibriSpeech/dev-clean/3536/8226/3536-8226-0025.wav,3.2,data/raw/speech/english/LibriSpeech/dev-clean/3536/8226/3536-8226-0025.flac
data/processed/speech/english/LibriSpeech/dev-clean/3536/8226/3536-8226-0026.wav,9.02,data/raw/speech/english/LibriSpeech/dev-clean/3536/8226/3536-8226-0026.flac
data/processed/speech/english/LibriSpeech/dev-clean/3536/8226/3536-8226-0027.wav,1.66,data/raw/speech/english/LibriSpeech/dev-clean/3536/8226/3536-8226-0027.flac
data/processed/speech/english/LibriSpeech/dev-clean/3536/8226/3536-8226-0028.wav,2.85,data/raw/speech/english/LibriSpeech/dev-clean/3536/8226/3536-8226-0028.flac
data/processed/speech/english/LibriSpeech/dev-clean/3536/8226/3536-8226-0029.wav,2.66,data/raw/speech/english/LibriSpeech/dev-clean/3536/8226/3536-8226-0029.flac
data/processed/speech/english/LibriSpeech/dev-clean/3536/8226/3536-8226-0030.wav,3.58,data/raw/speech/english/LibriSpeech/dev-clean/3536/8226/3536-8226-0030.flac
data/processed/speech/english/LibriSpeech/dev-clean/3536/8226/3536-8226-0031.wav,2.78,data/raw/speech/english/LibriSpeech/dev-clean/3536/8226/3536-8226-0031.flac
data/processed/speech/english/LibriSpeech/dev-clean/3536/8226/3536-8226-0032.wav,3.68,data/raw/speech/english/LibriSpeech/dev-clean/3536/8226/3536-8226-0032.flac
data/processed/speech/english/LibriSpeech/dev-clean/3576/138058/3576-138058-0000.wav,13.38,data/raw/speech/english/LibriSpeech/dev-clean/3576/138058/3576-138058-0000.flac
data/processed/speech/english/LibriSpeech/dev-clean/3576/138058/3576-138058-0001.wav,10.56,data/raw/speech/english/LibriSpeech/dev-clean/3576/138058/3576-138058-0001.flac
data/processed/speech/english/LibriSpeech/dev-clean/3576/138058/3576-138058-0002.wav,21.79,data/raw/speech/english/LibriSpeech/dev-clean/3576/138058/3576-138058-0002.flac
data/processed/speech/english/LibriSpeech/dev-clean/3576/138058/3576-138058-0003.wav,1.82,data/raw/speech/english/LibriSpeech/dev-clean/3576/138058/3576-138058-0003.flac
data/processed/speech/english/LibriSpeech/dev-clean/3576/138058/3576-138058-0004.wav,16.0,data/raw/speech/english/LibriSpeech/dev-clean/3576/138058/3576-138058-0004.flac
data/processed/speech/english/LibriSpeech/dev-clean/3576/138058/3576-138058-0005.wav,15.97,data/raw/speech/english/LibriSpeech/dev-clean/3576/138058/3576-138058-0005.flac
data/processed/speech/english/LibriSpeech/dev-clean/3576/138058/3576-138058-0006.wav,3.3,data/raw/speech/english/LibriSpeech/dev-clean/3576/138058/3576-138058-0006.flac
data/processed/speech/english/LibriSpeech/dev-clean/3576/138058/3576-138058-0007.wav,3.33,data/raw/speech/english/LibriSpeech/dev-clean/3576/138058/3576-138058-0007.flac
data/processed/speech/english/LibriSpeech/dev-clean/3576/138058/3576-138058-0008.wav,3.2,data/raw/speech/english/LibriSpeech/dev-clean/3576/138058/3576-138058-0008.flac
data/processed/speech/english/LibriSpeech/dev-clean/3576/138058/3576-138058-0009.wav,13.44,data/raw/speech/english/LibriSpeech/dev-clean/3576/138058/3576-138058-0009.flac
data/processed/speech/english/LibriSpeech/dev-clean/3576/138058/3576-138058-0010.wav,14.94,data/raw/speech/english/LibriSpeech/dev-clean/3576/138058/3576-138058-0010.flac
data/processed/speech/english/LibriSpeech/dev-clean/3576/138058/3576-138058-0011.wav,10.72,data/raw/speech/english/LibriSpeech/dev-clean/3576/138058/3576-138058-0011.flac
data/processed/speech/english/LibriSpeech/dev-clean/3576/138058/3576-138058-0012.wav,4.61,data/raw/speech/english/LibriSpeech/dev-clean/3576/138058/3576-138058-0012.flac
data/processed/speech/english/LibriSpeech/dev-clean/3576/138058/3576-138058-0013.wav,3.94,data/raw/speech/english/LibriSpeech/dev-clean/3576/138058/3576-138058-0013.flac
data/processed/speech/english/LibriSpeech/dev-clean/3576/138058/3576-138058-0014.wav,17.22,data/raw/speech/english/LibriSpeech/dev-clean/3576/138058/3576-138058-0014.flac
data/processed/speech/english/LibriSpeech/dev-clean/3576/138058/3576-138058-0015.wav,8.64,data/raw/speech/english/LibriSpeech/dev-clean/3576/138058/3576-138058-0015.flac
data/processed/speech/english/LibriSpeech/dev-clean/3576/138058/3576-138058-0016.wav,11.23,data/raw/speech/english/LibriSpeech/dev-clean/3576/138058/3576-138058-0016.flac
data/processed/speech/english/LibriSpeech/dev-clean/3576/138058/3576-138058-0017.wav,17.18,data/raw/speech/english/LibriSpeech/dev-clean/3576/138058/3576-138058-0017.flac
data/processed/speech/english/LibriSpeech/dev-clean/3576/138058/3576-138058-0018.wav,6.85,data/raw/speech/english/LibriSpeech/dev-clean/3576/138058/3576-138058-0018.flac
data/processed/speech/english/LibriSpeech/dev-clean/3576/138058/3576-138058-0019.wav,9.5,data/raw/speech/english/LibriSpeech/dev-clean/3576/138058/3576-138058-0019.flac
data/processed/speech/english/LibriSpeech/dev-clean/3576/138058/3576-138058-0020.wav,23.81,data/raw/speech/english/LibriSpeech/dev-clean/3576/138058/3576-138058-0020.flac
data/processed/speech/english/LibriSpeech/dev-clean/3576/138058/3576-138058-0021.wav,5.54,data/raw/speech/english/LibriSpeech/dev-clean/3576/138058/3576-138058-0021.flac
data/processed/speech/english/LibriSpeech/dev-clean/3576/138058/3576-138058-0022.wav,25.89,data/raw/speech/english/LibriSpeech/dev-clean/3576/138058/3576-138058-0022.flac
data/processed/speech/english/LibriSpeech/dev-clean/3576/138058/3576-138058-0023.wav,10.02,data/raw/speech/english/LibriSpeech/dev-clean/3576/138058/3576-138058-0023.flac
data/processed/speech/english/LibriSpeech/dev-clean/3576/138058/3576-138058-0024.wav,21.92,data/raw/speech/english/LibriSpeech/dev-clean/3576/138058/3576-138058-0024.flac
data/processed/speech/english/LibriSpeech/dev-clean/3576/138058/3576-138058-0025.wav,7.07,data/raw/speech/english/LibriSpeech/dev-clean/3576/138058/3576-138058-0025.flac
data/processed/speech/english/LibriSpeech/dev-clean/3576/138058/3576-138058-0026.wav,7.1,data/raw/speech/english/LibriSpeech/dev-clean/3576/138058/3576-138058-0026.flac
data/processed/speech/english/LibriSpeech/dev-clean/3576/138058/3576-138058-0027.wav,9.79,data/raw/speech/english/LibriSpeech/dev-clean/3576/138058/3576-138058-0027.flac
data/processed/speech/english/LibriSpeech/dev-clean/3576/138058/3576-138058-0028.wav,9.79,data/raw/speech/english/LibriSpeech/dev-clean/3576/138058/3576-138058-0028.flac
data/processed/speech/english/LibriSpeech/dev-clean/3576/138058/3576-138058-0029.wav,9.5,data/raw/speech/english/LibriSpeech/dev-clean/3576/138058/3576-138058-0029.flac
data/processed/speech/english/LibriSpeech/dev-clean/3576/138058/3576-138058-0030.wav,6.3,data/raw/speech/english/LibriSpeech/dev-clean/3576/138058/3576-138058-0030.flac
data/processed/speech/english/LibriSpeech/dev-clean/3576/138058/3576-138058-0031.wav,2.66,data/raw/speech/english/LibriSpeech/dev-clean/3576/138058/3576-138058-0031.flac
data/processed/speech/english/LibriSpeech/dev-clean/3576/138058/3576-138058-0032.wav,5.02,data/raw/speech/english/LibriSpeech/dev-clean/3576/138058/3576-138058-0032.flac
data/processed/speech/english/LibriSpeech/dev-clean/3576/138058/3576-138058-0033.wav,16.74,data/raw/speech/english/LibriSpeech/dev-clean/3576/138058/3576-138058-0033.flac
data/processed/speech/english/LibriSpeech/dev-clean/3576/138058/3576-138058-0034.wav,7.14,data/raw/speech/english/LibriSpeech/dev-clean/3576/138058/3576-138058-0034.flac
data/processed/speech/english/LibriSpeech/dev-clean/3576/138058/3576-138058-0035.wav,19.94,data/raw/speech/english/LibriSpeech/dev-clean/3576/138058/3576-138058-0035.flac
data/processed/speech/english/LibriSpeech/dev-clean/3576/138058/3576-138058-0036.wav,18.69,data/raw/speech/english/LibriSpeech/dev-clean/3576/138058/3576-138058-0036.flac
data/processed/speech/english/LibriSpeech/dev-clean/3576/138058/3576-138058-0037.wav,9.5,data/raw/speech/english/LibriSpeech/dev-clean/3576/138058/3576-138058-0037.flac
data/processed/speech/english/LibriSpeech/dev-clean/3576/138058/3576-138058-0038.wav,9.06,data/raw/speech/english/LibriSpeech/dev-clean/3576/138058/3576-138058-0038.flac
data/processed/speech/english/LibriSpeech/dev-clean/3576/138058/3576-138058-0039.wav,13.82,data/raw/speech/english/LibriSpeech/dev-clean/3576/138058/3576-138058-0039.flac
data/processed/speech/english/LibriSpeech/dev-clean/3576/138058/3576-138058-0040.wav,5.95,data/raw/speech/english/LibriSpeech/dev-clean/3576/138058/3576-138058-0040.flac
data/processed/speech/english/LibriSpeech/dev-clean/3752/4943/3752-4943-0000.wav,7.87,data/raw/speech/english/LibriSpeech/dev-clean/3752/4943/3752-4943-0000.flac
data/processed/speech/english/LibriSpeech/dev-clean/3752/4943/3752-4943-0001.wav,10.3,data/raw/speech/english/LibriSpeech/dev-clean/3752/4943/3752-4943-0001.flac
data/processed/speech/english/LibriSpeech/dev-clean/3752/4943/3752-4943-0002.wav,6.69,data/raw/speech/english/LibriSpeech/dev-clean/3752/4943/3752-4943-0002.flac
data/processed/speech/english/LibriSpeech/dev-clean/3752/4943/3752-4943-0003.wav,5.25,data/raw/speech/english/LibriSpeech/dev-clean/3752/4943/3752-4943-0003.flac
data/processed/speech/english/LibriSpeech/dev-clean/3752/4943/3752-4943-0004.wav,13.12,data/raw/speech/english/LibriSpeech/dev-clean/3752/4943/3752-4943-0004.flac
data/processed/speech/english/LibriSpeech/dev-clean/3752/4943/3752-4943-0005.wav,2.75,data/raw/speech/english/LibriSpeech/dev-clean/3752/4943/3752-4943-0005.flac
data/processed/speech/english/LibriSpeech/dev-clean/3752/4943/3752-4943-0006.wav,2.24,data/raw/speech/english/LibriSpeech/dev-clean/3752/4943/3752-4943-0006.flac
data/processed/speech/english/LibriSpeech/dev-clean/3752/4943/3752-4943-0007.wav,9.38,data/raw/speech/english/LibriSpeech/dev-clean/3752/4943/3752-4943-0007.flac
data/processed/speech/english/LibriSpeech/dev-clean/3752/4943/3752-4943-0008.wav,3.1,data/raw/speech/english/LibriSpeech/dev-clean/3752/4943/3752-4943-0008.flac
data/processed/speech/english/LibriSpeech/dev-clean/3752/4943/3752-4943-0009.wav,2.82,data/raw/speech/english/LibriSpeech/dev-clean/3752/4943/3752-4943-0009.flac
data/processed/speech/english/LibriSpeech/dev-clean/3752/4943/3752-4943-0010.wav,4.26,data/raw/speech/english/LibriSpeech/dev-clean/3752/4943/3752-4943-0010.flac
data/processed/speech/english/LibriSpeech/dev-clean/3752/4943/3752-4943-0011.wav,6.11,data/raw/speech/english/LibriSpeech/dev-clean/3752/4943/3752-4943-0011.flac
data/processed/speech/english/LibriSpeech/dev-clean/3752/4943/3752-4943-0012.wav,2.56,data/raw/speech/english/LibriSpeech/dev-clean/3752/4943/3752-4943-0012.flac
data/processed/speech/english/LibriSpeech/dev-clean/3752/4943/3752-4943-0013.wav,4.67,data/raw/speech/english/LibriSpeech/dev-clean/3752/4943/3752-4943-0013.flac
data/processed/speech/english/LibriSpeech/dev-clean/3752/4943/3752-4943-0014.wav,2.53,data/raw/speech/english/LibriSpeech/dev-clean/3752/4943/3752-4943-0014.flac
data/processed/speech/english/LibriSpeech/dev-clean/3752/4943/3752-4943-0015.wav,2.53,data/raw/speech/english/LibriSpeech/dev-clean/3752/4943/3752-4943-0015.flac
data/processed/speech/english/LibriSpeech/dev-clean/3752/4943/3752-4943-0016.wav,1.73,data/raw/speech/english/LibriSpeech/dev-clean/3752/4943/3752-4943-0016.flac
data/processed/speech/english/LibriSpeech/dev-clean/3752/4943/3752-4943-0017.wav,1.63,data/raw/speech/english/LibriSpeech/dev-clean/3752/4943/3752-4943-0017.flac
data/processed/speech/english/LibriSpeech/dev-clean/3752/4943/3752-4943-0018.wav,4.77,data/raw/speech/english/LibriSpeech/dev-clean/3752/4943/3752-4943-0018.flac
data/processed/speech/english/LibriSpeech/dev-clean/3752/4943/3752-4943-0019.wav,2.05,data/raw/speech/english/LibriSpeech/dev-clean/3752/4943/3752-4943-0019.flac
data/processed/speech/english/LibriSpeech/dev-clean/3752/4943/3752-4943-0020.wav,4.16,data/raw/speech/english/LibriSpeech/dev-clean/3752/4943/3752-4943-0020.flac
data/processed/speech/english/LibriSpeech/dev-clean/3752/4943/3752-4943-0021.wav,3.78,data/raw/speech/english/LibriSpeech/dev-clean/3752/4943/3752-4943-0021.flac
data/processed/speech/english/LibriSpeech/dev-clean/3752/4943/3752-4943-0022.wav,4.38,data/raw/speech/english/LibriSpeech/dev-clean/3752/4943/3752-4943-0022.flac
data/processed/speech/english/LibriSpeech/dev-clean/3752/4943/3752-4943-0023.wav,2.46,data/raw/speech/english/LibriSpeech/dev-clean/3752/4943/3752-4943-0023.flac
data/processed/speech/english/LibriSpeech/dev-clean/3752/4943/3752-4943-0024.wav,5.28,data/raw/speech/english/LibriSpeech/dev-clean/3752/4943/3752-4943-0024.flac
data/processed/speech/english/LibriSpeech/dev-clean/3752/4943/3752-4943-0025.wav,4.77,data/raw/speech/english/LibriSpeech/dev-clean/3752/4943/3752-4943-0025.flac
data/processed/speech/english/LibriSpeech/dev-clean/3752/4943/3752-4943-0026.wav,3.39,data/raw/speech/english/LibriSpeech/dev-clean/3752/4943/3752-4943-0026.flac
data/processed/speech/english/LibriSpeech/dev-clean/3752/4943/3752-4943-0027.wav,2.18,data/raw/speech/english/LibriSpeech/dev-clean/3752/4943/3752-4943-0027.flac
data/processed/speech/english/LibriSpeech/dev-clean/3752/4943/3752-4943-0028.wav,3.07,data/raw/speech/english/LibriSpeech/dev-clean/3752/4943/3752-4943-0028.flac
data/processed/speech/english/LibriSpeech/dev-clean/3752/4943/3752-4943-0029.wav,2.98,data/raw/speech/english/LibriSpeech/dev-clean/3752/4943/3752-4943-0029.flac
data/processed/speech/english/LibriSpeech/dev-clean/3752/4943/3752-4943-0030.wav,1.44,data/raw/speech/english/LibriSpeech/dev-clean/3752/4943/3752-4943-0030.flac
data/processed/speech/english/LibriSpeech/dev-clean/3752/4944/3752-4944-0000.wav,2.53,data/raw/speech/english/LibriSpeech/dev-clean/3752/4944/3752-4944-0000.flac
data/processed/speech/english/LibriSpeech/dev-clean/3752/4944/3752-4944-0001.wav,3.65,data/raw/speech/english/LibriSpeech/dev-clean/3752/4944/3752-4944-0001.flac
data/processed/speech/english/LibriSpeech/dev-clean/3752/4944/3752-4944-0002.wav,2.62,data/raw/speech/english/LibriSpeech/dev-clean/3752/4944/3752-4944-0002.flac
data/processed/speech/english/LibriSpeech/dev-clean/3752/4944/3752-4944-0003.wav,2.18,data/raw/speech/english/LibriSpeech/dev-clean/3752/4944/3752-4944-0003.flac
data/processed/speech/english/LibriSpeech/dev-clean/3752/4944/3752-4944-0004.wav,1.7,data/raw/speech/english/LibriSpeech/dev-clean/3752/4944/3752-4944-0004.flac
data/processed/speech/english/LibriSpeech/dev-clean/3752/4944/3752-4944-0005.wav,1.44,data/raw/speech/english/LibriSpeech/dev-clean/3752/4944/3752-4944-0005.flac
data/processed/speech/english/LibriSpeech/dev-clean/3752/4944/3752-4944-0006.wav,3.3,data/raw/speech/english/LibriSpeech/dev-clean/3752/4944/3752-4944-0006.flac
data/processed/speech/english/LibriSpeech/dev-clean/3752/4944/3752-4944-0007.wav,1.95,data/raw/speech/english/LibriSpeech/dev-clean/3752/4944/3752-4944-0007.flac
data/processed/speech/english/LibriSpeech/dev-clean/3752/4944/3752-4944-0008.wav,1.41,data/raw/speech/english/LibriSpeech/dev-clean/3752/4944/3752-4944-0008.flac
data/processed/speech/english/LibriSpeech/dev-clean/3752/4944/3752-4944-0009.wav,2.11,data/raw/speech/english/LibriSpeech/dev-clean/3752/4944/3752-4944-0009.flac
data/processed/speech/english/LibriSpeech/dev-clean/3752/4944/3752-4944-0010.wav,3.14,data/raw/speech/english/LibriSpeech/dev-clean/3752/4944/3752-4944-0010.flac
data/processed/speech/english/LibriSpeech/dev-clean/3752/4944/3752-4944-0011.wav,2.98,data/raw/speech/english/LibriSpeech/dev-clean/3752/4944/3752-4944-0011.flac
data/processed/speech/english/LibriSpeech/dev-clean/3752/4944/3752-4944-0012.wav,4.99,data/raw/speech/english/LibriSpeech/dev-clean/3752/4944/3752-4944-0012.flac
data/processed/speech/english/LibriSpeech/dev-clean/3752/4944/3752-4944-0013.wav,5.22,data/raw/speech/english/LibriSpeech/dev-clean/3752/4944/3752-4944-0013.flac
data/processed/speech/english/LibriSpeech/dev-clean/3752/4944/3752-4944-0014.wav,1.6,data/raw/speech/english/LibriSpeech/dev-clean/3752/4944/3752-4944-0014.flac
data/processed/speech/english/LibriSpeech/dev-clean/3752/4944/3752-4944-0015.wav,3.52,data/raw/speech/english/LibriSpeech/dev-clean/3752/4944/3752-4944-0015.flac
data/processed/speech/english/LibriSpeech/dev-clean/3752/4944/3752-4944-0016.wav,10.27,data/raw/speech/english/LibriSpeech/dev-clean/3752/4944/3752-4944-0016.flac
data/processed/speech/english/LibriSpeech/dev-clean/3752/4944/3752-4944-0017.wav,6.14,data/raw/speech/english/LibriSpeech/dev-clean/3752/4944/3752-4944-0017.flac
data/processed/speech/english/LibriSpeech/dev-clean/3752/4944/3752-4944-0018.wav,6.56,data/raw/speech/english/LibriSpeech/dev-clean/3752/4944/3752-4944-0018.flac
data/processed/speech/english/LibriSpeech/dev-clean/3752/4944/3752-4944-0019.wav,2.11,data/raw/speech/english/LibriSpeech/dev-clean/3752/4944/3752-4944-0019.flac
data/processed/speech/english/LibriSpeech/dev-clean/3752/4944/3752-4944-0020.wav,13.09,data/raw/speech/english/LibriSpeech/dev-clean/3752/4944/3752-4944-0020.flac
data/processed/speech/english/LibriSpeech/dev-clean/3752/4944/3752-4944-0021.wav,6.27,data/raw/speech/english/LibriSpeech/dev-clean/3752/4944/3752-4944-0021.flac
data/processed/speech/english/LibriSpeech/dev-clean/3752/4944/3752-4944-0022.wav,15.97,data/raw/speech/english/LibriSpeech/dev-clean/3752/4944/3752-4944-0022.flac
data/processed/speech/english/LibriSpeech/dev-clean/3752/4944/3752-4944-0023.wav,1.76,data/raw/speech/english/LibriSpeech/dev-clean/3752/4944/3752-4944-0023.flac
data/processed/speech/english/LibriSpeech/dev-clean/3752/4944/3752-4944-0024.wav,1.47,data/raw/speech/english/LibriSpeech/dev-clean/3752/4944/3752-4944-0024.flac
data/processed/speech/english/LibriSpeech/dev-clean/3752/4944/3752-4944-0025.wav,3.01,data/raw/speech/english/LibriSpeech/dev-clean/3752/4944/3752-4944-0025.flac
data/processed/speech/english/LibriSpeech/dev-clean/3752/4944/3752-4944-0026.wav,2.05,data/raw/speech/english/LibriSpeech/dev-clean/3752/4944/3752-4944-0026.flac
data/processed/speech/english/LibriSpeech/dev-clean/3752/4944/3752-4944-0027.wav,10.88,data/raw/speech/english/LibriSpeech/dev-clean/3752/4944/3752-4944-0027.flac
data/processed/speech/english/LibriSpeech/dev-clean/3752/4944/3752-4944-0028.wav,2.69,data/raw/speech/english/LibriSpeech/dev-clean/3752/4944/3752-4944-0028.flac
data/processed/speech/english/LibriSpeech/dev-clean/3752/4944/3752-4944-0029.wav,1.47,data/raw/speech/english/LibriSpeech/dev-clean/3752/4944/3752-4944-0029.flac
data/processed/speech/english/LibriSpeech/dev-clean/3752/4944/3752-4944-0030.wav,2.53,data/raw/speech/english/LibriSpeech/dev-clean/3752/4944/3752-4944-0030.flac
data/processed/speech/english/LibriSpeech/dev-clean/3752/4944/3752-4944-0031.wav,8.0,data/raw/speech/english/LibriSpeech/dev-clean/3752/4944/3752-4944-0031.flac
data/processed/speech/english/LibriSpeech/dev-clean/3752/4944/3752-4944-0032.wav,4.03,data/raw/speech/english/LibriSpeech/dev-clean/3752/4944/3752-4944-0032.flac
data/processed/speech/english/LibriSpeech/dev-clean/3752/4944/3752-4944-0033.wav,3.62,data/raw/speech/english/LibriSpeech/dev-clean/3752/4944/3752-4944-0033.flac
data/processed/speech/english/LibriSpeech/dev-clean/3752/4944/3752-4944-0034.wav,3.94,data/raw/speech/english/LibriSpeech/dev-clean/3752/4944/3752-4944-0034.flac
data/processed/speech/english/LibriSpeech/dev-clean/3752/4944/3752-4944-0035.wav,2.72,data/raw/speech/english/LibriSpeech/dev-clean/3752/4944/3752-4944-0035.flac
data/processed/speech/english/LibriSpeech/dev-clean/3752/4944/3752-4944-0036.wav,6.3,data/raw/speech/english/LibriSpeech/dev-clean/3752/4944/3752-4944-0036.flac
data/processed/speech/english/LibriSpeech/dev-clean/3752/4944/3752-4944-0037.wav,2.05,data/raw/speech/english/LibriSpeech/dev-clean/3752/4944/3752-4944-0037.flac
data/processed/speech/english/LibriSpeech/dev-clean/3752/4944/3752-4944-0038.wav,2.05,data/raw/speech/english/LibriSpeech/dev-clean/3752/4944/3752-4944-0038.flac
data/processed/speech/english/LibriSpeech/dev-clean/3752/4944/3752-4944-0039.wav,5.22,data/raw/speech/english/LibriSpeech/dev-clean/3752/4944/3752-4944-0039.flac
data/processed/speech/english/LibriSpeech/dev-clean/3752/4944/3752-4944-0040.wav,2.18,data/raw/speech/english/LibriSpeech/dev-clean/3752/4944/3752-4944-0040.flac
data/processed/speech/english/LibriSpeech/dev-clean/3752/4944/3752-4944-0041.wav,1.82,data/raw/speech/english/LibriSpeech/dev-clean/3752/4944/3752-4944-0041.flac
data/processed/speech/english/LibriSpeech/dev-clean/3752/4944/3752-4944-0042.wav,2.53,data/raw/speech/english/LibriSpeech/dev-clean/3752/4944/3752-4944-0042.flac
data/processed/speech/english/LibriSpeech/dev-clean/3752/4944/3752-4944-0043.wav,2.53,data/raw/speech/english/LibriSpeech/dev-clean/3752/4944/3752-4944-0043.flac
data/processed/speech/english/LibriSpeech/dev-clean/3752/4944/3752-4944-0044.wav,1.44,data/raw/speech/english/LibriSpeech/dev-clean/3752/4944/3752-4944-0044.flac
data/processed/speech/english/LibriSpeech/dev-clean/3752/4944/3752-4944-0045.wav,2.08,data/raw/speech/english/LibriSpeech/dev-clean/3752/4944/3752-4944-0045.flac
data/processed/speech/english/LibriSpeech/dev-clean/3752/4944/3752-4944-0046.wav,1.31,data/raw/speech/english/LibriSpeech/dev-clean/3752/4944/3752-4944-0046.flac
data/processed/speech/english/LibriSpeech/dev-clean/3752/4944/3752-4944-0047.wav,6.5,data/raw/speech/english/LibriSpeech/dev-clean/3752/4944/3752-4944-0047.flac
data/processed/speech/english/LibriSpeech/dev-clean/3752/4944/3752-4944-0048.wav,4.32,data/raw/speech/english/LibriSpeech/dev-clean/3752/4944/3752-4944-0048.flac
data/processed/speech/english/LibriSpeech/dev-clean/3752/4944/3752-4944-0049.wav,2.4,data/raw/speech/english/LibriSpeech/dev-clean/3752/4944/3752-4944-0049.flac
data/processed/speech/english/LibriSpeech/dev-clean/3752/4944/3752-4944-0050.wav,2.4,data/raw/speech/english/LibriSpeech/dev-clean/3752/4944/3752-4944-0050.flac
data/processed/speech/english/LibriSpeech/dev-clean/3752/4944/3752-4944-0051.wav,2.88,data/raw/speech/english/LibriSpeech/dev-clean/3752/4944/3752-4944-0051.flac
data/processed/speech/english/LibriSpeech/dev-clean/3752/4944/3752-4944-0052.wav,7.3,data/raw/speech/english/LibriSpeech/dev-clean/3752/4944/3752-4944-0052.flac
data/processed/speech/english/LibriSpeech/dev-clean/3752/4944/3752-4944-0053.wav,7.87,data/raw/speech/english/LibriSpeech/dev-clean/3752/4944/3752-4944-0053.flac
data/processed/speech/english/LibriSpeech/dev-clean/3752/4944/3752-4944-0054.wav,2.34,data/raw/speech/english/LibriSpeech/dev-clean/3752/4944/3752-4944-0054.flac
data/processed/speech/english/LibriSpeech/dev-clean/3752/4944/3752-4944-0055.wav,1.6,data/raw/speech/english/LibriSpeech/dev-clean/3752/4944/3752-4944-0055.flac
data/processed/speech/english/LibriSpeech/dev-clean/3752/4944/3752-4944-0056.wav,3.9,data/raw/speech/english/LibriSpeech/dev-clean/3752/4944/3752-4944-0056.flac
data/processed/speech/english/LibriSpeech/dev-clean/3752/4944/3752-4944-0057.wav,2.08,data/raw/speech/english/LibriSpeech/dev-clean/3752/4944/3752-4944-0057.flac
data/processed/speech/english/LibriSpeech/dev-clean/3752/4944/3752-4944-0058.wav,1.34,data/raw/speech/english/LibriSpeech/dev-clean/3752/4944/3752-4944-0058.flac
data/processed/speech/english/LibriSpeech/dev-clean/3752/4944/3752-4944-0059.wav,3.65,data/raw/speech/english/LibriSpeech/dev-clean/3752/4944/3752-4944-0059.flac
data/processed/speech/english/LibriSpeech/dev-clean/3752/4944/3752-4944-0060.wav,3.46,data/raw/speech/english/LibriSpeech/dev-clean/3752/4944/3752-4944-0060.flac
data/processed/speech/english/LibriSpeech/dev-clean/3752/4944/3752-4944-0061.wav,1.89,data/raw/speech/english/LibriSpeech/dev-clean/3752/4944/3752-4944-0061.flac
data/processed/speech/english/LibriSpeech/dev-clean/3752/4944/3752-4944-0062.wav,3.42,data/raw/speech/english/LibriSpeech/dev-clean/3752/4944/3752-4944-0062.flac
data/processed/speech/english/LibriSpeech/dev-clean/3752/4944/3752-4944-0063.wav,1.34,data/raw/speech/english/LibriSpeech/dev-clean/3752/4944/3752-4944-0063.flac
data/processed/speech/english/LibriSpeech/dev-clean/3752/4944/3752-4944-0064.wav,5.79,data/raw/speech/english/LibriSpeech/dev-clean/3752/4944/3752-4944-0064.flac
data/processed/speech/english/LibriSpeech/dev-clean/3752/4944/3752-4944-0065.wav,3.46,data/raw/speech/english/LibriSpeech/dev-clean/3752/4944/3752-4944-0065.flac
data/processed/speech/english/LibriSpeech/dev-clean/3752/4944/3752-4944-0066.wav,6.46,data/raw/speech/english/LibriSpeech/dev-clean/3752/4944/3752-4944-0066.flac
data/processed/speech/english/LibriSpeech/dev-clean/3752/4944/3752-4944-0067.wav,2.08,data/raw/speech/english/LibriSpeech/dev-clean/3752/4944/3752-4944-0067.flac
data/processed/speech/english/LibriSpeech/dev-clean/3752/4944/3752-4944-0068.wav,13.98,data/raw/speech/english/LibriSpeech/dev-clean/3752/4944/3752-4944-0068.flac
data/processed/speech/english/LibriSpeech/dev-clean/3752/4944/3752-4944-0069.wav,9.38,data/raw/speech/english/LibriSpeech/dev-clean/3752/4944/3752-4944-0069.flac
data/processed/speech/english/LibriSpeech/dev-clean/3853/163249/3853-163249-0000.wav,8.99,data/raw/speech/english/LibriSpeech/dev-clean/3853/163249/3853-163249-0000.flac
data/processed/speech/english/LibriSpeech/dev-clean/3853/163249/3853-163249-0001.wav,8.22,data/raw/speech/english/LibriSpeech/dev-clean/3853/163249/3853-163249-0001.flac
data/processed/speech/english/LibriSpeech/dev-clean/3853/163249/3853-163249-0002.wav,7.55,data/raw/speech/english/LibriSpeech/dev-clean/3853/163249/3853-163249-0002.flac
data/processed/speech/english/LibriSpeech/dev-clean/3853/163249/3853-163249-0003.wav,6.37,data/raw/speech/english/LibriSpeech/dev-clean/3853/163249/3853-163249-0003.flac
data/processed/speech/english/LibriSpeech/dev-clean/3853/163249/3853-163249-0004.wav,5.63,data/raw/speech/english/LibriSpeech/dev-clean/3853/163249/3853-163249-0004.flac
data/processed/speech/english/LibriSpeech/dev-clean/3853/163249/3853-163249-0005.wav,10.18,data/raw/speech/english/LibriSpeech/dev-clean/3853/163249/3853-163249-0005.flac
data/processed/speech/english/LibriSpeech/dev-clean/3853/163249/3853-163249-0006.wav,8.42,data/raw/speech/english/LibriSpeech/dev-clean/3853/163249/3853-163249-0006.flac
data/processed/speech/english/LibriSpeech/dev-clean/3853/163249/3853-163249-0007.wav,4.99,data/raw/speech/english/LibriSpeech/dev-clean/3853/163249/3853-163249-0007.flac
data/processed/speech/english/LibriSpeech/dev-clean/3853/163249/3853-163249-0008.wav,5.6,data/raw/speech/english/LibriSpeech/dev-clean/3853/163249/3853-163249-0008.flac
data/processed/speech/english/LibriSpeech/dev-clean/3853/163249/3853-163249-0009.wav,5.18,data/raw/speech/english/LibriSpeech/dev-clean/3853/163249/3853-163249-0009.flac
data/processed/speech/english/LibriSpeech/dev-clean/3853/163249/3853-163249-0010.wav,9.73,data/raw/speech/english/LibriSpeech/dev-clean/3853/163249/3853-163249-0010.flac
data/processed/speech/english/LibriSpeech/dev-clean/3853/163249/3853-163249-0011.wav,1.63,data/raw/speech/english/LibriSpeech/dev-clean/3853/163249/3853-163249-0011.flac
data/processed/speech/english/LibriSpeech/dev-clean/3853/163249/3853-163249-0012.wav,14.08,data/raw/speech/english/LibriSpeech/dev-clean/3853/163249/3853-163249-0012.flac
data/processed/speech/english/LibriSpeech/dev-clean/3853/163249/3853-163249-0013.wav,5.5,data/raw/speech/english/LibriSpeech/dev-clean/3853/163249/3853-163249-0013.flac
data/processed/speech/english/LibriSpeech/dev-clean/3853/163249/3853-163249-0014.wav,10.4,data/raw/speech/english/LibriSpeech/dev-clean/3853/163249/3853-163249-0014.flac
data/processed/speech/english/LibriSpeech/dev-clean/3853/163249/3853-163249-0015.wav,2.18,data/raw/speech/english/LibriSpeech/dev-clean/3853/163249/3853-163249-0015.flac
data/processed/speech/english/LibriSpeech/dev-clean/3853/163249/3853-163249-0016.wav,14.94,data/raw/speech/english/LibriSpeech/dev-clean/3853/163249/3853-163249-0016.flac
data/processed/speech/english/LibriSpeech/dev-clean/3853/163249/3853-163249-0017.wav,11.42,data/raw/speech/english/LibriSpeech/dev-clean/3853/163249/3853-163249-0017.flac
data/processed/speech/english/LibriSpeech/dev-clean/3853/163249/3853-163249-0018.wav,9.7,data/raw/speech/english/LibriSpeech/dev-clean/3853/163249/3853-163249-0018.flac
data/processed/speech/english/LibriSpeech/dev-clean/3853/163249/3853-163249-0019.wav,5.28,data/raw/speech/english/LibriSpeech/dev-clean/3853/163249/3853-163249-0019.flac
data/processed/speech/english/LibriSpeech/dev-clean/3853/163249/3853-163249-0020.wav,5.63,data/raw/speech/english/LibriSpeech/dev-clean/3853/163249/3853-163249-0020.flac
data/processed/speech/english/LibriSpeech/dev-clean/3853/163249/3853-163249-0021.wav,4.06,data/raw/speech/english/LibriSpeech/dev-clean/3853/163249/3853-163249-0021.flac
data/processed/speech/english/LibriSpeech/dev-clean/3853/163249/3853-163249-0022.wav,7.62,data/raw/speech/english/LibriSpeech/dev-clean/3853/163249/3853-163249-0022.flac
data/processed/speech/english/LibriSpeech/dev-clean/3853/163249/3853-163249-0023.wav,4.42,data/raw/speech/english/LibriSpeech/dev-clean/3853/163249/3853-163249-0023.flac
data/processed/speech/english/LibriSpeech/dev-clean/3853/163249/3853-163249-0024.wav,13.63,data/raw/speech/english/LibriSpeech/dev-clean/3853/163249/3853-163249-0024.flac
data/processed/speech/english/LibriSpeech/dev-clean/3853/163249/3853-163249-0025.wav,5.57,data/raw/speech/english/LibriSpeech/dev-clean/3853/163249/3853-163249-0025.flac
data/processed/speech/english/LibriSpeech/dev-clean/3853/163249/3853-163249-0026.wav,5.06,data/raw/speech/english/LibriSpeech/dev-clean/3853/163249/3853-163249-0026.flac
data/processed/speech/english/LibriSpeech/dev-clean/3853/163249/3853-163249-0027.wav,7.84,data/raw/speech/english/LibriSpeech/dev-clean/3853/163249/3853-163249-0027.flac
data/processed/speech/english/LibriSpeech/dev-clean/3853/163249/3853-163249-0028.wav,8.51,data/raw/speech/english/LibriSpeech/dev-clean/3853/163249/3853-163249-0028.flac
data/processed/speech/english/LibriSpeech/dev-clean/3853/163249/3853-163249-0029.wav,3.52,data/raw/speech/english/LibriSpeech/dev-clean/3853/163249/3853-163249-0029.flac
data/processed/speech/english/LibriSpeech/dev-clean/3853/163249/3853-163249-0030.wav,15.74,data/raw/speech/english/LibriSpeech/dev-clean/3853/163249/3853-163249-0030.flac
data/processed/speech/english/LibriSpeech/dev-clean/3853/163249/3853-163249-0031.wav,8.22,data/raw/speech/english/LibriSpeech/dev-clean/3853/163249/3853-163249-0031.flac
data/processed/speech/english/LibriSpeech/dev-clean/3853/163249/3853-163249-0032.wav,4.96,data/raw/speech/english/LibriSpeech/dev-clean/3853/163249/3853-163249-0032.flac
data/processed/speech/english/LibriSpeech/dev-clean/3853/163249/3853-163249-0033.wav,3.2,data/raw/speech/english/LibriSpeech/dev-clean/3853/163249/3853-163249-0033.flac
data/processed/speech/english/LibriSpeech/dev-clean/3853/163249/3853-163249-0034.wav,2.08,data/raw/speech/english/LibriSpeech/dev-clean/3853/163249/3853-163249-0034.flac
data/processed/speech/english/LibriSpeech/dev-clean/3853/163249/3853-163249-0035.wav,4.26,data/raw/speech/english/LibriSpeech/dev-clean/3853/163249/3853-163249-0035.flac
data/processed/speech/english/LibriSpeech/dev-clean/3853/163249/3853-163249-0036.wav,23.65,data/raw/speech/english/LibriSpeech/dev-clean/3853/163249/3853-163249-0036.flac
data/processed/speech/english/LibriSpeech/dev-clean/3853/163249/3853-163249-0037.wav,5.82,data/raw/speech/english/LibriSpeech/dev-clean/3853/163249/3853-163249-0037.flac
data/processed/speech/english/LibriSpeech/dev-clean/3853/163249/3853-163249-0038.wav,5.6,data/raw/speech/english/LibriSpeech/dev-clean/3853/163249/3853-163249-0038.flac
data/processed/speech/english/LibriSpeech/dev-clean/3853/163249/3853-163249-0039.wav,4.35,data/raw/speech/english/LibriSpeech/dev-clean/3853/163249/3853-163249-0039.flac
data/processed/speech/english/LibriSpeech/dev-clean/3853/163249/3853-163249-0040.wav,2.62,data/raw/speech/english/LibriSpeech/dev-clean/3853/163249/3853-163249-0040.flac
data/processed/speech/english/LibriSpeech/dev-clean/3853/163249/3853-163249-0041.wav,6.46,data/raw/speech/english/LibriSpeech/dev-clean/3853/163249/3853-163249-0041.flac
data/processed/speech/english/LibriSpeech/dev-clean/3853/163249/3853-163249-0042.wav,12.58,data/raw/speech/english/LibriSpeech/dev-clean/3853/163249/3853-163249-0042.flac
data/processed/speech/english/LibriSpeech/dev-clean/3853/163249/3853-163249-0043.wav,4.86,data/raw/speech/english/LibriSpeech/dev-clean/3853/163249/3853-163249-0043.flac
data/processed/speech/english/LibriSpeech/dev-clean/3853/163249/3853-163249-0044.wav,2.91,data/raw/speech/english/LibriSpeech/dev-clean/3853/163249/3853-163249-0044.flac
data/processed/speech/english/LibriSpeech/dev-clean/3853/163249/3853-163249-0045.wav,6.59,data/raw/speech/english/LibriSpeech/dev-clean/3853/163249/3853-163249-0045.flac
data/processed/speech/english/LibriSpeech/dev-clean/3853/163249/3853-163249-0046.wav,16.83,data/raw/speech/english/LibriSpeech/dev-clean/3853/163249/3853-163249-0046.flac
data/processed/speech/english/LibriSpeech/dev-clean/3853/163249/3853-163249-0047.wav,10.98,data/raw/speech/english/LibriSpeech/dev-clean/3853/163249/3853-163249-0047.flac
data/processed/speech/english/LibriSpeech/dev-clean/3853/163249/3853-163249-0048.wav,7.94,data/raw/speech/english/LibriSpeech/dev-clean/3853/163249/3853-163249-0048.flac
data/processed/speech/english/LibriSpeech/dev-clean/3853/163249/3853-163249-0049.wav,12.8,data/raw/speech/english/LibriSpeech/dev-clean/3853/163249/3853-163249-0049.flac
data/processed/speech/english/LibriSpeech/dev-clean/3853/163249/3853-163249-0050.wav,3.42,data/raw/speech/english/LibriSpeech/dev-clean/3853/163249/3853-163249-0050.flac
data/processed/speech/english/LibriSpeech/dev-clean/3853/163249/3853-163249-0051.wav,5.15,data/raw/speech/english/LibriSpeech/dev-clean/3853/163249/3853-163249-0051.flac
data/processed/speech/english/LibriSpeech/dev-clean/3853/163249/3853-163249-0052.wav,10.98,data/raw/speech/english/LibriSpeech/dev-clean/3853/163249/3853-163249-0052.flac
data/processed/speech/english/LibriSpeech/dev-clean/3853/163249/3853-163249-0053.wav,19.49,data/raw/speech/english/LibriSpeech/dev-clean/3853/163249/3853-163249-0053.flac
data/processed/speech/english/LibriSpeech/dev-clean/3853/163249/3853-163249-0054.wav,17.5,data/raw/speech/english/LibriSpeech/dev-clean/3853/163249/3853-163249-0054.flac
data/processed/speech/english/LibriSpeech/dev-clean/3853/163249/3853-163249-0055.wav,3.49,data/raw/speech/english/LibriSpeech/dev-clean/3853/163249/3853-163249-0055.flac
data/processed/speech/english/LibriSpeech/dev-clean/3853/163249/3853-163249-0056.wav,3.62,data/raw/speech/english/LibriSpeech/dev-clean/3853/163249/3853-163249-0056.flac
data/processed/speech/english/LibriSpeech/dev-clean/422/122949/422-122949-0000.wav,19.46,data/raw/speech/english/LibriSpeech/dev-clean/422/122949/422-122949-0000.flac
data/processed/speech/english/LibriSpeech/dev-clean/422/122949/422-122949-0001.wav,11.81,data/raw/speech/english/LibriSpeech/dev-clean/422/122949/422-122949-0001.flac
data/processed/speech/english/LibriSpeech/dev-clean/422/122949/422-122949-0002.wav,4.13,data/raw/speech/english/LibriSpeech/dev-clean/422/122949/422-122949-0002.flac
data/processed/speech/english/LibriSpeech/dev-clean/422/122949/422-122949-0003.wav,18.37,data/raw/speech/english/LibriSpeech/dev-clean/422/122949/422-122949-0003.flac
data/processed/speech/english/LibriSpeech/dev-clean/422/122949/422-122949-0004.wav,6.21,data/raw/speech/english/LibriSpeech/dev-clean/422/122949/422-122949-0004.flac
data/processed/speech/english/LibriSpeech/dev-clean/422/122949/422-122949-0005.wav,8.99,data/raw/speech/english/LibriSpeech/dev-clean/422/122949/422-122949-0005.flac
data/processed/speech/english/LibriSpeech/dev-clean/422/122949/422-122949-0006.wav,13.38,data/raw/speech/english/LibriSpeech/dev-clean/422/122949/422-122949-0006.flac
data/processed/speech/english/LibriSpeech/dev-clean/422/122949/422-122949-0007.wav,13.95,data/raw/speech/english/LibriSpeech/dev-clean/422/122949/422-122949-0007.flac
data/processed/speech/english/LibriSpeech/dev-clean/422/122949/422-122949-0008.wav,8.74,data/raw/speech/english/LibriSpeech/dev-clean/422/122949/422-122949-0008.flac
data/processed/speech/english/LibriSpeech/dev-clean/422/122949/422-122949-0009.wav,23.62,data/raw/speech/english/LibriSpeech/dev-clean/422/122949/422-122949-0009.flac
data/processed/speech/english/LibriSpeech/dev-clean/422/122949/422-122949-0010.wav,31.42,data/raw/speech/english/LibriSpeech/dev-clean/422/122949/422-122949-0010.flac
data/processed/speech/english/LibriSpeech/dev-clean/422/122949/422-122949-0011.wav,16.54,data/raw/speech/english/LibriSpeech/dev-clean/422/122949/422-122949-0011.flac
data/processed/speech/english/LibriSpeech/dev-clean/422/122949/422-122949-0012.wav,15.1,data/raw/speech/english/LibriSpeech/dev-clean/422/122949/422-122949-0012.flac
data/processed/speech/english/LibriSpeech/dev-clean/422/122949/422-122949-0013.wav,31.9,data/raw/speech/english/LibriSpeech/dev-clean/422/122949/422-122949-0013.flac
data/processed/speech/english/LibriSpeech/dev-clean/422/122949/422-122949-0014.wav,28.0,data/raw/speech/english/LibriSpeech/dev-clean/422/122949/422-122949-0014.flac
data/processed/speech/english/LibriSpeech/dev-clean/422/122949/422-122949-0015.wav,16.51,data/raw/speech/english/LibriSpeech/dev-clean/422/122949/422-122949-0015.flac
data/processed/speech/english/LibriSpeech/dev-clean/422/122949/422-122949-0016.wav,4.1,data/raw/speech/english/LibriSpeech/dev-clean/422/122949/422-122949-0016.flac
data/processed/speech/english/LibriSpeech/dev-clean/422/122949/422-122949-0017.wav,1.7,data/raw/speech/english/LibriSpeech/dev-clean/422/122949/422-122949-0017.flac
data/processed/speech/english/LibriSpeech/dev-clean/422/122949/422-122949-0018.wav,13.66,data/raw/speech/english/LibriSpeech/dev-clean/422/122949/422-122949-0018.flac
data/processed/speech/english/LibriSpeech/dev-clean/422/122949/422-122949-0019.wav,18.02,data/raw/speech/english/LibriSpeech/dev-clean/422/122949/422-122949-0019.flac
data/processed/speech/english/LibriSpeech/dev-clean/422/122949/422-122949-0020.wav,22.37,data/raw/speech/english/LibriSpeech/dev-clean/422/122949/422-122949-0020.flac
data/processed/speech/english/LibriSpeech/dev-clean/422/122949/422-122949-0021.wav,12.03,data/raw/speech/english/LibriSpeech/dev-clean/422/122949/422-122949-0021.flac
data/processed/speech/english/LibriSpeech/dev-clean/422/122949/422-122949-0022.wav,15.49,data/raw/speech/english/LibriSpeech/dev-clean/422/122949/422-122949-0022.flac
data/processed/speech/english/LibriSpeech/dev-clean/422/122949/422-122949-0023.wav,14.37,data/raw/speech/english/LibriSpeech/dev-clean/422/122949/422-122949-0023.flac
data/processed/speech/english/LibriSpeech/dev-clean/422/122949/422-122949-0024.wav,9.18,data/raw/speech/english/LibriSpeech/dev-clean/422/122949/422-122949-0024.flac
data/processed/speech/english/LibriSpeech/dev-clean/422/122949/422-122949-0025.wav,16.7,data/raw/speech/english/LibriSpeech/dev-clean/422/122949/422-122949-0025.flac
data/processed/speech/english/LibriSpeech/dev-clean/422/122949/422-122949-0026.wav,12.22,data/raw/speech/english/LibriSpeech/dev-clean/422/122949/422-122949-0026.flac
data/processed/speech/english/LibriSpeech/dev-clean/422/122949/422-122949-0027.wav,18.37,data/raw/speech/english/LibriSpeech/dev-clean/422/122949/422-122949-0027.flac
data/processed/speech/english/LibriSpeech/dev-clean/422/122949/422-122949-0028.wav,3.23,data/raw/speech/english/LibriSpeech/dev-clean/422/122949/422-122949-0028.flac
data/processed/speech/english/LibriSpeech/dev-clean/422/122949/422-122949-0029.wav,2.53,data/raw/speech/english/LibriSpeech/dev-clean/422/122949/422-122949-0029.flac
data/processed/speech/english/LibriSpeech/dev-clean/422/122949/422-122949-0030.wav,2.84,data/raw/speech/english/LibriSpeech/dev-clean/422/122949/422-122949-0030.flac
data/processed/speech/english/LibriSpeech/dev-clean/422/122949/422-122949-0031.wav,6.14,data/raw/speech/english/LibriSpeech/dev-clean/422/122949/422-122949-0031.flac
data/processed/speech/english/LibriSpeech/dev-clean/422/122949/422-122949-0032.wav,12.74,data/raw/speech/english/LibriSpeech/dev-clean/422/122949/422-122949-0032.flac
data/processed/speech/english/LibriSpeech/dev-clean/422/122949/422-122949-0033.wav,4.99,data/raw/speech/english/LibriSpeech/dev-clean/422/122949/422-122949-0033.flac
data/processed/speech/english/LibriSpeech/dev-clean/422/122949/422-122949-0034.wav,14.27,data/raw/speech/english/LibriSpeech/dev-clean/422/122949/422-122949-0034.flac
data/processed/speech/english/LibriSpeech/dev-clean/422/122949/422-122949-0035.wav,4.13,data/raw/speech/english/LibriSpeech/dev-clean/422/122949/422-122949-0035.flac
data/processed/speech/english/LibriSpeech/dev-clean/5338/24615/5338-24615-0000.wav,9.12,data/raw/speech/english/LibriSpeech/dev-clean/5338/24615/5338-24615-0000.flac
data/processed/speech/english/LibriSpeech/dev-clean/5338/24615/5338-24615-0001.wav,6.5,data/raw/speech/english/LibriSpeech/dev-clean/5338/24615/5338-24615-0001.flac
data/processed/speech/english/LibriSpeech/dev-clean/5338/24615/5338-24615-0002.wav,31.1,data/raw/speech/english/LibriSpeech/dev-clean/5338/24615/5338-24615-0002.flac
data/processed/speech/english/LibriSpeech/dev-clean/5338/24615/5338-24615-0003.wav,10.88,data/raw/speech/english/LibriSpeech/dev-clean/5338/24615/5338-24615-0003.flac
data/processed/speech/english/LibriSpeech/dev-clean/5338/24615/5338-24615-0004.wav,22.94,data/raw/speech/english/LibriSpeech/dev-clean/5338/24615/5338-24615-0004.flac
data/processed/speech/english/LibriSpeech/dev-clean/5338/24615/5338-24615-0005.wav,16.9,data/raw/speech/english/LibriSpeech/dev-clean/5338/24615/5338-24615-0005.flac
data/processed/speech/english/LibriSpeech/dev-clean/5338/24615/5338-24615-0006.wav,10.82,data/raw/speech/english/LibriSpeech/dev-clean/5338/24615/5338-24615-0006.flac
data/processed/speech/english/LibriSpeech/dev-clean/5338/24615/5338-24615-0007.wav,9.41,data/raw/speech/english/LibriSpeech/dev-clean/5338/24615/5338-24615-0007.flac
data/processed/speech/english/LibriSpeech/dev-clean/5338/24615/5338-24615-0008.wav,8.96,data/raw/speech/english/LibriSpeech/dev-clean/5338/24615/5338-24615-0008.flac
data/processed/speech/english/LibriSpeech/dev-clean/5338/24615/5338-24615-0009.wav,3.42,data/raw/speech/english/LibriSpeech/dev-clean/5338/24615/5338-24615-0009.flac
data/processed/speech/english/LibriSpeech/dev-clean/5338/24615/5338-24615-0010.wav,3.39,data/raw/speech/english/LibriSpeech/dev-clean/5338/24615/5338-24615-0010.flac
data/processed/speech/english/LibriSpeech/dev-clean/5338/24615/5338-24615-0011.wav,6.37,data/raw/speech/english/LibriSpeech/dev-clean/5338/24615/5338-24615-0011.flac
data/processed/speech/english/LibriSpeech/dev-clean/5338/24615/5338-24615-0012.wav,3.65,data/raw/speech/english/LibriSpeech/dev-clean/5338/24615/5338-24615-0012.flac
data/processed/speech/english/LibriSpeech/dev-clean/5338/24615/5338-24615-0013.wav,7.2,data/raw/speech/english/LibriSpeech/dev-clean/5338/24615/5338-24615-0013.flac
data/processed/speech/english/LibriSpeech/dev-clean/5338/24615/5338-24615-0014.wav,11.46,data/raw/speech/english/LibriSpeech/dev-clean/5338/24615/5338-24615-0014.flac
data/processed/speech/english/LibriSpeech/dev-clean/5338/24640/5338-24640-0000.wav,2.43,data/raw/speech/english/LibriSpeech/dev-clean/5338/24640/5338-24640-0000.flac
data/processed/speech/english/LibriSpeech/dev-clean/5338/24640/5338-24640-0001.wav,10.24,data/raw/speech/english/LibriSpeech/dev-clean/5338/24640/5338-24640-0001.flac
data/processed/speech/english/LibriSpeech/dev-clean/5338/24640/5338-24640-0002.wav,8.74,data/raw/speech/english/LibriSpeech/dev-clean/5338/24640/5338-24640-0002.flac
data/processed/speech/english/LibriSpeech/dev-clean/5338/24640/5338-24640-0003.wav,5.34,data/raw/speech/english/LibriSpeech/dev-clean/5338/24640/5338-24640-0003.flac
data/processed/speech/english/LibriSpeech/dev-clean/5338/24640/5338-24640-0004.wav,8.7,data/raw/speech/english/LibriSpeech/dev-clean/5338/24640/5338-24640-0004.flac
data/processed/speech/english/LibriSpeech/dev-clean/5338/24640/5338-24640-0005.wav,14.24,data/raw/speech/english/LibriSpeech/dev-clean/5338/24640/5338-24640-0005.flac
data/processed/speech/english/LibriSpeech/dev-clean/5338/24640/5338-24640-0006.wav,9.76,data/raw/speech/english/LibriSpeech/dev-clean/5338/24640/5338-24640-0006.flac
data/processed/speech/english/LibriSpeech/dev-clean/5338/24640/5338-24640-0007.wav,17.02,data/raw/speech/english/LibriSpeech/dev-clean/5338/24640/5338-24640-0007.flac
data/processed/speech/english/LibriSpeech/dev-clean/5338/24640/5338-24640-0008.wav,9.57,data/raw/speech/english/LibriSpeech/dev-clean/5338/24640/5338-24640-0008.flac
data/processed/speech/english/LibriSpeech/dev-clean/5338/24640/5338-24640-0009.wav,11.1,data/raw/speech/english/LibriSpeech/dev-clean/5338/24640/5338-24640-0009.flac
data/processed/speech/english/LibriSpeech/dev-clean/5338/284437/5338-284437-0000.wav,3.74,data/raw/speech/english/LibriSpeech/dev-clean/5338/284437/5338-284437-0000.flac
data/processed/speech/english/LibriSpeech/dev-clean/5338/284437/5338-284437-0001.wav,8.32,data/raw/speech/english/LibriSpeech/dev-clean/5338/284437/5338-284437-0001.flac
data/processed/speech/english/LibriSpeech/dev-clean/5338/284437/5338-284437-0002.wav,2.05,data/raw/speech/english/LibriSpeech/dev-clean/5338/284437/5338-284437-0002.flac
data/processed/speech/english/LibriSpeech/dev-clean/5338/284437/5338-284437-0003.wav,1.82,data/raw/speech/english/LibriSpeech/dev-clean/5338/284437/5338-284437-0003.flac
data/processed/speech/english/LibriSpeech/dev-clean/5338/284437/5338-284437-0004.wav,5.5,data/raw/speech/english/LibriSpeech/dev-clean/5338/284437/5338-284437-0004.flac
data/processed/speech/english/LibriSpeech/dev-clean/5338/284437/5338-284437-0005.wav,4.29,data/raw/speech/english/LibriSpeech/dev-clean/5338/284437/5338-284437-0005.flac
data/processed/speech/english/LibriSpeech/dev-clean/5338/284437/5338-284437-0006.wav,4.03,data/raw/speech/english/LibriSpeech/dev-clean/5338/284437/5338-284437-0006.flac
data/processed/speech/english/LibriSpeech/dev-clean/5338/284437/5338-284437-0007.wav,2.98,data/raw/speech/english/LibriSpeech/dev-clean/5338/284437/5338-284437-0007.flac
data/processed/speech/english/LibriSpeech/dev-clean/5338/284437/5338-284437-0008.wav,8.13,data/raw/speech/english/LibriSpeech/dev-clean/5338/284437/5338-284437-0008.flac
data/processed/speech/english/LibriSpeech/dev-clean/5338/284437/5338-284437-0009.wav,9.54,data/raw/speech/english/LibriSpeech/dev-clean/5338/284437/5338-284437-0009.flac
data/processed/speech/english/LibriSpeech/dev-clean/5338/284437/5338-284437-0010.wav,6.08,data/raw/speech/english/LibriSpeech/dev-clean/5338/284437/5338-284437-0010.flac
data/processed/speech/english/LibriSpeech/dev-clean/5338/284437/5338-284437-0011.wav,2.4,data/raw/speech/english/LibriSpeech/dev-clean/5338/284437/5338-284437-0011.flac
data/processed/speech/english/LibriSpeech/dev-clean/5338/284437/5338-284437-0012.wav,2.4,data/raw/speech/english/LibriSpeech/dev-clean/5338/284437/5338-284437-0012.flac
data/processed/speech/english/LibriSpeech/dev-clean/5338/284437/5338-284437-0013.wav,10.53,data/raw/speech/english/LibriSpeech/dev-clean/5338/284437/5338-284437-0013.flac
data/processed/speech/english/LibriSpeech/dev-clean/5338/284437/5338-284437-0014.wav,1.31,data/raw/speech/english/LibriSpeech/dev-clean/5338/284437/5338-284437-0014.flac
data/processed/speech/english/LibriSpeech/dev-clean/5338/284437/5338-284437-0015.wav,4.7,data/raw/speech/english/LibriSpeech/dev-clean/5338/284437/5338-284437-0015.flac
data/processed/speech/english/LibriSpeech/dev-clean/5338/284437/5338-284437-0016.wav,2.78,data/raw/speech/english/LibriSpeech/dev-clean/5338/284437/5338-284437-0016.flac
data/processed/speech/english/LibriSpeech/dev-clean/5338/284437/5338-284437-0017.wav,4.61,data/raw/speech/english/LibriSpeech/dev-clean/5338/284437/5338-284437-0017.flac
data/processed/speech/english/LibriSpeech/dev-clean/5338/284437/5338-284437-0018.wav,7.62,data/raw/speech/english/LibriSpeech/dev-clean/5338/284437/5338-284437-0018.flac
data/processed/speech/english/LibriSpeech/dev-clean/5338/284437/5338-284437-0019.wav,2.91,data/raw/speech/english/LibriSpeech/dev-clean/5338/284437/5338-284437-0019.flac
data/processed/speech/english/LibriSpeech/dev-clean/5338/284437/5338-284437-0020.wav,10.14,data/raw/speech/english/LibriSpeech/dev-clean/5338/284437/5338-284437-0020.flac
data/processed/speech/english/LibriSpeech/dev-clean/5338/284437/5338-284437-0021.wav,6.88,data/raw/speech/english/LibriSpeech/dev-clean/5338/284437/5338-284437-0021.flac
data/processed/speech/english/LibriSpeech/dev-clean/5338/284437/5338-284437-0022.wav,9.5,data/raw/speech/english/LibriSpeech/dev-clean/5338/284437/5338-284437-0022.flac
data/processed/speech/english/LibriSpeech/dev-clean/5338/284437/5338-284437-0023.wav,2.14,data/raw/speech/english/LibriSpeech/dev-clean/5338/284437/5338-284437-0023.flac
data/processed/speech/english/LibriSpeech/dev-clean/5338/284437/5338-284437-0024.wav,5.44,data/raw/speech/english/LibriSpeech/dev-clean/5338/284437/5338-284437-0024.flac
data/processed/speech/english/LibriSpeech/dev-clean/5338/284437/5338-284437-0025.wav,1.5,data/raw/speech/english/LibriSpeech/dev-clean/5338/284437/5338-284437-0025.flac
data/processed/speech/english/LibriSpeech/dev-clean/5338/284437/5338-284437-0026.wav,15.49,data/raw/speech/english/LibriSpeech/dev-clean/5338/284437/5338-284437-0026.flac
data/processed/speech/english/LibriSpeech/dev-clean/5338/284437/5338-284437-0027.wav,3.36,data/raw/speech/english/LibriSpeech/dev-clean/5338/284437/5338-284437-0027.flac
data/processed/speech/english/LibriSpeech/dev-clean/5338/284437/5338-284437-0028.wav,3.97,data/raw/speech/english/LibriSpeech/dev-clean/5338/284437/5338-284437-0028.flac
data/processed/speech/english/LibriSpeech/dev-clean/5338/284437/5338-284437-0029.wav,6.98,data/raw/speech/english/LibriSpeech/dev-clean/5338/284437/5338-284437-0029.flac
data/processed/speech/english/LibriSpeech/dev-clean/5338/284437/5338-284437-0030.wav,3.9,data/raw/speech/english/LibriSpeech/dev-clean/5338/284437/5338-284437-0030.flac
data/processed/speech/english/LibriSpeech/dev-clean/5338/284437/5338-284437-0031.wav,7.26,data/raw/speech/english/LibriSpeech/dev-clean/5338/284437/5338-284437-0031.flac
data/processed/speech/english/LibriSpeech/dev-clean/5338/284437/5338-284437-0032.wav,8.64,data/raw/speech/english/LibriSpeech/dev-clean/5338/284437/5338-284437-0032.flac
data/processed/speech/english/LibriSpeech/dev-clean/5338/284437/5338-284437-0033.wav,1.22,data/raw/speech/english/LibriSpeech/dev-clean/5338/284437/5338-284437-0033.flac
data/processed/speech/english/LibriSpeech/dev-clean/5536/43358/5536-43358-0000.wav,2.75,data/raw/speech/english/LibriSpeech/dev-clean/5536/43358/5536-43358-0000.flac
data/processed/speech/english/LibriSpeech/dev-clean/5536/43358/5536-43358-0001.wav,8.93,data/raw/speech/english/LibriSpeech/dev-clean/5536/43358/5536-43358-0001.flac
data/processed/speech/english/LibriSpeech/dev-clean/5536/43358/5536-43358-0002.wav,9.28,data/raw/speech/english/LibriSpeech/dev-clean/5536/43358/5536-43358-0002.flac
data/processed/speech/english/LibriSpeech/dev-clean/5536/43358/5536-43358-0003.wav,5.02,data/raw/speech/english/LibriSpeech/dev-clean/5536/43358/5536-43358-0003.flac
data/processed/speech/english/LibriSpeech/dev-clean/5536/43358/5536-43358-0004.wav,4.8,data/raw/speech/english/LibriSpeech/dev-clean/5536/43358/5536-43358-0004.flac
data/processed/speech/english/LibriSpeech/dev-clean/5536/43358/5536-43358-0005.wav,13.31,data/raw/speech/english/LibriSpeech/dev-clean/5536/43358/5536-43358-0005.flac
data/processed/speech/english/LibriSpeech/dev-clean/5536/43358/5536-43358-0006.wav,9.41,data/raw/speech/english/LibriSpeech/dev-clean/5536/43358/5536-43358-0006.flac
data/processed/speech/english/LibriSpeech/dev-clean/5536/43358/5536-43358-0007.wav,8.38,data/raw/speech/english/LibriSpeech/dev-clean/5536/43358/5536-43358-0007.flac
data/processed/speech/english/LibriSpeech/dev-clean/5536/43358/5536-43358-0008.wav,19.58,data/raw/speech/english/LibriSpeech/dev-clean/5536/43358/5536-43358-0008.flac
data/processed/speech/english/LibriSpeech/dev-clean/5536/43358/5536-43358-0009.wav,7.23,data/raw/speech/english/LibriSpeech/dev-clean/5536/43358/5536-43358-0009.flac
data/processed/speech/english/LibriSpeech/dev-clean/5536/43358/5536-43358-0010.wav,7.52,data/raw/speech/english/LibriSpeech/dev-clean/5536/43358/5536-43358-0010.flac
data/processed/speech/english/LibriSpeech/dev-clean/5536/43358/5536-43358-0011.wav,7.01,data/raw/speech/english/LibriSpeech/dev-clean/5536/43358/5536-43358-0011.flac
data/processed/speech/english/LibriSpeech/dev-clean/5536/43358/5536-43358-0012.wav,3.1,data/raw/speech/english/LibriSpeech/dev-clean/5536/43358/5536-43358-0012.flac
data/processed/speech/english/LibriSpeech/dev-clean/5536/43358/5536-43358-0013.wav,9.7,data/raw/speech/english/LibriSpeech/dev-clean/5536/43358/5536-43358-0013.flac
data/processed/speech/english/LibriSpeech/dev-clean/5536/43358/5536-43358-0014.wav,2.21,data/raw/speech/english/LibriSpeech/dev-clean/5536/43358/5536-43358-0014.flac
data/processed/speech/english/LibriSpeech/dev-clean/5536/43358/5536-43358-0015.wav,5.25,data/raw/speech/english/LibriSpeech/dev-clean/5536/43358/5536-43358-0015.flac
data/processed/speech/english/LibriSpeech/dev-clean/5536/43358/5536-43358-0016.wav,1.66,data/raw/speech/english/LibriSpeech/dev-clean/5536/43358/5536-43358-0016.flac
data/processed/speech/english/LibriSpeech/dev-clean/5536/43358/5536-43358-0017.wav,13.06,data/raw/speech/english/LibriSpeech/dev-clean/5536/43358/5536-43358-0017.flac
data/processed/speech/english/LibriSpeech/dev-clean/5536/43358/5536-43358-0018.wav,11.42,data/raw/speech/english/LibriSpeech/dev-clean/5536/43358/5536-43358-0018.flac
data/processed/speech/english/LibriSpeech/dev-clean/5536/43358/5536-43358-0019.wav,4.51,data/raw/speech/english/LibriSpeech/dev-clean/5536/43358/5536-43358-0019.flac
data/processed/speech/english/LibriSpeech/dev-clean/5536/43359/5536-43359-0000.wav,2.56,data/raw/speech/english/LibriSpeech/dev-clean/5536/43359/5536-43359-0000.flac
data/processed/speech/english/LibriSpeech/dev-clean/5536/43359/5536-43359-0001.wav,9.63,data/raw/speech/english/LibriSpeech/dev-clean/5536/43359/5536-43359-0001.flac
data/processed/speech/english/LibriSpeech/dev-clean/5536/43359/5536-43359-0002.wav,10.37,data/raw/speech/english/LibriSpeech/dev-clean/5536/43359/5536-43359-0002.flac
data/processed/speech/english/LibriSpeech/dev-clean/5536/43359/5536-43359-0003.wav,11.33,data/raw/speech/english/LibriSpeech/dev-clean/5536/43359/5536-43359-0003.flac
data/processed/speech/english/LibriSpeech/dev-clean/5536/43359/5536-43359-0004.wav,5.54,data/raw/speech/english/LibriSpeech/dev-clean/5536/43359/5536-43359-0004.flac
data/processed/speech/english/LibriSpeech/dev-clean/5536/43359/5536-43359-0005.wav,5.76,data/raw/speech/english/LibriSpeech/dev-clean/5536/43359/5536-43359-0005.flac
data/processed/speech/english/LibriSpeech/dev-clean/5536/43359/5536-43359-0006.wav,3.65,data/raw/speech/english/LibriSpeech/dev-clean/5536/43359/5536-43359-0006.flac
data/processed/speech/english/LibriSpeech/dev-clean/5536/43359/5536-43359-0007.wav,16.51,data/raw/speech/english/LibriSpeech/dev-clean/5536/43359/5536-43359-0007.flac
data/processed/speech/english/LibriSpeech/dev-clean/5536/43359/5536-43359-0008.wav,1.98,data/raw/speech/english/LibriSpeech/dev-clean/5536/43359/5536-43359-0008.flac
data/processed/speech/english/LibriSpeech/dev-clean/5536/43359/5536-43359-0009.wav,5.82,data/raw/speech/english/LibriSpeech/dev-clean/5536/43359/5536-43359-0009.flac
data/processed/speech/english/LibriSpeech/dev-clean/5536/43359/5536-43359-0010.wav,3.3,data/raw/speech/english/LibriSpeech/dev-clean/5536/43359/5536-43359-0010.flac
data/processed/speech/english/LibriSpeech/dev-clean/5536/43359/5536-43359-0011.wav,18.43,data/raw/speech/english/LibriSpeech/dev-clean/5536/43359/5536-43359-0011.flac
data/processed/speech/english/LibriSpeech/dev-clean/5536/43359/5536-43359-0012.wav,4.13,data/raw/speech/english/LibriSpeech/dev-clean/5536/43359/5536-43359-0012.flac
data/processed/speech/english/LibriSpeech/dev-clean/5536/43359/5536-43359-0013.wav,5.79,data/raw/speech/english/LibriSpeech/dev-clean/5536/43359/5536-43359-0013.flac
data/processed/speech/english/LibriSpeech/dev-clean/5536/43359/5536-43359-0014.wav,3.87,data/raw/speech/english/LibriSpeech/dev-clean/5536/43359/5536-43359-0014.flac
data/processed/speech/english/LibriSpeech/dev-clean/5536/43359/5536-43359-0015.wav,4.16,data/raw/speech/english/LibriSpeech/dev-clean/5536/43359/5536-43359-0015.flac
data/processed/speech/english/LibriSpeech/dev-clean/5536/43359/5536-43359-0016.wav,5.54,data/raw/speech/english/LibriSpeech/dev-clean/5536/43359/5536-43359-0016.flac
data/processed/speech/english/LibriSpeech/dev-clean/5536/43359/5536-43359-0017.wav,4.74,data/raw/speech/english/LibriSpeech/dev-clean/5536/43359/5536-43359-0017.flac
data/processed/speech/english/LibriSpeech/dev-clean/5536/43359/5536-43359-0018.wav,5.44,data/raw/speech/english/LibriSpeech/dev-clean/5536/43359/5536-43359-0018.flac
data/processed/speech/english/LibriSpeech/dev-clean/5536/43363/5536-43363-0000.wav,2.3,data/raw/speech/english/LibriSpeech/dev-clean/5536/43363/5536-43363-0000.flac
data/processed/speech/english/LibriSpeech/dev-clean/5536/43363/5536-43363-0001.wav,6.24,data/raw/speech/english/LibriSpeech/dev-clean/5536/43363/5536-43363-0001.flac
data/processed/speech/english/LibriSpeech/dev-clean/5536/43363/5536-43363-0002.wav,6.18,data/raw/speech/english/LibriSpeech/dev-clean/5536/43363/5536-43363-0002.flac
data/processed/speech/english/LibriSpeech/dev-clean/5536/43363/5536-43363-0003.wav,9.44,data/raw/speech/english/LibriSpeech/dev-clean/5536/43363/5536-43363-0003.flac
data/processed/speech/english/LibriSpeech/dev-clean/5536/43363/5536-43363-0004.wav,8.54,data/raw/speech/english/LibriSpeech/dev-clean/5536/43363/5536-43363-0004.flac
data/processed/speech/english/LibriSpeech/dev-clean/5536/43363/5536-43363-0005.wav,15.71,data/raw/speech/english/LibriSpeech/dev-clean/5536/43363/5536-43363-0005.flac
data/processed/speech/english/LibriSpeech/dev-clean/5536/43363/5536-43363-0006.wav,11.1,data/raw/speech/english/LibriSpeech/dev-clean/5536/43363/5536-43363-0006.flac
data/processed/speech/english/LibriSpeech/dev-clean/5536/43363/5536-43363-0007.wav,9.12,data/raw/speech/english/LibriSpeech/dev-clean/5536/43363/5536-43363-0007.flac
data/processed/speech/english/LibriSpeech/dev-clean/5536/43363/5536-43363-0008.wav,9.22,data/raw/speech/english/LibriSpeech/dev-clean/5536/43363/5536-43363-0008.flac
data/processed/speech/english/LibriSpeech/dev-clean/5536/43363/5536-43363-0009.wav,19.71,data/raw/speech/english/LibriSpeech/dev-clean/5536/43363/5536-43363-0009.flac
data/processed/speech/english/LibriSpeech/dev-clean/5536/43363/5536-43363-0010.wav,9.6,data/raw/speech/english/LibriSpeech/dev-clean/5536/43363/5536-43363-0010.flac
data/processed/speech/english/LibriSpeech/dev-clean/5536/43363/5536-43363-0011.wav,1.63,data/raw/speech/english/LibriSpeech/dev-clean/5536/43363/5536-43363-0011.flac
data/processed/speech/english/LibriSpeech/dev-clean/5536/43363/5536-43363-0012.wav,2.53,data/raw/speech/english/LibriSpeech/dev-clean/5536/43363/5536-43363-0012.flac
data/processed/speech/english/LibriSpeech/dev-clean/5536/43363/5536-43363-0013.wav,6.46,data/raw/speech/english/LibriSpeech/dev-clean/5536/43363/5536-43363-0013.flac
data/processed/speech/english/LibriSpeech/dev-clean/5536/43363/5536-43363-0014.wav,10.56,data/raw/speech/english/LibriSpeech/dev-clean/5536/43363/5536-43363-0014.flac
data/processed/speech/english/LibriSpeech/dev-clean/5536/43363/5536-43363-0015.wav,4.22,data/raw/speech/english/LibriSpeech/dev-clean/5536/43363/5536-43363-0015.flac
data/processed/speech/english/LibriSpeech/dev-clean/5536/43363/5536-43363-0016.wav,6.02,data/raw/speech/english/LibriSpeech/dev-clean/5536/43363/5536-43363-0016.flac
data/processed/speech/english/LibriSpeech/dev-clean/5536/43363/5536-43363-0017.wav,8.26,data/raw/speech/english/LibriSpeech/dev-clean/5536/43363/5536-43363-0017.flac
data/processed/speech/english/LibriSpeech/dev-clean/5536/43363/5536-43363-0018.wav,6.98,data/raw/speech/english/LibriSpeech/dev-clean/5536/43363/5536-43363-0018.flac
data/processed/speech/english/LibriSpeech/dev-clean/5536/43363/5536-43363-0019.wav,6.72,data/raw/speech/english/LibriSpeech/dev-clean/5536/43363/5536-43363-0019.flac
data/processed/speech/english/LibriSpeech/dev-clean/5694/64025/5694-64025-0000.wav,0.51,data/raw/speech/english/LibriSpeech/dev-clean/5694/64025/5694-64025-0000.flac
data/processed/speech/english/LibriSpeech/dev-clean/5694/64025/5694-64025-0001.wav,3.26,data/raw/speech/english/LibriSpeech/dev-clean/5694/64025/5694-64025-0001.flac
data/processed/speech/english/LibriSpeech/dev-clean/5694/64025/5694-64025-0002.wav,10.11,data/raw/speech/english/LibriSpeech/dev-clean/5694/64025/5694-64025-0002.flac
data/processed/speech/english/LibriSpeech/dev-clean/5694/64025/5694-64025-0003.wav,3.97,data/raw/speech/english/LibriSpeech/dev-clean/5694/64025/5694-64025-0003.flac
data/processed/speech/english/LibriSpeech/dev-clean/5694/64025/5694-64025-0004.wav,3.07,data/raw/speech/english/LibriSpeech/dev-clean/5694/64025/5694-64025-0004.flac
data/processed/speech/english/LibriSpeech/dev-clean/5694/64025/5694-64025-0005.wav,7.07,data/raw/speech/english/LibriSpeech/dev-clean/5694/64025/5694-64025-0005.flac
data/processed/speech/english/LibriSpeech/dev-clean/5694/64025/5694-64025-0006.wav,2.14,data/raw/speech/english/LibriSpeech/dev-clean/5694/64025/5694-64025-0006.flac
data/processed/speech/english/LibriSpeech/dev-clean/5694/64025/5694-64025-0007.wav,3.26,data/raw/speech/english/LibriSpeech/dev-clean/5694/64025/5694-64025-0007.flac
data/processed/speech/english/LibriSpeech/dev-clean/5694/64025/5694-64025-0008.wav,1.63,data/raw/speech/english/LibriSpeech/dev-clean/5694/64025/5694-64025-0008.flac
data/processed/speech/english/LibriSpeech/dev-clean/5694/64025/5694-64025-0009.wav,3.3,data/raw/speech/english/LibriSpeech/dev-clean/5694/64025/5694-64025-0009.flac
data/processed/speech/english/LibriSpeech/dev-clean/5694/64025/5694-64025-0010.wav,20.51,data/raw/speech/english/LibriSpeech/dev-clean/5694/64025/5694-64025-0010.flac
data/processed/speech/english/LibriSpeech/dev-clean/5694/64025/5694-64025-0011.wav,6.4,data/raw/speech/english/LibriSpeech/dev-clean/5694/64025/5694-64025-0011.flac
data/processed/speech/english/LibriSpeech/dev-clean/5694/64025/5694-64025-0012.wav,2.59,data/raw/speech/english/LibriSpeech/dev-clean/5694/64025/5694-64025-0012.flac
data/processed/speech/english/LibriSpeech/dev-clean/5694/64025/5694-64025-0013.wav,2.3,data/raw/speech/english/LibriSpeech/dev-clean/5694/64025/5694-64025-0013.flac
data/processed/speech/english/LibriSpeech/dev-clean/5694/64025/5694-64025-0014.wav,14.98,data/raw/speech/english/LibriSpeech/dev-clean/5694/64025/5694-64025-0014.flac
data/processed/speech/english/LibriSpeech/dev-clean/5694/64025/5694-64025-0015.wav,4.03,data/raw/speech/english/LibriSpeech/dev-clean/5694/64025/5694-64025-0015.flac
data/processed/speech/english/LibriSpeech/dev-clean/5694/64025/5694-64025-0016.wav,10.11,data/raw/speech/english/LibriSpeech/dev-clean/5694/64025/5694-64025-0016.flac
data/processed/speech/english/LibriSpeech/dev-clean/5694/64025/5694-64025-0017.wav,2.18,data/raw/speech/english/LibriSpeech/dev-clean/5694/64025/5694-64025-0017.flac
data/processed/speech/english/LibriSpeech/dev-clean/5694/64025/5694-64025-0018.wav,1.7,data/raw/speech/english/LibriSpeech/dev-clean/5694/64025/5694-64025-0018.flac
data/processed/speech/english/LibriSpeech/dev-clean/5694/64025/5694-64025-0019.wav,7.9,data/raw/speech/english/LibriSpeech/dev-clean/5694/64025/5694-64025-0019.flac
data/processed/speech/english/LibriSpeech/dev-clean/5694/64025/5694-64025-0020.wav,6.56,data/raw/speech/english/LibriSpeech/dev-clean/5694/64025/5694-64025-0020.flac
data/processed/speech/english/LibriSpeech/dev-clean/5694/64025/5694-64025-0021.wav,6.88,data/raw/speech/english/LibriSpeech/dev-clean/5694/64025/5694-64025-0021.flac
data/processed/speech/english/LibriSpeech/dev-clean/5694/64025/5694-64025-0022.wav,6.78,data/raw/speech/english/LibriSpeech/dev-clean/5694/64025/5694-64025-0022.flac
data/processed/speech/english/LibriSpeech/dev-clean/5694/64025/5694-64025-0023.wav,7.55,data/raw/speech/english/LibriSpeech/dev-clean/5694/64025/5694-64025-0023.flac
data/processed/speech/english/LibriSpeech/dev-clean/5694/64029/5694-64029-0000.wav,3.2,data/raw/speech/english/LibriSpeech/dev-clean/5694/64029/5694-64029-0000.flac
data/processed/speech/english/LibriSpeech/dev-clean/5694/64029/5694-64029-0001.wav,4.16,data/raw/speech/english/LibriSpeech/dev-clean/5694/64029/5694-64029-0001.flac
data/processed/speech/english/LibriSpeech/dev-clean/5694/64029/5694-64029-0002.wav,1.89,data/raw/speech/english/LibriSpeech/dev-clean/5694/64029/5694-64029-0002.flac
data/processed/speech/english/LibriSpeech/dev-clean/5694/64029/5694-64029-0003.wav,3.26,data/raw/speech/english/LibriSpeech/dev-clean/5694/64029/5694-64029-0003.flac
data/processed/speech/english/LibriSpeech/dev-clean/5694/64029/5694-64029-0004.wav,2.5,data/raw/speech/english/LibriSpeech/dev-clean/5694/64029/5694-64029-0004.flac
data/processed/speech/english/LibriSpeech/dev-clean/5694/64029/5694-64029-0005.wav,4.0,data/raw/speech/english/LibriSpeech/dev-clean/5694/64029/5694-64029-0005.flac
data/processed/speech/english/LibriSpeech/dev-clean/5694/64029/5694-64029-0006.wav,6.21,data/raw/speech/english/LibriSpeech/dev-clean/5694/64029/5694-64029-0006.flac
data/processed/speech/english/LibriSpeech/dev-clean/5694/64029/5694-64029-0007.wav,5.95,data/raw/speech/english/LibriSpeech/dev-clean/5694/64029/5694-64029-0007.flac
data/processed/speech/english/LibriSpeech/dev-clean/5694/64029/5694-64029-0008.wav,2.59,data/raw/speech/english/LibriSpeech/dev-clean/5694/64029/5694-64029-0008.flac
data/processed/speech/english/LibriSpeech/dev-clean/5694/64029/5694-64029-0009.wav,2.85,data/raw/speech/english/LibriSpeech/dev-clean/5694/64029/5694-64029-0009.flac
data/processed/speech/english/LibriSpeech/dev-clean/5694/64029/5694-64029-0010.wav,3.52,data/raw/speech/english/LibriSpeech/dev-clean/5694/64029/5694-64029-0010.flac
data/processed/speech/english/LibriSpeech/dev-clean/5694/64029/5694-64029-0011.wav,6.62,data/raw/speech/english/LibriSpeech/dev-clean/5694/64029/5694-64029-0011.flac
data/processed/speech/english/LibriSpeech/dev-clean/5694/64029/5694-64029-0012.wav,6.59,data/raw/speech/english/LibriSpeech/dev-clean/5694/64029/5694-64029-0012.flac
data/processed/speech/english/LibriSpeech/dev-clean/5694/64029/5694-64029-0013.wav,4.45,data/raw/speech/english/LibriSpeech/dev-clean/5694/64029/5694-64029-0013.flac
data/processed/speech/english/LibriSpeech/dev-clean/5694/64029/5694-64029-0014.wav,3.23,data/raw/speech/english/LibriSpeech/dev-clean/5694/64029/5694-64029-0014.flac
data/processed/speech/english/LibriSpeech/dev-clean/5694/64029/5694-64029-0015.wav,2.4,data/raw/speech/english/LibriSpeech/dev-clean/5694/64029/5694-64029-0015.flac
data/processed/speech/english/LibriSpeech/dev-clean/5694/64029/5694-64029-0016.wav,9.7,data/raw/speech/english/LibriSpeech/dev-clean/5694/64029/5694-64029-0016.flac
data/processed/speech/english/LibriSpeech/dev-clean/5694/64029/5694-64029-0017.wav,1.89,data/raw/speech/english/LibriSpeech/dev-clean/5694/64029/5694-64029-0017.flac
data/processed/speech/english/LibriSpeech/dev-clean/5694/64029/5694-64029-0018.wav,1.82,data/raw/speech/english/LibriSpeech/dev-clean/5694/64029/5694-64029-0018.flac
data/processed/speech/english/LibriSpeech/dev-clean/5694/64029/5694-64029-0019.wav,2.98,data/raw/speech/english/LibriSpeech/dev-clean/5694/64029/5694-64029-0019.flac
data/processed/speech/english/LibriSpeech/dev-clean/5694/64029/5694-64029-0020.wav,12.64,data/raw/speech/english/LibriSpeech/dev-clean/5694/64029/5694-64029-0020.flac
data/processed/speech/english/LibriSpeech/dev-clean/5694/64029/5694-64029-0021.wav,6.5,data/raw/speech/english/LibriSpeech/dev-clean/5694/64029/5694-64029-0021.flac
data/processed/speech/english/LibriSpeech/dev-clean/5694/64029/5694-64029-0022.wav,4.45,data/raw/speech/english/LibriSpeech/dev-clean/5694/64029/5694-64029-0022.flac
data/processed/speech/english/LibriSpeech/dev-clean/5694/64029/5694-64029-0023.wav,6.46,data/raw/speech/english/LibriSpeech/dev-clean/5694/64029/5694-64029-0023.flac
data/processed/speech/english/LibriSpeech/dev-clean/5694/64029/5694-64029-0024.wav,10.14,data/raw/speech/english/LibriSpeech/dev-clean/5694/64029/5694-64029-0024.flac
data/processed/speech/english/LibriSpeech/dev-clean/5694/64029/5694-64029-0025.wav,1.95,data/raw/speech/english/LibriSpeech/dev-clean/5694/64029/5694-64029-0025.flac
data/processed/speech/english/LibriSpeech/dev-clean/5694/64029/5694-64029-0026.wav,3.97,data/raw/speech/english/LibriSpeech/dev-clean/5694/64029/5694-64029-0026.flac
data/processed/speech/english/LibriSpeech/dev-clean/5694/64029/5694-64029-0027.wav,3.46,data/raw/speech/english/LibriSpeech/dev-clean/5694/64029/5694-64029-0027.flac
data/processed/speech/english/LibriSpeech/dev-clean/5694/64029/5694-64029-0028.wav,5.18,data/raw/speech/english/LibriSpeech/dev-clean/5694/64029/5694-64029-0028.flac
data/processed/speech/english/LibriSpeech/dev-clean/5694/64029/5694-64029-0029.wav,3.23,data/raw/speech/english/LibriSpeech/dev-clean/5694/64029/5694-64029-0029.flac
data/processed/speech/english/LibriSpeech/dev-clean/5694/64029/5694-64029-0030.wav,2.78,data/raw/speech/english/LibriSpeech/dev-clean/5694/64029/5694-64029-0030.flac
data/processed/speech/english/LibriSpeech/dev-clean/5694/64029/5694-64029-0031.wav,5.86,data/raw/speech/english/LibriSpeech/dev-clean/5694/64029/5694-64029-0031.flac
data/processed/speech/english/LibriSpeech/dev-clean/5694/64029/5694-64029-0032.wav,2.5,data/raw/speech/english/LibriSpeech/dev-clean/5694/64029/5694-64029-0032.flac
data/processed/speech/english/LibriSpeech/dev-clean/5694/64038/5694-64038-0000.wav,1.57,data/raw/speech/english/LibriSpeech/dev-clean/5694/64038/5694-64038-0000.flac
data/processed/speech/english/LibriSpeech/dev-clean/5694/64038/5694-64038-0001.wav,2.69,data/raw/speech/english/LibriSpeech/dev-clean/5694/64038/5694-64038-0001.flac
data/processed/speech/english/LibriSpeech/dev-clean/5694/64038/5694-64038-0002.wav,7.9,data/raw/speech/english/LibriSpeech/dev-clean/5694/64038/5694-64038-0002.flac
data/processed/speech/english/LibriSpeech/dev-clean/5694/64038/5694-64038-0003.wav,6.14,data/raw/speech/english/LibriSpeech/dev-clean/5694/64038/5694-64038-0003.flac
data/processed/speech/english/LibriSpeech/dev-clean/5694/64038/5694-64038-0004.wav,8.93,data/raw/speech/english/LibriSpeech/dev-clean/5694/64038/5694-64038-0004.flac
data/processed/speech/english/LibriSpeech/dev-clean/5694/64038/5694-64038-0005.wav,3.84,data/raw/speech/english/LibriSpeech/dev-clean/5694/64038/5694-64038-0005.flac
data/processed/speech/english/LibriSpeech/dev-clean/5694/64038/5694-64038-0006.wav,1.7,data/raw/speech/english/LibriSpeech/dev-clean/5694/64038/5694-64038-0006.flac
data/processed/speech/english/LibriSpeech/dev-clean/5694/64038/5694-64038-0007.wav,1.47,data/raw/speech/english/LibriSpeech/dev-clean/5694/64038/5694-64038-0007.flac
data/processed/speech/english/LibriSpeech/dev-clean/5694/64038/5694-64038-0008.wav,0.93,data/raw/speech/english/LibriSpeech/dev-clean/5694/64038/5694-64038-0008.flac
data/processed/speech/english/LibriSpeech/dev-clean/5694/64038/5694-64038-0009.wav,1.6,data/raw/speech/english/LibriSpeech/dev-clean/5694/64038/5694-64038-0009.flac
data/processed/speech/english/LibriSpeech/dev-clean/5694/64038/5694-64038-0010.wav,8.7,data/raw/speech/english/LibriSpeech/dev-clean/5694/64038/5694-64038-0010.flac
data/processed/speech/english/LibriSpeech/dev-clean/5694/64038/5694-64038-0011.wav,2.37,data/raw/speech/english/LibriSpeech/dev-clean/5694/64038/5694-64038-0011.flac
data/processed/speech/english/LibriSpeech/dev-clean/5694/64038/5694-64038-0012.wav,2.05,data/raw/speech/english/LibriSpeech/dev-clean/5694/64038/5694-64038-0012.flac
data/processed/speech/english/LibriSpeech/dev-clean/5694/64038/5694-64038-0013.wav,2.5,data/raw/speech/english/LibriSpeech/dev-clean/5694/64038/5694-64038-0013.flac
data/processed/speech/english/LibriSpeech/dev-clean/5694/64038/5694-64038-0014.wav,3.55,data/raw/speech/english/LibriSpeech/dev-clean/5694/64038/5694-64038-0014.flac
data/processed/speech/english/LibriSpeech/dev-clean/5694/64038/5694-64038-0015.wav,5.89,data/raw/speech/english/LibriSpeech/dev-clean/5694/64038/5694-64038-0015.flac
data/processed/speech/english/LibriSpeech/dev-clean/5694/64038/5694-64038-0016.wav,1.7,data/raw/speech/english/LibriSpeech/dev-clean/5694/64038/5694-64038-0016.flac
data/processed/speech/english/LibriSpeech/dev-clean/5694/64038/5694-64038-0017.wav,14.24,data/raw/speech/english/LibriSpeech/dev-clean/5694/64038/5694-64038-0017.flac
data/processed/speech/english/LibriSpeech/dev-clean/5694/64038/5694-64038-0018.wav,10.88,data/raw/speech/english/LibriSpeech/dev-clean/5694/64038/5694-64038-0018.flac
data/processed/speech/english/LibriSpeech/dev-clean/5694/64038/5694-64038-0019.wav,5.7,data/raw/speech/english/LibriSpeech/dev-clean/5694/64038/5694-64038-0019.flac
data/processed/speech/english/LibriSpeech/dev-clean/5694/64038/5694-64038-0020.wav,4.1,data/raw/speech/english/LibriSpeech/dev-clean/5694/64038/5694-64038-0020.flac
data/processed/speech/english/LibriSpeech/dev-clean/5694/64038/5694-64038-0021.wav,2.37,data/raw/speech/english/LibriSpeech/dev-clean/5694/64038/5694-64038-0021.flac
data/processed/speech/english/LibriSpeech/dev-clean/5694/64038/5694-64038-0022.wav,14.69,data/raw/speech/english/LibriSpeech/dev-clean/5694/64038/5694-64038-0022.flac
data/processed/speech/english/LibriSpeech/dev-clean/5694/64038/5694-64038-0023.wav,4.03,data/raw/speech/english/LibriSpeech/dev-clean/5694/64038/5694-64038-0023.flac
data/processed/speech/english/LibriSpeech/dev-clean/5694/64038/5694-64038-0024.wav,2.85,data/raw/speech/english/LibriSpeech/dev-clean/5694/64038/5694-64038-0024.flac
data/processed/speech/english/LibriSpeech/dev-clean/5694/64038/5694-64038-0025.wav,5.73,data/raw/speech/english/LibriSpeech/dev-clean/5694/64038/5694-64038-0025.flac
data/processed/speech/english/LibriSpeech/dev-clean/5895/34615/5895-34615-0000.wav,2.27,data/raw/speech/english/LibriSpeech/dev-clean/5895/34615/5895-34615-0000.flac
data/processed/speech/english/LibriSpeech/dev-clean/5895/34615/5895-34615-0001.wav,2.46,data/raw/speech/english/LibriSpeech/dev-clean/5895/34615/5895-34615-0001.flac
data/processed/speech/english/LibriSpeech/dev-clean/5895/34615/5895-34615-0002.wav,7.81,data/raw/speech/english/LibriSpeech/dev-clean/5895/34615/5895-34615-0002.flac
data/processed/speech/english/LibriSpeech/dev-clean/5895/34615/5895-34615-0003.wav,5.63,data/raw/speech/english/LibriSpeech/dev-clean/5895/34615/5895-34615-0003.flac
data/processed/speech/english/LibriSpeech/dev-clean/5895/34615/5895-34615-0004.wav,15.04,data/raw/speech/english/LibriSpeech/dev-clean/5895/34615/5895-34615-0004.flac
data/processed/speech/english/LibriSpeech/dev-clean/5895/34615/5895-34615-0005.wav,1.7,data/raw/speech/english/LibriSpeech/dev-clean/5895/34615/5895-34615-0005.flac
data/processed/speech/english/LibriSpeech/dev-clean/5895/34615/5895-34615-0006.wav,1.79,data/raw/speech/english/LibriSpeech/dev-clean/5895/34615/5895-34615-0006.flac
data/processed/speech/english/LibriSpeech/dev-clean/5895/34615/5895-34615-0007.wav,4.99,data/raw/speech/english/LibriSpeech/dev-clean/5895/34615/5895-34615-0007.flac
data/processed/speech/english/LibriSpeech/dev-clean/5895/34615/5895-34615-0008.wav,2.46,data/raw/speech/english/LibriSpeech/dev-clean/5895/34615/5895-34615-0008.flac
data/processed/speech/english/LibriSpeech/dev-clean/5895/34615/5895-34615-0009.wav,2.18,data/raw/speech/english/LibriSpeech/dev-clean/5895/34615/5895-34615-0009.flac
data/processed/speech/english/LibriSpeech/dev-clean/5895/34615/5895-34615-0010.wav,7.14,data/raw/speech/english/LibriSpeech/dev-clean/5895/34615/5895-34615-0010.flac
data/processed/speech/english/LibriSpeech/dev-clean/5895/34615/5895-34615-0011.wav,1.82,data/raw/speech/english/LibriSpeech/dev-clean/5895/34615/5895-34615-0011.flac
data/processed/speech/english/LibriSpeech/dev-clean/5895/34615/5895-34615-0012.wav,9.7,data/raw/speech/english/LibriSpeech/dev-clean/5895/34615/5895-34615-0012.flac
data/processed/speech/english/LibriSpeech/dev-clean/5895/34615/5895-34615-0013.wav,3.97,data/raw/speech/english/LibriSpeech/dev-clean/5895/34615/5895-34615-0013.flac
data/processed/speech/english/LibriSpeech/dev-clean/5895/34615/5895-34615-0014.wav,4.03,data/raw/speech/english/LibriSpeech/dev-clean/5895/34615/5895-34615-0014.flac
data/processed/speech/english/LibriSpeech/dev-clean/5895/34615/5895-34615-0015.wav,8.03,data/raw/speech/english/LibriSpeech/dev-clean/5895/34615/5895-34615-0015.flac
data/processed/speech/english/LibriSpeech/dev-clean/5895/34615/5895-34615-0016.wav,13.66,data/raw/speech/english/LibriSpeech/dev-clean/5895/34615/5895-34615-0016.flac
data/processed/speech/english/LibriSpeech/dev-clean/5895/34615/5895-34615-0017.wav,6.43,data/raw/speech/english/LibriSpeech/dev-clean/5895/34615/5895-34615-0017.flac
data/processed/speech/english/LibriSpeech/dev-clean/5895/34615/5895-34615-0018.wav,1.5,data/raw/speech/english/LibriSpeech/dev-clean/5895/34615/5895-34615-0018.flac
data/processed/speech/english/LibriSpeech/dev-clean/5895/34615/5895-34615-0019.wav,6.14,data/raw/speech/english/LibriSpeech/dev-clean/5895/34615/5895-34615-0019.flac
data/processed/speech/english/LibriSpeech/dev-clean/5895/34615/5895-34615-0020.wav,8.54,data/raw/speech/english/LibriSpeech/dev-clean/5895/34615/5895-34615-0020.flac
data/processed/speech/english/LibriSpeech/dev-clean/5895/34615/5895-34615-0021.wav,11.2,data/raw/speech/english/LibriSpeech/dev-clean/5895/34615/5895-34615-0021.flac
data/processed/speech/english/LibriSpeech/dev-clean/5895/34622/5895-34622-0000.wav,2.46,data/raw/speech/english/LibriSpeech/dev-clean/5895/34622/5895-34622-0000.flac
data/processed/speech/english/LibriSpeech/dev-clean/5895/34622/5895-34622-0001.wav,4.99,data/raw/speech/english/LibriSpeech/dev-clean/5895/34622/5895-34622-0001.flac
data/processed/speech/english/LibriSpeech/dev-clean/5895/34622/5895-34622-0002.wav,2.78,data/raw/speech/english/LibriSpeech/dev-clean/5895/34622/5895-34622-0002.flac
data/processed/speech/english/LibriSpeech/dev-clean/5895/34622/5895-34622-0003.wav,4.0,data/raw/speech/english/LibriSpeech/dev-clean/5895/34622/5895-34622-0003.flac
data/processed/speech/english/LibriSpeech/dev-clean/5895/34622/5895-34622-0004.wav,3.42,data/raw/speech/english/LibriSpeech/dev-clean/5895/34622/5895-34622-0004.flac
data/processed/speech/english/LibriSpeech/dev-clean/5895/34622/5895-34622-0005.wav,6.43,data/raw/speech/english/LibriSpeech/dev-clean/5895/34622/5895-34622-0005.flac
data/processed/speech/english/LibriSpeech/dev-clean/5895/34622/5895-34622-0006.wav,3.62,data/raw/speech/english/LibriSpeech/dev-clean/5895/34622/5895-34622-0006.flac
data/processed/speech/english/LibriSpeech/dev-clean/5895/34622/5895-34622-0007.wav,3.97,data/raw/speech/english/LibriSpeech/dev-clean/5895/34622/5895-34622-0007.flac
data/processed/speech/english/LibriSpeech/dev-clean/5895/34622/5895-34622-0008.wav,8.1,data/raw/speech/english/LibriSpeech/dev-clean/5895/34622/5895-34622-0008.flac
data/processed/speech/english/LibriSpeech/dev-clean/5895/34622/5895-34622-0009.wav,10.08,data/raw/speech/english/LibriSpeech/dev-clean/5895/34622/5895-34622-0009.flac
data/processed/speech/english/LibriSpeech/dev-clean/5895/34622/5895-34622-0010.wav,2.43,data/raw/speech/english/LibriSpeech/dev-clean/5895/34622/5895-34622-0010.flac
data/processed/speech/english/LibriSpeech/dev-clean/5895/34622/5895-34622-0011.wav,14.75,data/raw/speech/english/LibriSpeech/dev-clean/5895/34622/5895-34622-0011.flac
data/processed/speech/english/LibriSpeech/dev-clean/5895/34622/5895-34622-0012.wav,3.94,data/raw/speech/english/LibriSpeech/dev-clean/5895/34622/5895-34622-0012.flac
data/processed/speech/english/LibriSpeech/dev-clean/5895/34622/5895-34622-0013.wav,13.38,data/raw/speech/english/LibriSpeech/dev-clean/5895/34622/5895-34622-0013.flac
data/processed/speech/english/LibriSpeech/dev-clean/5895/34622/5895-34622-0014.wav,4.8,data/raw/speech/english/LibriSpeech/dev-clean/5895/34622/5895-34622-0014.flac
data/processed/speech/english/LibriSpeech/dev-clean/5895/34622/5895-34622-0015.wav,2.21,data/raw/speech/english/LibriSpeech/dev-clean/5895/34622/5895-34622-0015.flac
data/processed/speech/english/LibriSpeech/dev-clean/5895/34622/5895-34622-0016.wav,2.05,data/raw/speech/english/LibriSpeech/dev-clean/5895/34622/5895-34622-0016.flac
data/processed/speech/english/LibriSpeech/dev-clean/5895/34622/5895-34622-0017.wav,7.62,data/raw/speech/english/LibriSpeech/dev-clean/5895/34622/5895-34622-0017.flac
data/processed/speech/english/LibriSpeech/dev-clean/5895/34622/5895-34622-0018.wav,4.06,data/raw/speech/english/LibriSpeech/dev-clean/5895/34622/5895-34622-0018.flac
data/processed/speech/english/LibriSpeech/dev-clean/5895/34622/5895-34622-0019.wav,7.52,data/raw/speech/english/LibriSpeech/dev-clean/5895/34622/5895-34622-0019.flac
data/processed/speech/english/LibriSpeech/dev-clean/5895/34622/5895-34622-0020.wav,4.9,data/raw/speech/english/LibriSpeech/dev-clean/5895/34622/5895-34622-0020.flac
data/processed/speech/english/LibriSpeech/dev-clean/5895/34622/5895-34622-0021.wav,2.11,data/raw/speech/english/LibriSpeech/dev-clean/5895/34622/5895-34622-0021.flac
data/processed/speech/english/LibriSpeech/dev-clean/5895/34622/5895-34622-0022.wav,9.44,data/raw/speech/english/LibriSpeech/dev-clean/5895/34622/5895-34622-0022.flac
data/processed/speech/english/LibriSpeech/dev-clean/5895/34622/5895-34622-0023.wav,5.09,data/raw/speech/english/LibriSpeech/dev-clean/5895/34622/5895-34622-0023.flac
data/processed/speech/english/LibriSpeech/dev-clean/5895/34629/5895-34629-0000.wav,1.66,data/raw/speech/english/LibriSpeech/dev-clean/5895/34629/5895-34629-0000.flac
data/processed/speech/english/LibriSpeech/dev-clean/5895/34629/5895-34629-0001.wav,2.69,data/raw/speech/english/LibriSpeech/dev-clean/5895/34629/5895-34629-0001.flac
data/processed/speech/english/LibriSpeech/dev-clean/5895/34629/5895-34629-0002.wav,3.3,data/raw/speech/english/LibriSpeech/dev-clean/5895/34629/5895-34629-0002.flac
data/processed/speech/english/LibriSpeech/dev-clean/5895/34629/5895-34629-0003.wav,2.43,data/raw/speech/english/LibriSpeech/dev-clean/5895/34629/5895-34629-0003.flac
data/processed/speech/english/LibriSpeech/dev-clean/5895/34629/5895-34629-0004.wav,1.98,data/raw/speech/english/LibriSpeech/dev-clean/5895/34629/5895-34629-0004.flac
data/processed/speech/english/LibriSpeech/dev-clean/5895/34629/5895-34629-0005.wav,1.66,data/raw/speech/english/LibriSpeech/dev-clean/5895/34629/5895-34629-0005.flac
data/processed/speech/english/LibriSpeech/dev-clean/5895/34629/5895-34629-0006.wav,6.94,data/raw/speech/english/LibriSpeech/dev-clean/5895/34629/5895-34629-0006.flac
data/processed/speech/english/LibriSpeech/dev-clean/5895/34629/5895-34629-0007.wav,7.33,data/raw/speech/english/LibriSpeech/dev-clean/5895/34629/5895-34629-0007.flac
data/processed/speech/english/LibriSpeech/dev-clean/5895/34629/5895-34629-0008.wav,9.44,data/raw/speech/english/LibriSpeech/dev-clean/5895/34629/5895-34629-0008.flac
data/processed/speech/english/LibriSpeech/dev-clean/5895/34629/5895-34629-0009.wav,4.1,data/raw/speech/english/LibriSpeech/dev-clean/5895/34629/5895-34629-0009.flac
data/processed/speech/english/LibriSpeech/dev-clean/5895/34629/5895-34629-0010.wav,1.57,data/raw/speech/english/LibriSpeech/dev-clean/5895/34629/5895-34629-0010.flac
data/processed/speech/english/LibriSpeech/dev-clean/5895/34629/5895-34629-0011.wav,6.34,data/raw/speech/english/LibriSpeech/dev-clean/5895/34629/5895-34629-0011.flac
data/processed/speech/english/LibriSpeech/dev-clean/5895/34629/5895-34629-0012.wav,2.98,data/raw/speech/english/LibriSpeech/dev-clean/5895/34629/5895-34629-0012.flac
data/processed/speech/english/LibriSpeech/dev-clean/5895/34629/5895-34629-0013.wav,4.42,data/raw/speech/english/LibriSpeech/dev-clean/5895/34629/5895-34629-0013.flac
data/processed/speech/english/LibriSpeech/dev-clean/5895/34629/5895-34629-0014.wav,1.76,data/raw/speech/english/LibriSpeech/dev-clean/5895/34629/5895-34629-0014.flac
data/processed/speech/english/LibriSpeech/dev-clean/5895/34629/5895-34629-0015.wav,6.46,data/raw/speech/english/LibriSpeech/dev-clean/5895/34629/5895-34629-0015.flac
data/processed/speech/english/LibriSpeech/dev-clean/5895/34629/5895-34629-0016.wav,4.13,data/raw/speech/english/LibriSpeech/dev-clean/5895/34629/5895-34629-0016.flac
data/processed/speech/english/LibriSpeech/dev-clean/5895/34629/5895-34629-0017.wav,3.84,data/raw/speech/english/LibriSpeech/dev-clean/5895/34629/5895-34629-0017.flac
data/processed/speech/english/LibriSpeech/dev-clean/5895/34629/5895-34629-0018.wav,5.25,data/raw/speech/english/LibriSpeech/dev-clean/5895/34629/5895-34629-0018.flac
data/processed/speech/english/LibriSpeech/dev-clean/5895/34629/5895-34629-0019.wav,2.88,data/raw/speech/english/LibriSpeech/dev-clean/5895/34629/5895-34629-0019.flac
data/processed/speech/english/LibriSpeech/dev-clean/5895/34629/5895-34629-0020.wav,1.54,data/raw/speech/english/LibriSpeech/dev-clean/5895/34629/5895-34629-0020.flac
data/processed/speech/english/LibriSpeech/dev-clean/5895/34629/5895-34629-0021.wav,7.68,data/raw/speech/english/LibriSpeech/dev-clean/5895/34629/5895-34629-0021.flac
data/processed/speech/english/LibriSpeech/dev-clean/5895/34629/5895-34629-0022.wav,5.38,data/raw/speech/english/LibriSpeech/dev-clean/5895/34629/5895-34629-0022.flac
data/processed/speech/english/LibriSpeech/dev-clean/5895/34629/5895-34629-0023.wav,7.26,data/raw/speech/english/LibriSpeech/dev-clean/5895/34629/5895-34629-0023.flac
data/processed/speech/english/LibriSpeech/dev-clean/5895/34629/5895-34629-0024.wav,3.52,data/raw/speech/english/LibriSpeech/dev-clean/5895/34629/5895-34629-0024.flac
data/processed/speech/english/LibriSpeech/dev-clean/5895/34629/5895-34629-0025.wav,4.19,data/raw/speech/english/LibriSpeech/dev-clean/5895/34629/5895-34629-0025.flac
data/processed/speech/english/LibriSpeech/dev-clean/5895/34629/5895-34629-0026.wav,12.83,data/raw/speech/english/LibriSpeech/dev-clean/5895/34629/5895-34629-0026.flac
data/processed/speech/english/LibriSpeech/dev-clean/5895/34629/5895-34629-0027.wav,6.27,data/raw/speech/english/LibriSpeech/dev-clean/5895/34629/5895-34629-0027.flac
data/processed/speech/english/LibriSpeech/dev-clean/5895/34629/5895-34629-0028.wav,4.64,data/raw/speech/english/LibriSpeech/dev-clean/5895/34629/5895-34629-0028.flac
data/processed/speech/english/LibriSpeech/dev-clean/5895/34629/5895-34629-0029.wav,2.34,data/raw/speech/english/LibriSpeech/dev-clean/5895/34629/5895-34629-0029.flac
data/processed/speech/english/LibriSpeech/dev-clean/5895/34629/5895-34629-0030.wav,9.6,data/raw/speech/english/LibriSpeech/dev-clean/5895/34629/5895-34629-0030.flac
data/processed/speech/english/LibriSpeech/dev-clean/5895/34629/5895-34629-0031.wav,2.88,data/raw/speech/english/LibriSpeech/dev-clean/5895/34629/5895-34629-0031.flac
data/processed/speech/english/LibriSpeech/dev-clean/5895/34629/5895-34629-0032.wav,1.98,data/raw/speech/english/LibriSpeech/dev-clean/5895/34629/5895-34629-0032.flac
data/processed/speech/english/LibriSpeech/dev-clean/5895/34629/5895-34629-0033.wav,7.07,data/raw/speech/english/LibriSpeech/dev-clean/5895/34629/5895-34629-0033.flac
data/processed/speech/english/LibriSpeech/dev-clean/6241/61943/6241-61943-0000.wav,5.95,data/raw/speech/english/LibriSpeech/dev-clean/6241/61943/6241-61943-0000.flac
data/processed/speech/english/LibriSpeech/dev-clean/6241/61943/6241-61943-0001.wav,2.43,data/raw/speech/english/LibriSpeech/dev-clean/6241/61943/6241-61943-0001.flac
data/processed/speech/english/LibriSpeech/dev-clean/6241/61943/6241-61943-0002.wav,1.92,data/raw/speech/english/LibriSpeech/dev-clean/6241/61943/6241-61943-0002.flac
data/processed/speech/english/LibriSpeech/dev-clean/6241/61943/6241-61943-0003.wav,6.82,data/raw/speech/english/LibriSpeech/dev-clean/6241/61943/6241-61943-0003.flac
data/processed/speech/english/LibriSpeech/dev-clean/6241/61943/6241-61943-0004.wav,2.75,data/raw/speech/english/LibriSpeech/dev-clean/6241/61943/6241-61943-0004.flac
data/processed/speech/english/LibriSpeech/dev-clean/6241/61943/6241-61943-0005.wav,4.22,data/raw/speech/english/LibriSpeech/dev-clean/6241/61943/6241-61943-0005.flac
data/processed/speech/english/LibriSpeech/dev-clean/6241/61943/6241-61943-0006.wav,3.01,data/raw/speech/english/LibriSpeech/dev-clean/6241/61943/6241-61943-0006.flac
data/processed/speech/english/LibriSpeech/dev-clean/6241/61943/6241-61943-0007.wav,1.82,data/raw/speech/english/LibriSpeech/dev-clean/6241/61943/6241-61943-0007.flac
data/processed/speech/english/LibriSpeech/dev-clean/6241/61943/6241-61943-0008.wav,7.3,data/raw/speech/english/LibriSpeech/dev-clean/6241/61943/6241-61943-0008.flac
data/processed/speech/english/LibriSpeech/dev-clean/6241/61943/6241-61943-0009.wav,2.82,data/raw/speech/english/LibriSpeech/dev-clean/6241/61943/6241-61943-0009.flac
data/processed/speech/english/LibriSpeech/dev-clean/6241/61943/6241-61943-0010.wav,3.52,data/raw/speech/english/LibriSpeech/dev-clean/6241/61943/6241-61943-0010.flac
data/processed/speech/english/LibriSpeech/dev-clean/6241/61943/6241-61943-0011.wav,3.14,data/raw/speech/english/LibriSpeech/dev-clean/6241/61943/6241-61943-0011.flac
data/processed/speech/english/LibriSpeech/dev-clean/6241/61943/6241-61943-0012.wav,5.09,data/raw/speech/english/LibriSpeech/dev-clean/6241/61943/6241-61943-0012.flac
data/processed/speech/english/LibriSpeech/dev-clean/6241/61943/6241-61943-0013.wav,6.88,data/raw/speech/english/LibriSpeech/dev-clean/6241/61943/6241-61943-0013.flac
data/processed/speech/english/LibriSpeech/dev-clean/6241/61943/6241-61943-0014.wav,6.02,data/raw/speech/english/LibriSpeech/dev-clean/6241/61943/6241-61943-0014.flac
data/processed/speech/english/LibriSpeech/dev-clean/6241/61943/6241-61943-0015.wav,1.7,data/raw/speech/english/LibriSpeech/dev-clean/6241/61943/6241-61943-0015.flac
data/processed/speech/english/LibriSpeech/dev-clean/6241/61943/6241-61943-0016.wav,3.74,data/raw/speech/english/LibriSpeech/dev-clean/6241/61943/6241-61943-0016.flac
data/processed/speech/english/LibriSpeech/dev-clean/6241/61943/6241-61943-0017.wav,5.28,data/raw/speech/english/LibriSpeech/dev-clean/6241/61943/6241-61943-0017.flac
data/processed/speech/english/LibriSpeech/dev-clean/6241/61943/6241-61943-0018.wav,6.14,data/raw/speech/english/LibriSpeech/dev-clean/6241/61943/6241-61943-0018.flac
data/processed/speech/english/LibriSpeech/dev-clean/6241/61943/6241-61943-0019.wav,2.53,data/raw/speech/english/LibriSpeech/dev-clean/6241/61943/6241-61943-0019.flac
data/processed/speech/english/LibriSpeech/dev-clean/6241/61943/6241-61943-0020.wav,3.87,data/raw/speech/english/LibriSpeech/dev-clean/6241/61943/6241-61943-0020.flac
data/processed/speech/english/LibriSpeech/dev-clean/6241/61943/6241-61943-0021.wav,1.5,data/raw/speech/english/LibriSpeech/dev-clean/6241/61943/6241-61943-0021.flac
data/processed/speech/english/LibriSpeech/dev-clean/6241/61943/6241-61943-0022.wav,1.92,data/raw/speech/english/LibriSpeech/dev-clean/6241/61943/6241-61943-0022.flac
data/processed/speech/english/LibriSpeech/dev-clean/6241/61943/6241-61943-0023.wav,3.84,data/raw/speech/english/LibriSpeech/dev-clean/6241/61943/6241-61943-0023.flac
data/processed/speech/english/LibriSpeech/dev-clean/6241/61943/6241-61943-0024.wav,6.34,data/raw/speech/english/LibriSpeech/dev-clean/6241/61943/6241-61943-0024.flac
data/processed/speech/english/LibriSpeech/dev-clean/6241/61943/6241-61943-0025.wav,5.28,data/raw/speech/english/LibriSpeech/dev-clean/6241/61943/6241-61943-0025.flac
data/processed/speech/english/LibriSpeech/dev-clean/6241/61943/6241-61943-0026.wav,8.26,data/raw/speech/english/LibriSpeech/dev-clean/6241/61943/6241-61943-0026.flac
data/processed/speech/english/LibriSpeech/dev-clean/6241/61943/6241-61943-0027.wav,17.02,data/raw/speech/english/LibriSpeech/dev-clean/6241/61943/6241-61943-0027.flac
data/processed/speech/english/LibriSpeech/dev-clean/6241/61946/6241-61946-0000.wav,5.47,data/raw/speech/english/LibriSpeech/dev-clean/6241/61946/6241-61946-0000.flac
data/processed/speech/english/LibriSpeech/dev-clean/6241/61946/6241-61946-0001.wav,5.47,data/raw/speech/english/LibriSpeech/dev-clean/6241/61946/6241-61946-0001.flac
data/processed/speech/english/LibriSpeech/dev-clean/6241/61946/6241-61946-0002.wav,4.86,data/raw/speech/english/LibriSpeech/dev-clean/6241/61946/6241-61946-0002.flac
data/processed/speech/english/LibriSpeech/dev-clean/6241/61946/6241-61946-0003.wav,7.68,data/raw/speech/english/LibriSpeech/dev-clean/6241/61946/6241-61946-0003.flac
data/processed/speech/english/LibriSpeech/dev-clean/6241/61946/6241-61946-0004.wav,5.02,data/raw/speech/english/LibriSpeech/dev-clean/6241/61946/6241-61946-0004.flac
data/processed/speech/english/LibriSpeech/dev-clean/6241/61946/6241-61946-0005.wav,2.4,data/raw/speech/english/LibriSpeech/dev-clean/6241/61946/6241-61946-0005.flac
data/processed/speech/english/LibriSpeech/dev-clean/6241/61946/6241-61946-0006.wav,7.2,data/raw/speech/english/LibriSpeech/dev-clean/6241/61946/6241-61946-0006.flac
data/processed/speech/english/LibriSpeech/dev-clean/6241/61946/6241-61946-0007.wav,5.47,data/raw/speech/english/LibriSpeech/dev-clean/6241/61946/6241-61946-0007.flac
data/processed/speech/english/LibriSpeech/dev-clean/6241/61946/6241-61946-0008.wav,3.33,data/raw/speech/english/LibriSpeech/dev-clean/6241/61946/6241-61946-0008.flac
data/processed/speech/english/LibriSpeech/dev-clean/6241/61946/6241-61946-0009.wav,3.74,data/raw/speech/english/LibriSpeech/dev-clean/6241/61946/6241-61946-0009.flac
data/processed/speech/english/LibriSpeech/dev-clean/6241/61946/6241-61946-0010.wav,2.43,data/raw/speech/english/LibriSpeech/dev-clean/6241/61946/6241-61946-0010.flac
data/processed/speech/english/LibriSpeech/dev-clean/6241/61946/6241-61946-0011.wav,9.57,data/raw/speech/english/LibriSpeech/dev-clean/6241/61946/6241-61946-0011.flac
data/processed/speech/english/LibriSpeech/dev-clean/6241/61946/6241-61946-0012.wav,2.5,data/raw/speech/english/LibriSpeech/dev-clean/6241/61946/6241-61946-0012.flac
data/processed/speech/english/LibriSpeech/dev-clean/6241/61946/6241-61946-0013.wav,8.7,data/raw/speech/english/LibriSpeech/dev-clean/6241/61946/6241-61946-0013.flac
data/processed/speech/english/LibriSpeech/dev-clean/6241/61946/6241-61946-0014.wav,4.54,data/raw/speech/english/LibriSpeech/dev-clean/6241/61946/6241-61946-0014.flac
data/processed/speech/english/LibriSpeech/dev-clean/6241/61946/6241-61946-0015.wav,3.46,data/raw/speech/english/LibriSpeech/dev-clean/6241/61946/6241-61946-0015.flac
data/processed/speech/english/LibriSpeech/dev-clean/6241/61946/6241-61946-0016.wav,5.57,data/raw/speech/english/LibriSpeech/dev-clean/6241/61946/6241-61946-0016.flac
data/processed/speech/english/LibriSpeech/dev-clean/6241/61946/6241-61946-0017.wav,3.71,data/raw/speech/english/LibriSpeech/dev-clean/6241/61946/6241-61946-0017.flac
data/processed/speech/english/LibriSpeech/dev-clean/6241/61946/6241-61946-0018.wav,3.42,data/raw/speech/english/LibriSpeech/dev-clean/6241/61946/6241-61946-0018.flac
data/processed/speech/english/LibriSpeech/dev-clean/6241/61946/6241-61946-0019.wav,1.73,data/raw/speech/english/LibriSpeech/dev-clean/6241/61946/6241-61946-0019.flac
data/processed/speech/english/LibriSpeech/dev-clean/6241/61946/6241-61946-0020.wav,11.2,data/raw/speech/english/LibriSpeech/dev-clean/6241/61946/6241-61946-0020.flac
data/processed/speech/english/LibriSpeech/dev-clean/6241/61946/6241-61946-0021.wav,3.9,data/raw/speech/english/LibriSpeech/dev-clean/6241/61946/6241-61946-0021.flac
data/processed/speech/english/LibriSpeech/dev-clean/6241/61946/6241-61946-0022.wav,7.71,data/raw/speech/english/LibriSpeech/dev-clean/6241/61946/6241-61946-0022.flac
data/processed/speech/english/LibriSpeech/dev-clean/6241/61946/6241-61946-0023.wav,6.18,data/raw/speech/english/LibriSpeech/dev-clean/6241/61946/6241-61946-0023.flac
data/processed/speech/english/LibriSpeech/dev-clean/6241/66616/6241-66616-0000.wav,8.38,data/raw/speech/english/LibriSpeech/dev-clean/6241/66616/6241-66616-0000.flac
data/processed/speech/english/LibriSpeech/dev-clean/6241/66616/6241-66616-0001.wav,7.04,data/raw/speech/english/LibriSpeech/dev-clean/6241/66616/6241-66616-0001.flac
data/processed/speech/english/LibriSpeech/dev-clean/6241/66616/6241-66616-0002.wav,3.23,data/raw/speech/english/LibriSpeech/dev-clean/6241/66616/6241-66616-0002.flac
data/processed/speech/english/LibriSpeech/dev-clean/6241/66616/6241-66616-0003.wav,4.61,data/raw/speech/english/LibriSpeech/dev-clean/6241/66616/6241-66616-0003.flac
data/processed/speech/english/LibriSpeech/dev-clean/6241/66616/6241-66616-0004.wav,3.78,data/raw/speech/english/LibriSpeech/dev-clean/6241/66616/6241-66616-0004.flac
data/processed/speech/english/LibriSpeech/dev-clean/6241/66616/6241-66616-0005.wav,9.82,data/raw/speech/english/LibriSpeech/dev-clean/6241/66616/6241-66616-0005.flac
data/processed/speech/english/LibriSpeech/dev-clean/6241/66616/6241-66616-0006.wav,4.9,data/raw/speech/english/LibriSpeech/dev-clean/6241/66616/6241-66616-0006.flac
data/processed/speech/english/LibriSpeech/dev-clean/6241/66616/6241-66616-0007.wav,4.42,data/raw/speech/english/LibriSpeech/dev-clean/6241/66616/6241-66616-0007.flac
data/processed/speech/english/LibriSpeech/dev-clean/6241/66616/6241-66616-0008.wav,16.96,data/raw/speech/english/LibriSpeech/dev-clean/6241/66616/6241-66616-0008.flac
data/processed/speech/english/LibriSpeech/dev-clean/6241/66616/6241-66616-0009.wav,10.34,data/raw/speech/english/LibriSpeech/dev-clean/6241/66616/6241-66616-0009.flac
data/processed/speech/english/LibriSpeech/dev-clean/6241/66616/6241-66616-0010.wav,8.61,data/raw/speech/english/LibriSpeech/dev-clean/6241/66616/6241-66616-0010.flac
data/processed/speech/english/LibriSpeech/dev-clean/6241/66616/6241-66616-0011.wav,9.79,data/raw/speech/english/LibriSpeech/dev-clean/6241/66616/6241-66616-0011.flac
data/processed/speech/english/LibriSpeech/dev-clean/6241/66616/6241-66616-0012.wav,9.95,data/raw/speech/english/LibriSpeech/dev-clean/6241/66616/6241-66616-0012.flac
data/processed/speech/english/LibriSpeech/dev-clean/6241/66616/6241-66616-0013.wav,4.45,data/raw/speech/english/LibriSpeech/dev-clean/6241/66616/6241-66616-0013.flac
data/processed/speech/english/LibriSpeech/dev-clean/6241/66616/6241-66616-0014.wav,7.9,data/raw/speech/english/LibriSpeech/dev-clean/6241/66616/6241-66616-0014.flac
data/processed/speech/english/LibriSpeech/dev-clean/6241/66616/6241-66616-0015.wav,4.13,data/raw/speech/english/LibriSpeech/dev-clean/6241/66616/6241-66616-0015.flac
data/processed/speech/english/LibriSpeech/dev-clean/6241/66616/6241-66616-0016.wav,3.9,data/raw/speech/english/LibriSpeech/dev-clean/6241/66616/6241-66616-0016.flac
data/processed/speech/english/LibriSpeech/dev-clean/6241/66616/6241-66616-0017.wav,5.86,data/raw/speech/english/LibriSpeech/dev-clean/6241/66616/6241-66616-0017.flac
data/processed/speech/english/LibriSpeech/dev-clean/6241/66616/6241-66616-0018.wav,6.4,data/raw/speech/english/LibriSpeech/dev-clean/6241/66616/6241-66616-0018.flac
data/processed/speech/english/LibriSpeech/dev-clean/6241/66616/6241-66616-0019.wav,5.44,data/raw/speech/english/LibriSpeech/dev-clean/6241/66616/6241-66616-0019.flac
data/processed/speech/english/LibriSpeech/dev-clean/6241/66616/6241-66616-0020.wav,2.02,data/raw/speech/english/LibriSpeech/dev-clean/6241/66616/6241-66616-0020.flac
data/processed/speech/english/LibriSpeech/dev-clean/6241/66616/6241-66616-0021.wav,3.65,data/raw/speech/english/LibriSpeech/dev-clean/6241/66616/6241-66616-0021.flac
data/processed/speech/english/LibriSpeech/dev-clean/6241/66616/6241-66616-0022.wav,5.82,data/raw/speech/english/LibriSpeech/dev-clean/6241/66616/6241-66616-0022.flac
data/processed/speech/english/LibriSpeech/dev-clean/6241/66616/6241-66616-0023.wav,2.02,data/raw/speech/english/LibriSpeech/dev-clean/6241/66616/6241-66616-0023.flac
data/processed/speech/english/LibriSpeech/dev-clean/6241/66616/6241-66616-0024.wav,3.49,data/raw/speech/english/LibriSpeech/dev-clean/6241/66616/6241-66616-0024.flac
data/processed/speech/english/LibriSpeech/dev-clean/6241/66616/6241-66616-0025.wav,9.41,data/raw/speech/english/LibriSpeech/dev-clean/6241/66616/6241-66616-0025.flac
data/processed/speech/english/LibriSpeech/dev-clean/6295/244435/6295-244435-0000.wav,2.59,data/raw/speech/english/LibriSpeech/dev-clean/6295/244435/6295-244435-0000.flac
data/processed/speech/english/LibriSpeech/dev-clean/6295/244435/6295-244435-0001.wav,7.14,data/raw/speech/english/LibriSpeech/dev-clean/6295/244435/6295-244435-0001.flac
data/processed/speech/english/LibriSpeech/dev-clean/6295/244435/6295-244435-0002.wav,5.54,data/raw/speech/english/LibriSpeech/dev-clean/6295/244435/6295-244435-0002.flac
data/processed/speech/english/LibriSpeech/dev-clean/6295/244435/6295-244435-0003.wav,2.56,data/raw/speech/english/LibriSpeech/dev-clean/6295/244435/6295-244435-0003.flac
data/processed/speech/english/LibriSpeech/dev-clean/6295/244435/6295-244435-0004.wav,11.81,data/raw/speech/english/LibriSpeech/dev-clean/6295/244435/6295-244435-0004.flac
data/processed/speech/english/LibriSpeech/dev-clean/6295/244435/6295-244435-0005.wav,3.87,data/raw/speech/english/LibriSpeech/dev-clean/6295/244435/6295-244435-0005.flac
data/processed/speech/english/LibriSpeech/dev-clean/6295/244435/6295-244435-0006.wav,2.43,data/raw/speech/english/LibriSpeech/dev-clean/6295/244435/6295-244435-0006.flac
data/processed/speech/english/LibriSpeech/dev-clean/6295/244435/6295-244435-0007.wav,4.16,data/raw/speech/english/LibriSpeech/dev-clean/6295/244435/6295-244435-0007.flac
data/processed/speech/english/LibriSpeech/dev-clean/6295/244435/6295-244435-0008.wav,12.54,data/raw/speech/english/LibriSpeech/dev-clean/6295/244435/6295-244435-0008.flac
data/processed/speech/english/LibriSpeech/dev-clean/6295/244435/6295-244435-0009.wav,7.68,data/raw/speech/english/LibriSpeech/dev-clean/6295/244435/6295-244435-0009.flac
data/processed/speech/english/LibriSpeech/dev-clean/6295/244435/6295-244435-0010.wav,9.22,data/raw/speech/english/LibriSpeech/dev-clean/6295/244435/6295-244435-0010.flac
data/processed/speech/english/LibriSpeech/dev-clean/6295/244435/6295-244435-0011.wav,1.98,data/raw/speech/english/LibriSpeech/dev-clean/6295/244435/6295-244435-0011.flac
data/processed/speech/english/LibriSpeech/dev-clean/6295/244435/6295-244435-0012.wav,4.0,data/raw/speech/english/LibriSpeech/dev-clean/6295/244435/6295-244435-0012.flac
data/processed/speech/english/LibriSpeech/dev-clean/6295/244435/6295-244435-0013.wav,6.11,data/raw/speech/english/LibriSpeech/dev-clean/6295/244435/6295-244435-0013.flac
data/processed/speech/english/LibriSpeech/dev-clean/6295/244435/6295-244435-0014.wav,1.73,data/raw/speech/english/LibriSpeech/dev-clean/6295/244435/6295-244435-0014.flac
data/processed/speech/english/LibriSpeech/dev-clean/6295/244435/6295-244435-0015.wav,1.66,data/raw/speech/english/LibriSpeech/dev-clean/6295/244435/6295-244435-0015.flac
data/processed/speech/english/LibriSpeech/dev-clean/6295/244435/6295-244435-0016.wav,11.04,data/raw/speech/english/LibriSpeech/dev-clean/6295/244435/6295-244435-0016.flac
data/processed/speech/english/LibriSpeech/dev-clean/6295/244435/6295-244435-0017.wav,7.97,data/raw/speech/english/LibriSpeech/dev-clean/6295/244435/6295-244435-0017.flac
data/processed/speech/english/LibriSpeech/dev-clean/6295/244435/6295-244435-0018.wav,5.02,data/raw/speech/english/LibriSpeech/dev-clean/6295/244435/6295-244435-0018.flac
data/processed/speech/english/LibriSpeech/dev-clean/6295/244435/6295-244435-0019.wav,3.46,data/raw/speech/english/LibriSpeech/dev-clean/6295/244435/6295-244435-0019.flac
data/processed/speech/english/LibriSpeech/dev-clean/6295/244435/6295-244435-0020.wav,7.17,data/raw/speech/english/LibriSpeech/dev-clean/6295/244435/6295-244435-0020.flac
data/processed/speech/english/LibriSpeech/dev-clean/6295/244435/6295-244435-0021.wav,2.59,data/raw/speech/english/LibriSpeech/dev-clean/6295/244435/6295-244435-0021.flac
data/processed/speech/english/LibriSpeech/dev-clean/6295/244435/6295-244435-0022.wav,7.17,data/raw/speech/english/LibriSpeech/dev-clean/6295/244435/6295-244435-0022.flac
data/processed/speech/english/LibriSpeech/dev-clean/6295/244435/6295-244435-0023.wav,3.04,data/raw/speech/english/LibriSpeech/dev-clean/6295/244435/6295-244435-0023.flac
data/processed/speech/english/LibriSpeech/dev-clean/6295/244435/6295-244435-0024.wav,3.84,data/raw/speech/english/LibriSpeech/dev-clean/6295/244435/6295-244435-0024.flac
data/processed/speech/english/LibriSpeech/dev-clean/6295/244435/6295-244435-0025.wav,5.76,data/raw/speech/english/LibriSpeech/dev-clean/6295/244435/6295-244435-0025.flac
data/processed/speech/english/LibriSpeech/dev-clean/6295/244435/6295-244435-0026.wav,2.78,data/raw/speech/english/LibriSpeech/dev-clean/6295/244435/6295-244435-0026.flac
data/processed/speech/english/LibriSpeech/dev-clean/6295/244435/6295-244435-0027.wav,1.79,data/raw/speech/english/LibriSpeech/dev-clean/6295/244435/6295-244435-0027.flac
data/processed/speech/english/LibriSpeech/dev-clean/6295/244435/6295-244435-0028.wav,1.92,data/raw/speech/english/LibriSpeech/dev-clean/6295/244435/6295-244435-0028.flac
data/processed/speech/english/LibriSpeech/dev-clean/6295/244435/6295-244435-0029.wav,3.39,data/raw/speech/english/LibriSpeech/dev-clean/6295/244435/6295-244435-0029.flac
data/processed/speech/english/LibriSpeech/dev-clean/6295/244435/6295-244435-0030.wav,5.22,data/raw/speech/english/LibriSpeech/dev-clean/6295/244435/6295-244435-0030.flac
data/processed/speech/english/LibriSpeech/dev-clean/6295/244435/6295-244435-0031.wav,4.61,data/raw/speech/english/LibriSpeech/dev-clean/6295/244435/6295-244435-0031.flac
data/processed/speech/english/LibriSpeech/dev-clean/6295/244435/6295-244435-0032.wav,3.65,data/raw/speech/english/LibriSpeech/dev-clean/6295/244435/6295-244435-0032.flac
data/processed/speech/english/LibriSpeech/dev-clean/6295/244435/6295-244435-0033.wav,9.92,data/raw/speech/english/LibriSpeech/dev-clean/6295/244435/6295-244435-0033.flac
data/processed/speech/english/LibriSpeech/dev-clean/6295/244435/6295-244435-0034.wav,3.1,data/raw/speech/english/LibriSpeech/dev-clean/6295/244435/6295-244435-0034.flac
data/processed/speech/english/LibriSpeech/dev-clean/6295/244435/6295-244435-0035.wav,2.65,data/raw/speech/english/LibriSpeech/dev-clean/6295/244435/6295-244435-0035.flac
data/processed/speech/english/LibriSpeech/dev-clean/6295/244435/6295-244435-0036.wav,6.85,data/raw/speech/english/LibriSpeech/dev-clean/6295/244435/6295-244435-0036.flac
data/processed/speech/english/LibriSpeech/dev-clean/6295/244435/6295-244435-0037.wav,4.45,data/raw/speech/english/LibriSpeech/dev-clean/6295/244435/6295-244435-0037.flac
data/processed/speech/english/LibriSpeech/dev-clean/6295/244435/6295-244435-0038.wav,8.61,data/raw/speech/english/LibriSpeech/dev-clean/6295/244435/6295-244435-0038.flac
data/processed/speech/english/LibriSpeech/dev-clean/6295/244435/6295-244435-0039.wav,8.51,data/raw/speech/english/LibriSpeech/dev-clean/6295/244435/6295-244435-0039.flac
data/processed/speech/english/LibriSpeech/dev-clean/6295/244435/6295-244435-0040.wav,3.39,data/raw/speech/english/LibriSpeech/dev-clean/6295/244435/6295-244435-0040.flac
data/processed/speech/english/LibriSpeech/dev-clean/6295/64301/6295-64301-0000.wav,16.51,data/raw/speech/english/LibriSpeech/dev-clean/6295/64301/6295-64301-0000.flac
data/processed/speech/english/LibriSpeech/dev-clean/6295/64301/6295-64301-0001.wav,3.62,data/raw/speech/english/LibriSpeech/dev-clean/6295/64301/6295-64301-0001.flac
data/processed/speech/english/LibriSpeech/dev-clean/6295/64301/6295-64301-0002.wav,5.79,data/raw/speech/english/LibriSpeech/dev-clean/6295/64301/6295-64301-0002.flac
data/processed/speech/english/LibriSpeech/dev-clean/6295/64301/6295-64301-0003.wav,5.98,data/raw/speech/english/LibriSpeech/dev-clean/6295/64301/6295-64301-0003.flac
data/processed/speech/english/LibriSpeech/dev-clean/6295/64301/6295-64301-0004.wav,2.66,data/raw/speech/english/LibriSpeech/dev-clean/6295/64301/6295-64301-0004.flac
data/processed/speech/english/LibriSpeech/dev-clean/6295/64301/6295-64301-0005.wav,5.54,data/raw/speech/english/LibriSpeech/dev-clean/6295/64301/6295-64301-0005.flac
data/processed/speech/english/LibriSpeech/dev-clean/6295/64301/6295-64301-0006.wav,5.47,data/raw/speech/english/LibriSpeech/dev-clean/6295/64301/6295-64301-0006.flac
data/processed/speech/english/LibriSpeech/dev-clean/6295/64301/6295-64301-0007.wav,3.65,data/raw/speech/english/LibriSpeech/dev-clean/6295/64301/6295-64301-0007.flac
data/processed/speech/english/LibriSpeech/dev-clean/6295/64301/6295-64301-0008.wav,2.02,data/raw/speech/english/LibriSpeech/dev-clean/6295/64301/6295-64301-0008.flac
data/processed/speech/english/LibriSpeech/dev-clean/6295/64301/6295-64301-0009.wav,2.37,data/raw/speech/english/LibriSpeech/dev-clean/6295/64301/6295-64301-0009.flac
data/processed/speech/english/LibriSpeech/dev-clean/6295/64301/6295-64301-0010.wav,7.17,data/raw/speech/english/LibriSpeech/dev-clean/6295/64301/6295-64301-0010.flac
data/processed/speech/english/LibriSpeech/dev-clean/6295/64301/6295-64301-0011.wav,9.47,data/raw/speech/english/LibriSpeech/dev-clean/6295/64301/6295-64301-0011.flac
data/processed/speech/english/LibriSpeech/dev-clean/6295/64301/6295-64301-0012.wav,5.92,data/raw/speech/english/LibriSpeech/dev-clean/6295/64301/6295-64301-0012.flac
data/processed/speech/english/LibriSpeech/dev-clean/6295/64301/6295-64301-0013.wav,5.12,data/raw/speech/english/LibriSpeech/dev-clean/6295/64301/6295-64301-0013.flac
data/processed/speech/english/LibriSpeech/dev-clean/6295/64301/6295-64301-0014.wav,3.94,data/raw/speech/english/LibriSpeech/dev-clean/6295/64301/6295-64301-0014.flac
data/processed/speech/english/LibriSpeech/dev-clean/6295/64301/6295-64301-0015.wav,6.53,data/raw/speech/english/LibriSpeech/dev-clean/6295/64301/6295-64301-0015.flac
data/processed/speech/english/LibriSpeech/dev-clean/6295/64301/6295-64301-0016.wav,6.24,data/raw/speech/english/LibriSpeech/dev-clean/6295/64301/6295-64301-0016.flac
data/processed/speech/english/LibriSpeech/dev-clean/6295/64301/6295-64301-0017.wav,4.74,data/raw/speech/english/LibriSpeech/dev-clean/6295/64301/6295-64301-0017.flac
data/processed/speech/english/LibriSpeech/dev-clean/6295/64301/6295-64301-0018.wav,9.02,data/raw/speech/english/LibriSpeech/dev-clean/6295/64301/6295-64301-0018.flac
data/processed/speech/english/LibriSpeech/dev-clean/6295/64301/6295-64301-0019.wav,9.12,data/raw/speech/english/LibriSpeech/dev-clean/6295/64301/6295-64301-0019.flac
data/processed/speech/english/LibriSpeech/dev-clean/6295/64301/6295-64301-0020.wav,4.96,data/raw/speech/english/LibriSpeech/dev-clean/6295/64301/6295-64301-0020.flac
data/processed/speech/english/LibriSpeech/dev-clean/6295/64301/6295-64301-0021.wav,7.49,data/raw/speech/english/LibriSpeech/dev-clean/6295/64301/6295-64301-0021.flac
data/processed/speech/english/LibriSpeech/dev-clean/6295/64301/6295-64301-0022.wav,9.63,data/raw/speech/english/LibriSpeech/dev-clean/6295/64301/6295-64301-0022.flac
data/processed/speech/english/LibriSpeech/dev-clean/6295/64301/6295-64301-0023.wav,20.03,data/raw/speech/english/LibriSpeech/dev-clean/6295/64301/6295-64301-0023.flac
data/processed/speech/english/LibriSpeech/dev-clean/6295/64301/6295-64301-0024.wav,6.02,data/raw/speech/english/LibriSpeech/dev-clean/6295/64301/6295-64301-0024.flac
data/processed/speech/english/LibriSpeech/dev-clean/6295/64301/6295-64301-0025.wav,4.99,data/raw/speech/english/LibriSpeech/dev-clean/6295/64301/6295-64301-0025.flac
data/processed/speech/english/LibriSpeech/dev-clean/6295/64301/6295-64301-0026.wav,9.92,data/raw/speech/english/LibriSpeech/dev-clean/6295/64301/6295-64301-0026.flac
data/processed/speech/english/LibriSpeech/dev-clean/6295/64301/6295-64301-0027.wav,5.82,data/raw/speech/english/LibriSpeech/dev-clean/6295/64301/6295-64301-0027.flac
data/processed/speech/english/LibriSpeech/dev-clean/6295/64301/6295-64301-0028.wav,9.95,data/raw/speech/english/LibriSpeech/dev-clean/6295/64301/6295-64301-0028.flac
data/processed/speech/english/LibriSpeech/dev-clean/6295/64301/6295-64301-0029.wav,10.59,data/raw/speech/english/LibriSpeech/dev-clean/6295/64301/6295-64301-0029.flac
data/processed/speech/english/LibriSpeech/dev-clean/6295/64301/6295-64301-0030.wav,4.58,data/raw/speech/english/LibriSpeech/dev-clean/6295/64301/6295-64301-0030.flac
data/processed/speech/english/LibriSpeech/dev-clean/6295/64301/6295-64301-0031.wav,5.79,data/raw/speech/english/LibriSpeech/dev-clean/6295/64301/6295-64301-0031.flac
data/processed/speech/english/LibriSpeech/dev-clean/6295/64301/6295-64301-0032.wav,2.08,data/raw/speech/english/LibriSpeech/dev-clean/6295/64301/6295-64301-0032.flac
data/processed/speech/english/LibriSpeech/dev-clean/6313/66125/6313-66125-0000.wav,1.92,data/raw/speech/english/LibriSpeech/dev-clean/6313/66125/6313-66125-0000.flac
data/processed/speech/english/LibriSpeech/dev-clean/6313/66125/6313-66125-0001.wav,3.87,data/raw/speech/english/LibriSpeech/dev-clean/6313/66125/6313-66125-0001.flac
data/processed/speech/english/LibriSpeech/dev-clean/6313/66125/6313-66125-0002.wav,2.14,data/raw/speech/english/LibriSpeech/dev-clean/6313/66125/6313-66125-0002.flac
data/processed/speech/english/LibriSpeech/dev-clean/6313/66125/6313-66125-0003.wav,3.94,data/raw/speech/english/LibriSpeech/dev-clean/6313/66125/6313-66125-0003.flac
data/processed/speech/english/LibriSpeech/dev-clean/6313/66125/6313-66125-0004.wav,2.75,data/raw/speech/english/LibriSpeech/dev-clean/6313/66125/6313-66125-0004.flac
data/processed/speech/english/LibriSpeech/dev-clean/6313/66125/6313-66125-0005.wav,4.1,data/raw/speech/english/LibriSpeech/dev-clean/6313/66125/6313-66125-0005.flac
data/processed/speech/english/LibriSpeech/dev-clean/6313/66125/6313-66125-0006.wav,2.37,data/raw/speech/english/LibriSpeech/dev-clean/6313/66125/6313-66125-0006.flac
data/processed/speech/english/LibriSpeech/dev-clean/6313/66125/6313-66125-0007.wav,4.32,data/raw/speech/english/LibriSpeech/dev-clean/6313/66125/6313-66125-0007.flac
data/processed/speech/english/LibriSpeech/dev-clean/6313/66125/6313-66125-0008.wav,3.94,data/raw/speech/english/LibriSpeech/dev-clean/6313/66125/6313-66125-0008.flac
data/processed/speech/english/LibriSpeech/dev-clean/6313/66125/6313-66125-0009.wav,2.24,data/raw/speech/english/LibriSpeech/dev-clean/6313/66125/6313-66125-0009.flac
data/processed/speech/english/LibriSpeech/dev-clean/6313/66125/6313-66125-0010.wav,3.3,data/raw/speech/english/LibriSpeech/dev-clean/6313/66125/6313-66125-0010.flac
data/processed/speech/english/LibriSpeech/dev-clean/6313/66125/6313-66125-0011.wav,4.64,data/raw/speech/english/LibriSpeech/dev-clean/6313/66125/6313-66125-0011.flac
data/processed/speech/english/LibriSpeech/dev-clean/6313/66125/6313-66125-0012.wav,1.7,data/raw/speech/english/LibriSpeech/dev-clean/6313/66125/6313-66125-0012.flac
data/processed/speech/english/LibriSpeech/dev-clean/6313/66125/6313-66125-0013.wav,1.44,data/raw/speech/english/LibriSpeech/dev-clean/6313/66125/6313-66125-0013.flac
data/processed/speech/english/LibriSpeech/dev-clean/6313/66125/6313-66125-0014.wav,3.36,data/raw/speech/english/LibriSpeech/dev-clean/6313/66125/6313-66125-0014.flac
data/processed/speech/english/LibriSpeech/dev-clean/6313/66125/6313-66125-0015.wav,7.65,data/raw/speech/english/LibriSpeech/dev-clean/6313/66125/6313-66125-0015.flac
data/processed/speech/english/LibriSpeech/dev-clean/6313/66125/6313-66125-0016.wav,6.82,data/raw/speech/english/LibriSpeech/dev-clean/6313/66125/6313-66125-0016.flac
data/processed/speech/english/LibriSpeech/dev-clean/6313/66125/6313-66125-0017.wav,4.35,data/raw/speech/english/LibriSpeech/dev-clean/6313/66125/6313-66125-0017.flac
data/processed/speech/english/LibriSpeech/dev-clean/6313/66125/6313-66125-0018.wav,2.18,data/raw/speech/english/LibriSpeech/dev-clean/6313/66125/6313-66125-0018.flac
data/processed/speech/english/LibriSpeech/dev-clean/6313/66125/6313-66125-0019.wav,4.16,data/raw/speech/english/LibriSpeech/dev-clean/6313/66125/6313-66125-0019.flac
data/processed/speech/english/LibriSpeech/dev-clean/6313/66125/6313-66125-0020.wav,2.46,data/raw/speech/english/LibriSpeech/dev-clean/6313/66125/6313-66125-0020.flac
data/processed/speech/english/LibriSpeech/dev-clean/6313/66125/6313-66125-0021.wav,4.26,data/raw/speech/english/LibriSpeech/dev-clean/6313/66125/6313-66125-0021.flac
data/processed/speech/english/LibriSpeech/dev-clean/6313/66125/6313-66125-0022.wav,7.1,data/raw/speech/english/LibriSpeech/dev-clean/6313/66125/6313-66125-0022.flac
data/processed/speech/english/LibriSpeech/dev-clean/6313/66125/6313-66125-0023.wav,8.83,data/raw/speech/english/LibriSpeech/dev-clean/6313/66125/6313-66125-0023.flac
data/processed/speech/english/LibriSpeech/dev-clean/6313/66125/6313-66125-0024.wav,4.03,data/raw/speech/english/LibriSpeech/dev-clean/6313/66125/6313-66125-0024.flac
data/processed/speech/english/LibriSpeech/dev-clean/6313/66125/6313-66125-0025.wav,4.74,data/raw/speech/english/LibriSpeech/dev-clean/6313/66125/6313-66125-0025.flac
data/processed/speech/english/LibriSpeech/dev-clean/6313/66125/6313-66125-0026.wav,1.7,data/raw/speech/english/LibriSpeech/dev-clean/6313/66125/6313-66125-0026.flac
data/processed/speech/english/LibriSpeech/dev-clean/6313/66125/6313-66125-0027.wav,13.92,data/raw/speech/english/LibriSpeech/dev-clean/6313/66125/6313-66125-0027.flac
data/processed/speech/english/LibriSpeech/dev-clean/6313/66129/6313-66129-0000.wav,2.53,data/raw/speech/english/LibriSpeech/dev-clean/6313/66129/6313-66129-0000.flac
data/processed/speech/english/LibriSpeech/dev-clean/6313/66129/6313-66129-0001.wav,11.07,data/raw/speech/english/LibriSpeech/dev-clean/6313/66129/6313-66129-0001.flac
data/processed/speech/english/LibriSpeech/dev-clean/6313/66129/6313-66129-0002.wav,3.1,data/raw/speech/english/LibriSpeech/dev-clean/6313/66129/6313-66129-0002.flac
data/processed/speech/english/LibriSpeech/dev-clean/6313/66129/6313-66129-0003.wav,4.64,data/raw/speech/english/LibriSpeech/dev-clean/6313/66129/6313-66129-0003.flac
data/processed/speech/english/LibriSpeech/dev-clean/6313/66129/6313-66129-0004.wav,3.26,data/raw/speech/english/LibriSpeech/dev-clean/6313/66129/6313-66129-0004.flac
data/processed/speech/english/LibriSpeech/dev-clean/6313/66129/6313-66129-0005.wav,3.9,data/raw/speech/english/LibriSpeech/dev-clean/6313/66129/6313-66129-0005.flac
data/processed/speech/english/LibriSpeech/dev-clean/6313/66129/6313-66129-0006.wav,2.5,data/raw/speech/english/LibriSpeech/dev-clean/6313/66129/6313-66129-0006.flac
data/processed/speech/english/LibriSpeech/dev-clean/6313/66129/6313-66129-0007.wav,2.08,data/raw/speech/english/LibriSpeech/dev-clean/6313/66129/6313-66129-0007.flac
data/processed/speech/english/LibriSpeech/dev-clean/6313/66129/6313-66129-0008.wav,4.54,data/raw/speech/english/LibriSpeech/dev-clean/6313/66129/6313-66129-0008.flac
data/processed/speech/english/LibriSpeech/dev-clean/6313/66129/6313-66129-0009.wav,4.45,data/raw/speech/english/LibriSpeech/dev-clean/6313/66129/6313-66129-0009.flac
data/processed/speech/english/LibriSpeech/dev-clean/6313/66129/6313-66129-0010.wav,3.71,data/raw/speech/english/LibriSpeech/dev-clean/6313/66129/6313-66129-0010.flac
data/processed/speech/english/LibriSpeech/dev-clean/6313/66129/6313-66129-0011.wav,1.6,data/raw/speech/english/LibriSpeech/dev-clean/6313/66129/6313-66129-0011.flac
data/processed/speech/english/LibriSpeech/dev-clean/6313/66129/6313-66129-0012.wav,2.69,data/raw/speech/english/LibriSpeech/dev-clean/6313/66129/6313-66129-0012.flac
data/processed/speech/english/LibriSpeech/dev-clean/6313/66129/6313-66129-0013.wav,3.17,data/raw/speech/english/LibriSpeech/dev-clean/6313/66129/6313-66129-0013.flac
data/processed/speech/english/LibriSpeech/dev-clean/6313/66129/6313-66129-0014.wav,10.53,data/raw/speech/english/LibriSpeech/dev-clean/6313/66129/6313-66129-0014.flac
data/processed/speech/english/LibriSpeech/dev-clean/6313/66129/6313-66129-0015.wav,6.85,data/raw/speech/english/LibriSpeech/dev-clean/6313/66129/6313-66129-0015.flac
data/processed/speech/english/LibriSpeech/dev-clean/6313/66129/6313-66129-0016.wav,6.72,data/raw/speech/english/LibriSpeech/dev-clean/6313/66129/6313-66129-0016.flac
data/processed/speech/english/LibriSpeech/dev-clean/6313/66129/6313-66129-0017.wav,8.03,data/raw/speech/english/LibriSpeech/dev-clean/6313/66129/6313-66129-0017.flac
data/processed/speech/english/LibriSpeech/dev-clean/6313/66129/6313-66129-0018.wav,5.12,data/raw/speech/english/LibriSpeech/dev-clean/6313/66129/6313-66129-0018.flac
data/processed/speech/english/LibriSpeech/dev-clean/6313/66129/6313-66129-0019.wav,2.21,data/raw/speech/english/LibriSpeech/dev-clean/6313/66129/6313-66129-0019.flac
data/processed/speech/english/LibriSpeech/dev-clean/6313/66129/6313-66129-0020.wav,6.59,data/raw/speech/english/LibriSpeech/dev-clean/6313/66129/6313-66129-0020.flac
data/processed/speech/english/LibriSpeech/dev-clean/6313/66129/6313-66129-0021.wav,12.32,data/raw/speech/english/LibriSpeech/dev-clean/6313/66129/6313-66129-0021.flac
data/processed/speech/english/LibriSpeech/dev-clean/6313/66129/6313-66129-0022.wav,3.78,data/raw/speech/english/LibriSpeech/dev-clean/6313/66129/6313-66129-0022.flac
data/processed/speech/english/LibriSpeech/dev-clean/6313/66129/6313-66129-0023.wav,4.67,data/raw/speech/english/LibriSpeech/dev-clean/6313/66129/6313-66129-0023.flac
data/processed/speech/english/LibriSpeech/dev-clean/6313/66129/6313-66129-0024.wav,7.17,data/raw/speech/english/LibriSpeech/dev-clean/6313/66129/6313-66129-0024.flac
data/processed/speech/english/LibriSpeech/dev-clean/6313/66129/6313-66129-0025.wav,4.06,data/raw/speech/english/LibriSpeech/dev-clean/6313/66129/6313-66129-0025.flac
data/processed/speech/english/LibriSpeech/dev-clean/6313/66129/6313-66129-0026.wav,11.14,data/raw/speech/english/LibriSpeech/dev-clean/6313/66129/6313-66129-0026.flac
data/processed/speech/english/LibriSpeech/dev-clean/6313/66129/6313-66129-0027.wav,4.51,data/raw/speech/english/LibriSpeech/dev-clean/6313/66129/6313-66129-0027.flac
data/processed/speech/english/LibriSpeech/dev-clean/6313/66129/6313-66129-0028.wav,1.73,data/raw/speech/english/LibriSpeech/dev-clean/6313/66129/6313-66129-0028.flac
data/processed/speech/english/LibriSpeech/dev-clean/6313/66129/6313-66129-0029.wav,6.4,data/raw/speech/english/LibriSpeech/dev-clean/6313/66129/6313-66129-0029.flac
data/processed/speech/english/LibriSpeech/dev-clean/6313/66129/6313-66129-0030.wav,2.66,data/raw/speech/english/LibriSpeech/dev-clean/6313/66129/6313-66129-0030.flac
data/processed/speech/english/LibriSpeech/dev-clean/6313/66129/6313-66129-0031.wav,4.8,data/raw/speech/english/LibriSpeech/dev-clean/6313/66129/6313-66129-0031.flac
data/processed/speech/english/LibriSpeech/dev-clean/6313/66129/6313-66129-0032.wav,1.44,data/raw/speech/english/LibriSpeech/dev-clean/6313/66129/6313-66129-0032.flac
data/processed/speech/english/LibriSpeech/dev-clean/6313/66129/6313-66129-0033.wav,8.59,data/raw/speech/english/LibriSpeech/dev-clean/6313/66129/6313-66129-0033.flac
data/processed/speech/english/LibriSpeech/dev-clean/6313/66129/6313-66129-0034.wav,7.49,data/raw/speech/english/LibriSpeech/dev-clean/6313/66129/6313-66129-0034.flac
data/processed/speech/english/LibriSpeech/dev-clean/6313/66129/6313-66129-0035.wav,3.62,data/raw/speech/english/LibriSpeech/dev-clean/6313/66129/6313-66129-0035.flac
data/processed/speech/english/LibriSpeech/dev-clean/6313/76958/6313-76958-0000.wav,2.43,data/raw/speech/english/LibriSpeech/dev-clean/6313/76958/6313-76958-0000.flac
data/processed/speech/english/LibriSpeech/dev-clean/6313/76958/6313-76958-0001.wav,2.4,data/raw/speech/english/LibriSpeech/dev-clean/6313/76958/6313-76958-0001.flac
data/processed/speech/english/LibriSpeech/dev-clean/6313/76958/6313-76958-0002.wav,2.34,data/raw/speech/english/LibriSpeech/dev-clean/6313/76958/6313-76958-0002.flac
data/processed/speech/english/LibriSpeech/dev-clean/6313/76958/6313-76958-0003.wav,2.34,data/raw/speech/english/LibriSpeech/dev-clean/6313/76958/6313-76958-0003.flac
data/processed/speech/english/LibriSpeech/dev-clean/6313/76958/6313-76958-0004.wav,4.7,data/raw/speech/english/LibriSpeech/dev-clean/6313/76958/6313-76958-0004.flac
data/processed/speech/english/LibriSpeech/dev-clean/6313/76958/6313-76958-0005.wav,4.96,data/raw/speech/english/LibriSpeech/dev-clean/6313/76958/6313-76958-0005.flac
data/processed/speech/english/LibriSpeech/dev-clean/6313/76958/6313-76958-0006.wav,2.02,data/raw/speech/english/LibriSpeech/dev-clean/6313/76958/6313-76958-0006.flac
data/processed/speech/english/LibriSpeech/dev-clean/6313/76958/6313-76958-0007.wav,3.26,data/raw/speech/english/LibriSpeech/dev-clean/6313/76958/6313-76958-0007.flac
data/processed/speech/english/LibriSpeech/dev-clean/6313/76958/6313-76958-0008.wav,1.92,data/raw/speech/english/LibriSpeech/dev-clean/6313/76958/6313-76958-0008.flac
data/processed/speech/english/LibriSpeech/dev-clean/6313/76958/6313-76958-0009.wav,5.76,data/raw/speech/english/LibriSpeech/dev-clean/6313/76958/6313-76958-0009.flac
data/processed/speech/english/LibriSpeech/dev-clean/6313/76958/6313-76958-0010.wav,5.95,data/raw/speech/english/LibriSpeech/dev-clean/6313/76958/6313-76958-0010.flac
data/processed/speech/english/LibriSpeech/dev-clean/6313/76958/6313-76958-0011.wav,3.46,data/raw/speech/english/LibriSpeech/dev-clean/6313/76958/6313-76958-0011.flac
data/processed/speech/english/LibriSpeech/dev-clean/6313/76958/6313-76958-0012.wav,5.89,data/raw/speech/english/LibriSpeech/dev-clean/6313/76958/6313-76958-0012.flac
data/processed/speech/english/LibriSpeech/dev-clean/6313/76958/6313-76958-0013.wav,11.17,data/raw/speech/english/LibriSpeech/dev-clean/6313/76958/6313-76958-0013.flac
data/processed/speech/english/LibriSpeech/dev-clean/6313/76958/6313-76958-0014.wav,7.07,data/raw/speech/english/LibriSpeech/dev-clean/6313/76958/6313-76958-0014.flac
data/processed/speech/english/LibriSpeech/dev-clean/6313/76958/6313-76958-0015.wav,2.59,data/raw/speech/english/LibriSpeech/dev-clean/6313/76958/6313-76958-0015.flac
data/processed/speech/english/LibriSpeech/dev-clean/6313/76958/6313-76958-0016.wav,3.62,data/raw/speech/english/LibriSpeech/dev-clean/6313/76958/6313-76958-0016.flac
data/processed/speech/english/LibriSpeech/dev-clean/6313/76958/6313-76958-0017.wav,4.32,data/raw/speech/english/LibriSpeech/dev-clean/6313/76958/6313-76958-0017.flac
data/processed/speech/english/LibriSpeech/dev-clean/6313/76958/6313-76958-0018.wav,5.5,data/raw/speech/english/LibriSpeech/dev-clean/6313/76958/6313-76958-0018.flac
data/processed/speech/english/LibriSpeech/dev-clean/6313/76958/6313-76958-0019.wav,2.88,data/raw/speech/english/LibriSpeech/dev-clean/6313/76958/6313-76958-0019.flac
data/processed/speech/english/LibriSpeech/dev-clean/6313/76958/6313-76958-0020.wav,1.63,data/raw/speech/english/LibriSpeech/dev-clean/6313/76958/6313-76958-0020.flac
data/processed/speech/english/LibriSpeech/dev-clean/6313/76958/6313-76958-0021.wav,11.3,data/raw/speech/english/LibriSpeech/dev-clean/6313/76958/6313-76958-0021.flac
data/processed/speech/english/LibriSpeech/dev-clean/6313/76958/6313-76958-0022.wav,5.57,data/raw/speech/english/LibriSpeech/dev-clean/6313/76958/6313-76958-0022.flac
data/processed/speech/english/LibriSpeech/dev-clean/6313/76958/6313-76958-0023.wav,2.59,data/raw/speech/english/LibriSpeech/dev-clean/6313/76958/6313-76958-0023.flac
data/processed/speech/english/LibriSpeech/dev-clean/6313/76958/6313-76958-0024.wav,3.62,data/raw/speech/english/LibriSpeech/dev-clean/6313/76958/6313-76958-0024.flac
data/processed/speech/english/LibriSpeech/dev-clean/6313/76958/6313-76958-0025.wav,3.1,data/raw/speech/english/LibriSpeech/dev-clean/6313/76958/6313-76958-0025.flac
data/processed/speech/english/LibriSpeech/dev-clean/6313/76958/6313-76958-0026.wav,3.84,data/raw/speech/english/LibriSpeech/dev-clean/6313/76958/6313-76958-0026.flac
data/processed/speech/english/LibriSpeech/dev-clean/6313/76958/6313-76958-0027.wav,2.94,data/raw/speech/english/LibriSpeech/dev-clean/6313/76958/6313-76958-0027.flac
data/processed/speech/english/LibriSpeech/dev-clean/6313/76958/6313-76958-0028.wav,3.26,data/raw/speech/english/LibriSpeech/dev-clean/6313/76958/6313-76958-0028.flac
data/processed/speech/english/LibriSpeech/dev-clean/6313/76958/6313-76958-0029.wav,5.92,data/raw/speech/english/LibriSpeech/dev-clean/6313/76958/6313-76958-0029.flac
data/processed/speech/english/LibriSpeech/dev-clean/6313/76958/6313-76958-0030.wav,1.57,data/raw/speech/english/LibriSpeech/dev-clean/6313/76958/6313-76958-0030.flac
data/processed/speech/english/LibriSpeech/dev-clean/6313/76958/6313-76958-0031.wav,1.7,data/raw/speech/english/LibriSpeech/dev-clean/6313/76958/6313-76958-0031.flac
data/processed/speech/english/LibriSpeech/dev-clean/6319/275224/6319-275224-0000.wav,4.06,data/raw/speech/english/LibriSpeech/dev-clean/6319/275224/6319-275224-0000.flac
data/processed/speech/english/LibriSpeech/dev-clean/6319/275224/6319-275224-0001.wav,11.42,data/raw/speech/english/LibriSpeech/dev-clean/6319/275224/6319-275224-0001.flac
data/processed/speech/english/LibriSpeech/dev-clean/6319/275224/6319-275224-0002.wav,6.98,data/raw/speech/english/LibriSpeech/dev-clean/6319/275224/6319-275224-0002.flac
data/processed/speech/english/LibriSpeech/dev-clean/6319/275224/6319-275224-0003.wav,10.72,data/raw/speech/english/LibriSpeech/dev-clean/6319/275224/6319-275224-0003.flac
data/processed/speech/english/LibriSpeech/dev-clean/6319/275224/6319-275224-0004.wav,5.41,data/raw/speech/english/LibriSpeech/dev-clean/6319/275224/6319-275224-0004.flac
data/processed/speech/english/LibriSpeech/dev-clean/6319/275224/6319-275224-0005.wav,11.84,data/raw/speech/english/LibriSpeech/dev-clean/6319/275224/6319-275224-0005.flac
data/processed/speech/english/LibriSpeech/dev-clean/6319/275224/6319-275224-0006.wav,16.13,data/raw/speech/english/LibriSpeech/dev-clean/6319/275224/6319-275224-0006.flac
data/processed/speech/english/LibriSpeech/dev-clean/6319/275224/6319-275224-0007.wav,1.82,data/raw/speech/english/LibriSpeech/dev-clean/6319/275224/6319-275224-0007.flac
data/processed/speech/english/LibriSpeech/dev-clean/6319/275224/6319-275224-0008.wav,17.5,data/raw/speech/english/LibriSpeech/dev-clean/6319/275224/6319-275224-0008.flac
data/processed/speech/english/LibriSpeech/dev-clean/6319/275224/6319-275224-0009.wav,3.68,data/raw/speech/english/LibriSpeech/dev-clean/6319/275224/6319-275224-0009.flac
data/processed/speech/english/LibriSpeech/dev-clean/6319/275224/6319-275224-0010.wav,6.4,data/raw/speech/english/LibriSpeech/dev-clean/6319/275224/6319-275224-0010.flac
data/processed/speech/english/LibriSpeech/dev-clean/6319/275224/6319-275224-0011.wav,17.41,data/raw/speech/english/LibriSpeech/dev-clean/6319/275224/6319-275224-0011.flac
data/processed/speech/english/LibriSpeech/dev-clean/6319/275224/6319-275224-0012.wav,3.14,data/raw/speech/english/LibriSpeech/dev-clean/6319/275224/6319-275224-0012.flac
data/processed/speech/english/LibriSpeech/dev-clean/6319/275224/6319-275224-0013.wav,4.0,data/raw/speech/english/LibriSpeech/dev-clean/6319/275224/6319-275224-0013.flac
data/processed/speech/english/LibriSpeech/dev-clean/6319/275224/6319-275224-0014.wav,9.63,data/raw/speech/english/LibriSpeech/dev-clean/6319/275224/6319-275224-0014.flac
data/processed/speech/english/LibriSpeech/dev-clean/6319/275224/6319-275224-0015.wav,6.4,data/raw/speech/english/LibriSpeech/dev-clean/6319/275224/6319-275224-0015.flac
data/processed/speech/english/LibriSpeech/dev-clean/6319/275224/6319-275224-0016.wav,4.13,data/raw/speech/english/LibriSpeech/dev-clean/6319/275224/6319-275224-0016.flac
data/processed/speech/english/LibriSpeech/dev-clean/6319/275224/6319-275224-0017.wav,7.42,data/raw/speech/english/LibriSpeech/dev-clean/6319/275224/6319-275224-0017.flac
data/processed/speech/english/LibriSpeech/dev-clean/6319/275224/6319-275224-0018.wav,5.95,data/raw/speech/english/LibriSpeech/dev-clean/6319/275224/6319-275224-0018.flac
data/processed/speech/english/LibriSpeech/dev-clean/6319/275224/6319-275224-0019.wav,4.77,data/raw/speech/english/LibriSpeech/dev-clean/6319/275224/6319-275224-0019.flac
data/processed/speech/english/LibriSpeech/dev-clean/6319/275224/6319-275224-0020.wav,10.91,data/raw/speech/english/LibriSpeech/dev-clean/6319/275224/6319-275224-0020.flac
data/processed/speech/english/LibriSpeech/dev-clean/6319/57405/6319-57405-0000.wav,6.27,data/raw/speech/english/LibriSpeech/dev-clean/6319/57405/6319-57405-0000.flac
data/processed/speech/english/LibriSpeech/dev-clean/6319/57405/6319-57405-0001.wav,9.22,data/raw/speech/english/LibriSpeech/dev-clean/6319/57405/6319-57405-0001.flac
data/processed/speech/english/LibriSpeech/dev-clean/6319/57405/6319-57405-0002.wav,5.47,data/raw/speech/english/LibriSpeech/dev-clean/6319/57405/6319-57405-0002.flac
data/processed/speech/english/LibriSpeech/dev-clean/6319/57405/6319-57405-0003.wav,7.3,data/raw/speech/english/LibriSpeech/dev-clean/6319/57405/6319-57405-0003.flac
data/processed/speech/english/LibriSpeech/dev-clean/6319/57405/6319-57405-0004.wav,4.7,data/raw/speech/english/LibriSpeech/dev-clean/6319/57405/6319-57405-0004.flac
data/processed/speech/english/LibriSpeech/dev-clean/6319/57405/6319-57405-0005.wav,7.55,data/raw/speech/english/LibriSpeech/dev-clean/6319/57405/6319-57405-0005.flac
data/processed/speech/english/LibriSpeech/dev-clean/6319/57405/6319-57405-0006.wav,7.74,data/raw/speech/english/LibriSpeech/dev-clean/6319/57405/6319-57405-0006.flac
data/processed/speech/english/LibriSpeech/dev-clean/6319/57405/6319-57405-0007.wav,2.3,data/raw/speech/english/LibriSpeech/dev-clean/6319/57405/6319-57405-0007.flac
data/processed/speech/english/LibriSpeech/dev-clean/6319/57405/6319-57405-0008.wav,11.33,data/raw/speech/english/LibriSpeech/dev-clean/6319/57405/6319-57405-0008.flac
data/processed/speech/english/LibriSpeech/dev-clean/6319/57405/6319-57405-0009.wav,14.3,data/raw/speech/english/LibriSpeech/dev-clean/6319/57405/6319-57405-0009.flac
data/processed/speech/english/LibriSpeech/dev-clean/6319/57405/6319-57405-0010.wav,2.3,data/raw/speech/english/LibriSpeech/dev-clean/6319/57405/6319-57405-0010.flac
data/processed/speech/english/LibriSpeech/dev-clean/6319/57405/6319-57405-0011.wav,2.62,data/raw/speech/english/LibriSpeech/dev-clean/6319/57405/6319-57405-0011.flac
data/processed/speech/english/LibriSpeech/dev-clean/6319/57405/6319-57405-0012.wav,7.36,data/raw/speech/english/LibriSpeech/dev-clean/6319/57405/6319-57405-0012.flac
data/processed/speech/english/LibriSpeech/dev-clean/6319/64726/6319-64726-0000.wav,9.15,data/raw/speech/english/LibriSpeech/dev-clean/6319/64726/6319-64726-0000.flac
data/processed/speech/english/LibriSpeech/dev-clean/6319/64726/6319-64726-0001.wav,14.85,data/raw/speech/english/LibriSpeech/dev-clean/6319/64726/6319-64726-0001.flac
data/processed/speech/english/LibriSpeech/dev-clean/6319/64726/6319-64726-0002.wav,11.07,data/raw/speech/english/LibriSpeech/dev-clean/6319/64726/6319-64726-0002.flac
data/processed/speech/english/LibriSpeech/dev-clean/6319/64726/6319-64726-0003.wav,3.71,data/raw/speech/english/LibriSpeech/dev-clean/6319/64726/6319-64726-0003.flac
data/processed/speech/english/LibriSpeech/dev-clean/6319/64726/6319-64726-0004.wav,17.89,data/raw/speech/english/LibriSpeech/dev-clean/6319/64726/6319-64726-0004.flac
data/processed/speech/english/LibriSpeech/dev-clean/6319/64726/6319-64726-0005.wav,8.58,data/raw/speech/english/LibriSpeech/dev-clean/6319/64726/6319-64726-0005.flac
data/processed/speech/english/LibriSpeech/dev-clean/6319/64726/6319-64726-0006.wav,2.78,data/raw/speech/english/LibriSpeech/dev-clean/6319/64726/6319-64726-0006.flac
data/processed/speech/english/LibriSpeech/dev-clean/6319/64726/6319-64726-0007.wav,15.62,data/raw/speech/english/LibriSpeech/dev-clean/6319/64726/6319-64726-0007.flac
data/processed/speech/english/LibriSpeech/dev-clean/6319/64726/6319-64726-0008.wav,3.33,data/raw/speech/english/LibriSpeech/dev-clean/6319/64726/6319-64726-0008.flac
data/processed/speech/english/LibriSpeech/dev-clean/6319/64726/6319-64726-0009.wav,9.12,data/raw/speech/english/LibriSpeech/dev-clean/6319/64726/6319-64726-0009.flac
data/processed/speech/english/LibriSpeech/dev-clean/6319/64726/6319-64726-0010.wav,3.97,data/raw/speech/english/LibriSpeech/dev-clean/6319/64726/6319-64726-0010.flac
data/processed/speech/english/LibriSpeech/dev-clean/6319/64726/6319-64726-0011.wav,5.44,data/raw/speech/english/LibriSpeech/dev-clean/6319/64726/6319-64726-0011.flac
data/processed/speech/english/LibriSpeech/dev-clean/6319/64726/6319-64726-0012.wav,8.03,data/raw/speech/english/LibriSpeech/dev-clean/6319/64726/6319-64726-0012.flac
data/processed/speech/english/LibriSpeech/dev-clean/6319/64726/6319-64726-0013.wav,6.66,data/raw/speech/english/LibriSpeech/dev-clean/6319/64726/6319-64726-0013.flac
data/processed/speech/english/LibriSpeech/dev-clean/6319/64726/6319-64726-0014.wav,1.6,data/raw/speech/english/LibriSpeech/dev-clean/6319/64726/6319-64726-0014.flac
data/processed/speech/english/LibriSpeech/dev-clean/6319/64726/6319-64726-0015.wav,4.51,data/raw/speech/english/LibriSpeech/dev-clean/6319/64726/6319-64726-0015.flac
data/processed/speech/english/LibriSpeech/dev-clean/6319/64726/6319-64726-0016.wav,7.84,data/raw/speech/english/LibriSpeech/dev-clean/6319/64726/6319-64726-0016.flac
data/processed/speech/english/LibriSpeech/dev-clean/6319/64726/6319-64726-0017.wav,5.82,data/raw/speech/english/LibriSpeech/dev-clean/6319/64726/6319-64726-0017.flac
data/processed/speech/english/LibriSpeech/dev-clean/6319/64726/6319-64726-0018.wav,12.96,data/raw/speech/english/LibriSpeech/dev-clean/6319/64726/6319-64726-0018.flac
data/processed/speech/english/LibriSpeech/dev-clean/6319/64726/6319-64726-0019.wav,11.68,data/raw/speech/english/LibriSpeech/dev-clean/6319/64726/6319-64726-0019.flac
data/processed/speech/english/LibriSpeech/dev-clean/6319/64726/6319-64726-0020.wav,2.94,data/raw/speech/english/LibriSpeech/dev-clean/6319/64726/6319-64726-0020.flac
data/processed/speech/english/LibriSpeech/dev-clean/6345/64257/6345-64257-0000.wav,10.08,data/raw/speech/english/LibriSpeech/dev-clean/6345/64257/6345-64257-0000.flac
data/processed/speech/english/LibriSpeech/dev-clean/6345/64257/6345-64257-0001.wav,21.02,data/raw/speech/english/LibriSpeech/dev-clean/6345/64257/6345-64257-0001.flac
data/processed/speech/english/LibriSpeech/dev-clean/6345/64257/6345-64257-0002.wav,9.41,data/raw/speech/english/LibriSpeech/dev-clean/6345/64257/6345-64257-0002.flac
data/processed/speech/english/LibriSpeech/dev-clean/6345/64257/6345-64257-0003.wav,8.03,data/raw/speech/english/LibriSpeech/dev-clean/6345/64257/6345-64257-0003.flac
data/processed/speech/english/LibriSpeech/dev-clean/6345/64257/6345-64257-0004.wav,5.18,data/raw/speech/english/LibriSpeech/dev-clean/6345/64257/6345-64257-0004.flac
data/processed/speech/english/LibriSpeech/dev-clean/6345/64257/6345-64257-0005.wav,6.72,data/raw/speech/english/LibriSpeech/dev-clean/6345/64257/6345-64257-0005.flac
data/processed/speech/english/LibriSpeech/dev-clean/6345/64257/6345-64257-0006.wav,8.32,data/raw/speech/english/LibriSpeech/dev-clean/6345/64257/6345-64257-0006.flac
data/processed/speech/english/LibriSpeech/dev-clean/6345/64257/6345-64257-0007.wav,5.18,data/raw/speech/english/LibriSpeech/dev-clean/6345/64257/6345-64257-0007.flac
data/processed/speech/english/LibriSpeech/dev-clean/6345/64257/6345-64257-0008.wav,2.53,data/raw/speech/english/LibriSpeech/dev-clean/6345/64257/6345-64257-0008.flac
data/processed/speech/english/LibriSpeech/dev-clean/6345/64257/6345-64257-0009.wav,11.81,data/raw/speech/english/LibriSpeech/dev-clean/6345/64257/6345-64257-0009.flac
data/processed/speech/english/LibriSpeech/dev-clean/6345/64257/6345-64257-0010.wav,3.49,data/raw/speech/english/LibriSpeech/dev-clean/6345/64257/6345-64257-0010.flac
data/processed/speech/english/LibriSpeech/dev-clean/6345/64257/6345-64257-0011.wav,8.29,data/raw/speech/english/LibriSpeech/dev-clean/6345/64257/6345-64257-0011.flac
data/processed/speech/english/LibriSpeech/dev-clean/6345/64257/6345-64257-0012.wav,2.08,data/raw/speech/english/LibriSpeech/dev-clean/6345/64257/6345-64257-0012.flac
data/processed/speech/english/LibriSpeech/dev-clean/6345/64257/6345-64257-0013.wav,5.76,data/raw/speech/english/LibriSpeech/dev-clean/6345/64257/6345-64257-0013.flac
data/processed/speech/english/LibriSpeech/dev-clean/6345/64257/6345-64257-0014.wav,2.53,data/raw/speech/english/LibriSpeech/dev-clean/6345/64257/6345-64257-0014.flac
data/processed/speech/english/LibriSpeech/dev-clean/6345/64257/6345-64257-0015.wav,1.86,data/raw/speech/english/LibriSpeech/dev-clean/6345/64257/6345-64257-0015.flac
data/processed/speech/english/LibriSpeech/dev-clean/6345/64257/6345-64257-0016.wav,4.99,data/raw/speech/english/LibriSpeech/dev-clean/6345/64257/6345-64257-0016.flac
data/processed/speech/english/LibriSpeech/dev-clean/6345/64257/6345-64257-0017.wav,2.34,data/raw/speech/english/LibriSpeech/dev-clean/6345/64257/6345-64257-0017.flac
data/processed/speech/english/LibriSpeech/dev-clean/6345/64257/6345-64257-0018.wav,4.45,data/raw/speech/english/LibriSpeech/dev-clean/6345/64257/6345-64257-0018.flac
data/processed/speech/english/LibriSpeech/dev-clean/6345/64257/6345-64257-0019.wav,7.01,data/raw/speech/english/LibriSpeech/dev-clean/6345/64257/6345-64257-0019.flac
data/processed/speech/english/LibriSpeech/dev-clean/6345/64257/6345-64257-0020.wav,2.24,data/raw/speech/english/LibriSpeech/dev-clean/6345/64257/6345-64257-0020.flac
data/processed/speech/english/LibriSpeech/dev-clean/6345/93302/6345-93302-0000.wav,9.06,data/raw/speech/english/LibriSpeech/dev-clean/6345/93302/6345-93302-0000.flac
data/processed/speech/english/LibriSpeech/dev-clean/6345/93302/6345-93302-0001.wav,7.78,data/raw/speech/english/LibriSpeech/dev-clean/6345/93302/6345-93302-0001.flac
data/processed/speech/english/LibriSpeech/dev-clean/6345/93302/6345-93302-0002.wav,6.75,data/raw/speech/english/LibriSpeech/dev-clean/6345/93302/6345-93302-0002.flac
data/processed/speech/english/LibriSpeech/dev-clean/6345/93302/6345-93302-0003.wav,4.54,data/raw/speech/english/LibriSpeech/dev-clean/6345/93302/6345-93302-0003.flac
data/processed/speech/english/LibriSpeech/dev-clean/6345/93302/6345-93302-0004.wav,3.94,data/raw/speech/english/LibriSpeech/dev-clean/6345/93302/6345-93302-0004.flac
data/processed/speech/english/LibriSpeech/dev-clean/6345/93302/6345-93302-0005.wav,9.73,data/raw/speech/english/LibriSpeech/dev-clean/6345/93302/6345-93302-0005.flac
data/processed/speech/english/LibriSpeech/dev-clean/6345/93302/6345-93302-0006.wav,2.4,data/raw/speech/english/LibriSpeech/dev-clean/6345/93302/6345-93302-0006.flac
data/processed/speech/english/LibriSpeech/dev-clean/6345/93302/6345-93302-0007.wav,3.81,data/raw/speech/english/LibriSpeech/dev-clean/6345/93302/6345-93302-0007.flac
data/processed/speech/english/LibriSpeech/dev-clean/6345/93302/6345-93302-0008.wav,3.3,data/raw/speech/english/LibriSpeech/dev-clean/6345/93302/6345-93302-0008.flac
data/processed/speech/english/LibriSpeech/dev-clean/6345/93302/6345-93302-0009.wav,5.57,data/raw/speech/english/LibriSpeech/dev-clean/6345/93302/6345-93302-0009.flac
data/processed/speech/english/LibriSpeech/dev-clean/6345/93302/6345-93302-0010.wav,3.9,data/raw/speech/english/LibriSpeech/dev-clean/6345/93302/6345-93302-0010.flac
data/processed/speech/english/LibriSpeech/dev-clean/6345/93302/6345-93302-0011.wav,1.86,data/raw/speech/english/LibriSpeech/dev-clean/6345/93302/6345-93302-0011.flac
data/processed/speech/english/LibriSpeech/dev-clean/6345/93302/6345-93302-0012.wav,5.31,data/raw/speech/english/LibriSpeech/dev-clean/6345/93302/6345-93302-0012.flac
data/processed/speech/english/LibriSpeech/dev-clean/6345/93302/6345-93302-0013.wav,1.98,data/raw/speech/english/LibriSpeech/dev-clean/6345/93302/6345-93302-0013.flac
data/processed/speech/english/LibriSpeech/dev-clean/6345/93302/6345-93302-0014.wav,5.73,data/raw/speech/english/LibriSpeech/dev-clean/6345/93302/6345-93302-0014.flac
data/processed/speech/english/LibriSpeech/dev-clean/6345/93302/6345-93302-0015.wav,5.41,data/raw/speech/english/LibriSpeech/dev-clean/6345/93302/6345-93302-0015.flac
data/processed/speech/english/LibriSpeech/dev-clean/6345/93302/6345-93302-0016.wav,6.11,data/raw/speech/english/LibriSpeech/dev-clean/6345/93302/6345-93302-0016.flac
data/processed/speech/english/LibriSpeech/dev-clean/6345/93302/6345-93302-0017.wav,5.86,data/raw/speech/english/LibriSpeech/dev-clean/6345/93302/6345-93302-0017.flac
data/processed/speech/english/LibriSpeech/dev-clean/6345/93302/6345-93302-0018.wav,5.57,data/raw/speech/english/LibriSpeech/dev-clean/6345/93302/6345-93302-0018.flac
data/processed/speech/english/LibriSpeech/dev-clean/6345/93302/6345-93302-0019.wav,3.17,data/raw/speech/english/LibriSpeech/dev-clean/6345/93302/6345-93302-0019.flac
data/processed/speech/english/LibriSpeech/dev-clean/6345/93302/6345-93302-0020.wav,2.69,data/raw/speech/english/LibriSpeech/dev-clean/6345/93302/6345-93302-0020.flac
data/processed/speech/english/LibriSpeech/dev-clean/6345/93302/6345-93302-0021.wav,1.54,data/raw/speech/english/LibriSpeech/dev-clean/6345/93302/6345-93302-0021.flac
data/processed/speech/english/LibriSpeech/dev-clean/6345/93302/6345-93302-0022.wav,2.08,data/raw/speech/english/LibriSpeech/dev-clean/6345/93302/6345-93302-0022.flac
data/processed/speech/english/LibriSpeech/dev-clean/6345/93302/6345-93302-0023.wav,5.18,data/raw/speech/english/LibriSpeech/dev-clean/6345/93302/6345-93302-0023.flac
data/processed/speech/english/LibriSpeech/dev-clean/6345/93302/6345-93302-0024.wav,1.86,data/raw/speech/english/LibriSpeech/dev-clean/6345/93302/6345-93302-0024.flac
data/processed/speech/english/LibriSpeech/dev-clean/6345/93302/6345-93302-0025.wav,2.11,data/raw/speech/english/LibriSpeech/dev-clean/6345/93302/6345-93302-0025.flac
data/processed/speech/english/LibriSpeech/dev-clean/6345/93302/6345-93302-0026.wav,4.51,data/raw/speech/english/LibriSpeech/dev-clean/6345/93302/6345-93302-0026.flac
data/processed/speech/english/LibriSpeech/dev-clean/6345/93302/6345-93302-0027.wav,5.86,data/raw/speech/english/LibriSpeech/dev-clean/6345/93302/6345-93302-0027.flac
data/processed/speech/english/LibriSpeech/dev-clean/6345/93302/6345-93302-0028.wav,1.28,data/raw/speech/english/LibriSpeech/dev-clean/6345/93302/6345-93302-0028.flac
data/processed/speech/english/LibriSpeech/dev-clean/6345/93302/6345-93302-0029.wav,12.42,data/raw/speech/english/LibriSpeech/dev-clean/6345/93302/6345-93302-0029.flac
data/processed/speech/english/LibriSpeech/dev-clean/6345/93306/6345-93306-0000.wav,20.03,data/raw/speech/english/LibriSpeech/dev-clean/6345/93306/6345-93306-0000.flac
data/processed/speech/english/LibriSpeech/dev-clean/6345/93306/6345-93306-0001.wav,13.25,data/raw/speech/english/LibriSpeech/dev-clean/6345/93306/6345-93306-0001.flac
data/processed/speech/english/LibriSpeech/dev-clean/6345/93306/6345-93306-0002.wav,4.64,data/raw/speech/english/LibriSpeech/dev-clean/6345/93306/6345-93306-0002.flac
data/processed/speech/english/LibriSpeech/dev-clean/6345/93306/6345-93306-0003.wav,1.89,data/raw/speech/english/LibriSpeech/dev-clean/6345/93306/6345-93306-0003.flac
data/processed/speech/english/LibriSpeech/dev-clean/6345/93306/6345-93306-0004.wav,2.4,data/raw/speech/english/LibriSpeech/dev-clean/6345/93306/6345-93306-0004.flac
data/processed/speech/english/LibriSpeech/dev-clean/6345/93306/6345-93306-0005.wav,4.26,data/raw/speech/english/LibriSpeech/dev-clean/6345/93306/6345-93306-0005.flac
data/processed/speech/english/LibriSpeech/dev-clean/6345/93306/6345-93306-0006.wav,4.0,data/raw/speech/english/LibriSpeech/dev-clean/6345/93306/6345-93306-0006.flac
data/processed/speech/english/LibriSpeech/dev-clean/6345/93306/6345-93306-0007.wav,4.48,data/raw/speech/english/LibriSpeech/dev-clean/6345/93306/6345-93306-0007.flac
data/processed/speech/english/LibriSpeech/dev-clean/6345/93306/6345-93306-0008.wav,2.37,data/raw/speech/english/LibriSpeech/dev-clean/6345/93306/6345-93306-0008.flac
data/processed/speech/english/LibriSpeech/dev-clean/6345/93306/6345-93306-0009.wav,1.98,data/raw/speech/english/LibriSpeech/dev-clean/6345/93306/6345-93306-0009.flac
data/processed/speech/english/LibriSpeech/dev-clean/6345/93306/6345-93306-0010.wav,4.77,data/raw/speech/english/LibriSpeech/dev-clean/6345/93306/6345-93306-0010.flac
data/processed/speech/english/LibriSpeech/dev-clean/6345/93306/6345-93306-0011.wav,3.68,data/raw/speech/english/LibriSpeech/dev-clean/6345/93306/6345-93306-0011.flac
data/processed/speech/english/LibriSpeech/dev-clean/6345/93306/6345-93306-0012.wav,2.02,data/raw/speech/english/LibriSpeech/dev-clean/6345/93306/6345-93306-0012.flac
data/processed/speech/english/LibriSpeech/dev-clean/6345/93306/6345-93306-0013.wav,10.18,data/raw/speech/english/LibriSpeech/dev-clean/6345/93306/6345-93306-0013.flac
data/processed/speech/english/LibriSpeech/dev-clean/6345/93306/6345-93306-0014.wav,1.6,data/raw/speech/english/LibriSpeech/dev-clean/6345/93306/6345-93306-0014.flac
data/processed/speech/english/LibriSpeech/dev-clean/6345/93306/6345-93306-0015.wav,7.49,data/raw/speech/english/LibriSpeech/dev-clean/6345/93306/6345-93306-0015.flac
data/processed/speech/english/LibriSpeech/dev-clean/6345/93306/6345-93306-0016.wav,3.36,data/raw/speech/english/LibriSpeech/dev-clean/6345/93306/6345-93306-0016.flac
data/processed/speech/english/LibriSpeech/dev-clean/6345/93306/6345-93306-0017.wav,7.01,data/raw/speech/english/LibriSpeech/dev-clean/6345/93306/6345-93306-0017.flac
data/processed/speech/english/LibriSpeech/dev-clean/6345/93306/6345-93306-0018.wav,3.71,data/raw/speech/english/LibriSpeech/dev-clean/6345/93306/6345-93306-0018.flac
data/processed/speech/english/LibriSpeech/dev-clean/6345/93306/6345-93306-0019.wav,7.26,data/raw/speech/english/LibriSpeech/dev-clean/6345/93306/6345-93306-0019.flac
data/processed/speech/english/LibriSpeech/dev-clean/6345/93306/6345-93306-0020.wav,5.82,data/raw/speech/english/LibriSpeech/dev-clean/6345/93306/6345-93306-0020.flac
data/processed/speech/english/LibriSpeech/dev-clean/6345/93306/6345-93306-0021.wav,3.2,data/raw/speech/english/LibriSpeech/dev-clean/6345/93306/6345-93306-0021.flac
data/processed/speech/english/LibriSpeech/dev-clean/6345/93306/6345-93306-0022.wav,9.38,data/raw/speech/english/LibriSpeech/dev-clean/6345/93306/6345-93306-0022.flac
data/processed/speech/english/LibriSpeech/dev-clean/6345/93306/6345-93306-0023.wav,10.82,data/raw/speech/english/LibriSpeech/dev-clean/6345/93306/6345-93306-0023.flac
data/processed/speech/english/LibriSpeech/dev-clean/6345/93306/6345-93306-0024.wav,8.42,data/raw/speech/english/LibriSpeech/dev-clean/6345/93306/6345-93306-0024.flac
data/processed/speech/english/LibriSpeech/dev-clean/6345/93306/6345-93306-0025.wav,10.53,data/raw/speech/english/LibriSpeech/dev-clean/6345/93306/6345-93306-0025.flac
data/processed/speech/english/LibriSpeech/dev-clean/652/129742/652-129742-0000.wav,5.5,data/raw/speech/english/LibriSpeech/dev-clean/652/129742/652-129742-0000.flac
data/processed/speech/english/LibriSpeech/dev-clean/652/129742/652-129742-0001.wav,7.81,data/raw/speech/english/LibriSpeech/dev-clean/652/129742/652-129742-0001.flac
data/processed/speech/english/LibriSpeech/dev-clean/652/129742/652-129742-0002.wav,2.82,data/raw/speech/english/LibriSpeech/dev-clean/652/129742/652-129742-0002.flac
data/processed/speech/english/LibriSpeech/dev-clean/652/129742/652-129742-0003.wav,8.51,data/raw/speech/english/LibriSpeech/dev-clean/652/129742/652-129742-0003.flac
data/processed/speech/english/LibriSpeech/dev-clean/652/129742/652-129742-0004.wav,6.85,data/raw/speech/english/LibriSpeech/dev-clean/652/129742/652-129742-0004.flac
data/processed/speech/english/LibriSpeech/dev-clean/652/129742/652-129742-0005.wav,5.41,data/raw/speech/english/LibriSpeech/dev-clean/652/129742/652-129742-0005.flac
data/processed/speech/english/LibriSpeech/dev-clean/652/129742/652-129742-0006.wav,8.6,data/raw/speech/english/LibriSpeech/dev-clean/652/129742/652-129742-0006.flac
data/processed/speech/english/LibriSpeech/dev-clean/652/129742/652-129742-0007.wav,4.54,data/raw/speech/english/LibriSpeech/dev-clean/652/129742/652-129742-0007.flac
data/processed/speech/english/LibriSpeech/dev-clean/652/129742/652-129742-0008.wav,2.85,data/raw/speech/english/LibriSpeech/dev-clean/652/129742/652-129742-0008.flac
data/processed/speech/english/LibriSpeech/dev-clean/652/129742/652-129742-0009.wav,13.28,data/raw/speech/english/LibriSpeech/dev-clean/652/129742/652-129742-0009.flac
data/processed/speech/english/LibriSpeech/dev-clean/652/129742/652-129742-0010.wav,2.98,data/raw/speech/english/LibriSpeech/dev-clean/652/129742/652-129742-0010.flac
data/processed/speech/english/LibriSpeech/dev-clean/652/129742/652-129742-0011.wav,2.69,data/raw/speech/english/LibriSpeech/dev-clean/652/129742/652-129742-0011.flac
data/processed/speech/english/LibriSpeech/dev-clean/652/129742/652-129742-0012.wav,8.48,data/raw/speech/english/LibriSpeech/dev-clean/652/129742/652-129742-0012.flac
data/processed/speech/english/LibriSpeech/dev-clean/652/129742/652-129742-0013.wav,4.93,data/raw/speech/english/LibriSpeech/dev-clean/652/129742/652-129742-0013.flac
data/processed/speech/english/LibriSpeech/dev-clean/652/129742/652-129742-0014.wav,3.01,data/raw/speech/english/LibriSpeech/dev-clean/652/129742/652-129742-0014.flac
data/processed/speech/english/LibriSpeech/dev-clean/652/129742/652-129742-0015.wav,11.23,data/raw/speech/english/LibriSpeech/dev-clean/652/129742/652-129742-0015.flac
data/processed/speech/english/LibriSpeech/dev-clean/652/129742/652-129742-0016.wav,15.2,data/raw/speech/english/LibriSpeech/dev-clean/652/129742/652-129742-0016.flac
data/processed/speech/english/LibriSpeech/dev-clean/652/129742/652-129742-0017.wav,2.82,data/raw/speech/english/LibriSpeech/dev-clean/652/129742/652-129742-0017.flac
data/processed/speech/english/LibriSpeech/dev-clean/652/129742/652-129742-0018.wav,4.58,data/raw/speech/english/LibriSpeech/dev-clean/652/129742/652-129742-0018.flac
data/processed/speech/english/LibriSpeech/dev-clean/652/129742/652-129742-0019.wav,2.46,data/raw/speech/english/LibriSpeech/dev-clean/652/129742/652-129742-0019.flac
data/processed/speech/english/LibriSpeech/dev-clean/652/129742/652-129742-0020.wav,3.81,data/raw/speech/english/LibriSpeech/dev-clean/652/129742/652-129742-0020.flac
data/processed/speech/english/LibriSpeech/dev-clean/652/130726/652-130726-0000.wav,6.43,data/raw/speech/english/LibriSpeech/dev-clean/652/130726/652-130726-0000.flac
data/processed/speech/english/LibriSpeech/dev-clean/652/130726/652-130726-0001.wav,10.57,data/raw/speech/english/LibriSpeech/dev-clean/652/130726/652-130726-0001.flac
data/processed/speech/english/LibriSpeech/dev-clean/652/130726/652-130726-0002.wav,13.09,data/raw/speech/english/LibriSpeech/dev-clean/652/130726/652-130726-0002.flac
data/processed/speech/english/LibriSpeech/dev-clean/652/130726/652-130726-0003.wav,6.02,data/raw/speech/english/LibriSpeech/dev-clean/652/130726/652-130726-0003.flac
data/processed/speech/english/LibriSpeech/dev-clean/652/130726/652-130726-0004.wav,14.72,data/raw/speech/english/LibriSpeech/dev-clean/652/130726/652-130726-0004.flac
data/processed/speech/english/LibriSpeech/dev-clean/652/130726/652-130726-0005.wav,9.92,data/raw/speech/english/LibriSpeech/dev-clean/652/130726/652-130726-0005.flac
data/processed/speech/english/LibriSpeech/dev-clean/652/130726/652-130726-0006.wav,6.78,data/raw/speech/english/LibriSpeech/dev-clean/652/130726/652-130726-0006.flac
data/processed/speech/english/LibriSpeech/dev-clean/652/130726/652-130726-0007.wav,4.29,data/raw/speech/english/LibriSpeech/dev-clean/652/130726/652-130726-0007.flac
data/processed/speech/english/LibriSpeech/dev-clean/652/130726/652-130726-0008.wav,8.86,data/raw/speech/english/LibriSpeech/dev-clean/652/130726/652-130726-0008.flac
data/processed/speech/english/LibriSpeech/dev-clean/652/130726/652-130726-0009.wav,3.74,data/raw/speech/english/LibriSpeech/dev-clean/652/130726/652-130726-0009.flac
data/processed/speech/english/LibriSpeech/dev-clean/652/130726/652-130726-0010.wav,6.14,data/raw/speech/english/LibriSpeech/dev-clean/652/130726/652-130726-0010.flac
data/processed/speech/english/LibriSpeech/dev-clean/652/130726/652-130726-0011.wav,18.24,data/raw/speech/english/LibriSpeech/dev-clean/652/130726/652-130726-0011.flac
data/processed/speech/english/LibriSpeech/dev-clean/652/130726/652-130726-0012.wav,5.5,data/raw/speech/english/LibriSpeech/dev-clean/652/130726/652-130726-0012.flac
data/processed/speech/english/LibriSpeech/dev-clean/652/130726/652-130726-0013.wav,4.83,data/raw/speech/english/LibriSpeech/dev-clean/652/130726/652-130726-0013.flac
data/processed/speech/english/LibriSpeech/dev-clean/652/130726/652-130726-0014.wav,4.74,data/raw/speech/english/LibriSpeech/dev-clean/652/130726/652-130726-0014.flac
data/processed/speech/english/LibriSpeech/dev-clean/652/130726/652-130726-0015.wav,8.64,data/raw/speech/english/LibriSpeech/dev-clean/652/130726/652-130726-0015.flac
data/processed/speech/english/LibriSpeech/dev-clean/652/130726/652-130726-0016.wav,9.6,data/raw/speech/english/LibriSpeech/dev-clean/652/130726/652-130726-0016.flac
data/processed/speech/english/LibriSpeech/dev-clean/652/130726/652-130726-0017.wav,5.66,data/raw/speech/english/LibriSpeech/dev-clean/652/130726/652-130726-0017.flac
data/processed/speech/english/LibriSpeech/dev-clean/652/130726/652-130726-0018.wav,3.23,data/raw/speech/english/LibriSpeech/dev-clean/652/130726/652-130726-0018.flac
data/processed/speech/english/LibriSpeech/dev-clean/652/130726/652-130726-0019.wav,5.73,data/raw/speech/english/LibriSpeech/dev-clean/652/130726/652-130726-0019.flac
data/processed/speech/english/LibriSpeech/dev-clean/652/130726/652-130726-0020.wav,6.26,data/raw/speech/english/LibriSpeech/dev-clean/652/130726/652-130726-0020.flac
data/processed/speech/english/LibriSpeech/dev-clean/652/130726/652-130726-0021.wav,10.91,data/raw/speech/english/LibriSpeech/dev-clean/652/130726/652-130726-0021.flac
data/processed/speech/english/LibriSpeech/dev-clean/652/130726/652-130726-0022.wav,12.11,data/raw/speech/english/LibriSpeech/dev-clean/652/130726/652-130726-0022.flac
data/processed/speech/english/LibriSpeech/dev-clean/652/130726/652-130726-0023.wav,5.73,data/raw/speech/english/LibriSpeech/dev-clean/652/130726/652-130726-0023.flac
data/processed/speech/english/LibriSpeech/dev-clean/652/130726/652-130726-0024.wav,10.4,data/raw/speech/english/LibriSpeech/dev-clean/652/130726/652-130726-0024.flac
data/processed/speech/english/LibriSpeech/dev-clean/652/130726/652-130726-0025.wav,2.34,data/raw/speech/english/LibriSpeech/dev-clean/652/130726/652-130726-0025.flac
data/processed/speech/english/LibriSpeech/dev-clean/652/130726/652-130726-0026.wav,5.79,data/raw/speech/english/LibriSpeech/dev-clean/652/130726/652-130726-0026.flac
data/processed/speech/english/LibriSpeech/dev-clean/652/130726/652-130726-0027.wav,4.8,data/raw/speech/english/LibriSpeech/dev-clean/652/130726/652-130726-0027.flac
data/processed/speech/english/LibriSpeech/dev-clean/652/130726/652-130726-0028.wav,2.3,data/raw/speech/english/LibriSpeech/dev-clean/652/130726/652-130726-0028.flac
data/processed/speech/english/LibriSpeech/dev-clean/652/130726/652-130726-0029.wav,7.36,data/raw/speech/english/LibriSpeech/dev-clean/652/130726/652-130726-0029.flac
data/processed/speech/english/LibriSpeech/dev-clean/652/130726/652-130726-0030.wav,2.75,data/raw/speech/english/LibriSpeech/dev-clean/652/130726/652-130726-0030.flac
data/processed/speech/english/LibriSpeech/dev-clean/652/130726/652-130726-0031.wav,5.66,data/raw/speech/english/LibriSpeech/dev-clean/652/130726/652-130726-0031.flac
data/processed/speech/english/LibriSpeech/dev-clean/652/130726/652-130726-0032.wav,5.73,data/raw/speech/english/LibriSpeech/dev-clean/652/130726/652-130726-0032.flac
data/processed/speech/english/LibriSpeech/dev-clean/652/130726/652-130726-0033.wav,10.43,data/raw/speech/english/LibriSpeech/dev-clean/652/130726/652-130726-0033.flac
data/processed/speech/english/LibriSpeech/dev-clean/652/130726/652-130726-0034.wav,10.75,data/raw/speech/english/LibriSpeech/dev-clean/652/130726/652-130726-0034.flac
data/processed/speech/english/LibriSpeech/dev-clean/652/130726/652-130726-0035.wav,4.8,data/raw/speech/english/LibriSpeech/dev-clean/652/130726/652-130726-0035.flac
data/processed/speech/english/LibriSpeech/dev-clean/652/130737/652-130737-0000.wav,8.99,data/raw/speech/english/LibriSpeech/dev-clean/652/130737/652-130737-0000.flac
data/processed/speech/english/LibriSpeech/dev-clean/652/130737/652-130737-0001.wav,5.22,data/raw/speech/english/LibriSpeech/dev-clean/652/130737/652-130737-0001.flac
data/processed/speech/english/LibriSpeech/dev-clean/652/130737/652-130737-0002.wav,6.53,data/raw/speech/english/LibriSpeech/dev-clean/652/130737/652-130737-0002.flac
data/processed/speech/english/LibriSpeech/dev-clean/652/130737/652-130737-0003.wav,6.98,data/raw/speech/english/LibriSpeech/dev-clean/652/130737/652-130737-0003.flac
data/processed/speech/english/LibriSpeech/dev-clean/652/130737/652-130737-0004.wav,4.0,data/raw/speech/english/LibriSpeech/dev-clean/652/130737/652-130737-0004.flac
data/processed/speech/english/LibriSpeech/dev-clean/652/130737/652-130737-0005.wav,3.46,data/raw/speech/english/LibriSpeech/dev-clean/652/130737/652-130737-0005.flac
data/processed/speech/english/LibriSpeech/dev-clean/652/130737/652-130737-0006.wav,4.16,data/raw/speech/english/LibriSpeech/dev-clean/652/130737/652-130737-0006.flac
data/processed/speech/english/LibriSpeech/dev-clean/652/130737/652-130737-0007.wav,3.23,data/raw/speech/english/LibriSpeech/dev-clean/652/130737/652-130737-0007.flac
data/processed/speech/english/LibriSpeech/dev-clean/652/130737/652-130737-0008.wav,1.98,data/raw/speech/english/LibriSpeech/dev-clean/652/130737/652-130737-0008.flac
data/processed/speech/english/LibriSpeech/dev-clean/652/130737/652-130737-0009.wav,3.78,data/raw/speech/english/LibriSpeech/dev-clean/652/130737/652-130737-0009.flac
data/processed/speech/english/LibriSpeech/dev-clean/652/130737/652-130737-0010.wav,6.41,data/raw/speech/english/LibriSpeech/dev-clean/652/130737/652-130737-0010.flac
data/processed/speech/english/LibriSpeech/dev-clean/652/130737/652-130737-0011.wav,3.17,data/raw/speech/english/LibriSpeech/dev-clean/652/130737/652-130737-0011.flac
data/processed/speech/english/LibriSpeech/dev-clean/652/130737/652-130737-0012.wav,2.78,data/raw/speech/english/LibriSpeech/dev-clean/652/130737/652-130737-0012.flac
data/processed/speech/english/LibriSpeech/dev-clean/652/130737/652-130737-0013.wav,3.68,data/raw/speech/english/LibriSpeech/dev-clean/652/130737/652-130737-0013.flac
data/processed/speech/english/LibriSpeech/dev-clean/777/126732/777-126732-0000.wav,1.89,data/raw/speech/english/LibriSpeech/dev-clean/777/126732/777-126732-0000.flac
data/processed/speech/english/LibriSpeech/dev-clean/777/126732/777-126732-0001.wav,1.86,data/raw/speech/english/LibriSpeech/dev-clean/777/126732/777-126732-0001.flac
data/processed/speech/english/LibriSpeech/dev-clean/777/126732/777-126732-0002.wav,4.64,data/raw/speech/english/LibriSpeech/dev-clean/777/126732/777-126732-0002.flac
data/processed/speech/english/LibriSpeech/dev-clean/777/126732/777-126732-0003.wav,8.45,data/raw/speech/english/LibriSpeech/dev-clean/777/126732/777-126732-0003.flac
data/processed/speech/english/LibriSpeech/dev-clean/777/126732/777-126732-0004.wav,3.39,data/raw/speech/english/LibriSpeech/dev-clean/777/126732/777-126732-0004.flac
data/processed/speech/english/LibriSpeech/dev-clean/777/126732/777-126732-0005.wav,10.14,data/raw/speech/english/LibriSpeech/dev-clean/777/126732/777-126732-0005.flac
data/processed/speech/english/LibriSpeech/dev-clean/777/126732/777-126732-0006.wav,3.68,data/raw/speech/english/LibriSpeech/dev-clean/777/126732/777-126732-0006.flac
data/processed/speech/english/LibriSpeech/dev-clean/777/126732/777-126732-0007.wav,11.49,data/raw/speech/english/LibriSpeech/dev-clean/777/126732/777-126732-0007.flac
data/processed/speech/english/LibriSpeech/dev-clean/777/126732/777-126732-0008.wav,3.78,data/raw/speech/english/LibriSpeech/dev-clean/777/126732/777-126732-0008.flac
data/processed/speech/english/LibriSpeech/dev-clean/777/126732/777-126732-0009.wav,3.74,data/raw/speech/english/LibriSpeech/dev-clean/777/126732/777-126732-0009.flac
data/processed/speech/english/LibriSpeech/dev-clean/777/126732/777-126732-0010.wav,2.72,data/raw/speech/english/LibriSpeech/dev-clean/777/126732/777-126732-0010.flac
data/processed/speech/english/LibriSpeech/dev-clean/777/126732/777-126732-0011.wav,6.78,data/raw/speech/english/LibriSpeech/dev-clean/777/126732/777-126732-0011.flac
data/processed/speech/english/LibriSpeech/dev-clean/777/126732/777-126732-0012.wav,4.35,data/raw/speech/english/LibriSpeech/dev-clean/777/126732/777-126732-0012.flac
data/processed/speech/english/LibriSpeech/dev-clean/777/126732/777-126732-0013.wav,14.62,data/raw/speech/english/LibriSpeech/dev-clean/777/126732/777-126732-0013.flac
data/processed/speech/english/LibriSpeech/dev-clean/777/126732/777-126732-0014.wav,6.62,data/raw/speech/english/LibriSpeech/dev-clean/777/126732/777-126732-0014.flac
data/processed/speech/english/LibriSpeech/dev-clean/777/126732/777-126732-0015.wav,8.86,data/raw/speech/english/LibriSpeech/dev-clean/777/126732/777-126732-0015.flac
data/processed/speech/english/LibriSpeech/dev-clean/777/126732/777-126732-0016.wav,11.84,data/raw/speech/english/LibriSpeech/dev-clean/777/126732/777-126732-0016.flac
data/processed/speech/english/LibriSpeech/dev-clean/777/126732/777-126732-0017.wav,2.05,data/raw/speech/english/LibriSpeech/dev-clean/777/126732/777-126732-0017.flac
data/processed/speech/english/LibriSpeech/dev-clean/777/126732/777-126732-0018.wav,3.04,data/raw/speech/english/LibriSpeech/dev-clean/777/126732/777-126732-0018.flac
data/processed/speech/english/LibriSpeech/dev-clean/777/126732/777-126732-0019.wav,4.0,data/raw/speech/english/LibriSpeech/dev-clean/777/126732/777-126732-0019.flac
data/processed/speech/english/LibriSpeech/dev-clean/777/126732/777-126732-0020.wav,1.34,data/raw/speech/english/LibriSpeech/dev-clean/777/126732/777-126732-0020.flac
data/processed/speech/english/LibriSpeech/dev-clean/777/126732/777-126732-0021.wav,2.88,data/raw/speech/english/LibriSpeech/dev-clean/777/126732/777-126732-0021.flac
data/processed/speech/english/LibriSpeech/dev-clean/777/126732/777-126732-0022.wav,2.59,data/raw/speech/english/LibriSpeech/dev-clean/777/126732/777-126732-0022.flac
data/processed/speech/english/LibriSpeech/dev-clean/777/126732/777-126732-0023.wav,6.18,data/raw/speech/english/LibriSpeech/dev-clean/777/126732/777-126732-0023.flac
data/processed/speech/english/LibriSpeech/dev-clean/777/126732/777-126732-0024.wav,12.54,data/raw/speech/english/LibriSpeech/dev-clean/777/126732/777-126732-0024.flac
data/processed/speech/english/LibriSpeech/dev-clean/777/126732/777-126732-0025.wav,8.26,data/raw/speech/english/LibriSpeech/dev-clean/777/126732/777-126732-0025.flac
data/processed/speech/english/LibriSpeech/dev-clean/777/126732/777-126732-0026.wav,1.28,data/raw/speech/english/LibriSpeech/dev-clean/777/126732/777-126732-0026.flac
data/processed/speech/english/LibriSpeech/dev-clean/777/126732/777-126732-0027.wav,3.68,data/raw/speech/english/LibriSpeech/dev-clean/777/126732/777-126732-0027.flac
data/processed/speech/english/LibriSpeech/dev-clean/777/126732/777-126732-0028.wav,11.71,data/raw/speech/english/LibriSpeech/dev-clean/777/126732/777-126732-0028.flac
data/processed/speech/english/LibriSpeech/dev-clean/777/126732/777-126732-0029.wav,2.62,data/raw/speech/english/LibriSpeech/dev-clean/777/126732/777-126732-0029.flac
data/processed/speech/english/LibriSpeech/dev-clean/777/126732/777-126732-0030.wav,5.82,data/raw/speech/english/LibriSpeech/dev-clean/777/126732/777-126732-0030.flac
data/processed/speech/english/LibriSpeech/dev-clean/777/126732/777-126732-0031.wav,10.14,data/raw/speech/english/LibriSpeech/dev-clean/777/126732/777-126732-0031.flac
data/processed/speech/english/LibriSpeech/dev-clean/777/126732/777-126732-0032.wav,5.12,data/raw/speech/english/LibriSpeech/dev-clean/777/126732/777-126732-0032.flac
data/processed/speech/english/LibriSpeech/dev-clean/777/126732/777-126732-0033.wav,2.75,data/raw/speech/english/LibriSpeech/dev-clean/777/126732/777-126732-0033.flac
data/processed/speech/english/LibriSpeech/dev-clean/777/126732/777-126732-0034.wav,2.69,data/raw/speech/english/LibriSpeech/dev-clean/777/126732/777-126732-0034.flac
data/processed/speech/english/LibriSpeech/dev-clean/777/126732/777-126732-0035.wav,4.96,data/raw/speech/english/LibriSpeech/dev-clean/777/126732/777-126732-0035.flac
data/processed/speech/english/LibriSpeech/dev-clean/777/126732/777-126732-0036.wav,8.16,data/raw/speech/english/LibriSpeech/dev-clean/777/126732/777-126732-0036.flac
data/processed/speech/english/LibriSpeech/dev-clean/777/126732/777-126732-0037.wav,4.61,data/raw/speech/english/LibriSpeech/dev-clean/777/126732/777-126732-0037.flac
data/processed/speech/english/LibriSpeech/dev-clean/777/126732/777-126732-0038.wav,2.14,data/raw/speech/english/LibriSpeech/dev-clean/777/126732/777-126732-0038.flac
data/processed/speech/english/LibriSpeech/dev-clean/777/126732/777-126732-0039.wav,2.59,data/raw/speech/english/LibriSpeech/dev-clean/777/126732/777-126732-0039.flac
data/processed/speech/english/LibriSpeech/dev-clean/777/126732/777-126732-0040.wav,4.51,data/raw/speech/english/LibriSpeech/dev-clean/777/126732/777-126732-0040.flac
data/processed/speech/english/LibriSpeech/dev-clean/777/126732/777-126732-0041.wav,9.22,data/raw/speech/english/LibriSpeech/dev-clean/777/126732/777-126732-0041.flac
data/processed/speech/english/LibriSpeech/dev-clean/777/126732/777-126732-0042.wav,4.61,data/raw/speech/english/LibriSpeech/dev-clean/777/126732/777-126732-0042.flac
data/processed/speech/english/LibriSpeech/dev-clean/777/126732/777-126732-0043.wav,1.82,data/raw/speech/english/LibriSpeech/dev-clean/777/126732/777-126732-0043.flac
data/processed/speech/english/LibriSpeech/dev-clean/777/126732/777-126732-0044.wav,3.17,data/raw/speech/english/LibriSpeech/dev-clean/777/126732/777-126732-0044.flac
data/processed/speech/english/LibriSpeech/dev-clean/777/126732/777-126732-0045.wav,11.3,data/raw/speech/english/LibriSpeech/dev-clean/777/126732/777-126732-0045.flac
data/processed/speech/english/LibriSpeech/dev-clean/777/126732/777-126732-0046.wav,1.7,data/raw/speech/english/LibriSpeech/dev-clean/777/126732/777-126732-0046.flac
data/processed/speech/english/LibriSpeech/dev-clean/777/126732/777-126732-0047.wav,7.26,data/raw/speech/english/LibriSpeech/dev-clean/777/126732/777-126732-0047.flac
data/processed/speech/english/LibriSpeech/dev-clean/777/126732/777-126732-0048.wav,5.28,data/raw/speech/english/LibriSpeech/dev-clean/777/126732/777-126732-0048.flac
data/processed/speech/english/LibriSpeech/dev-clean/777/126732/777-126732-0049.wav,1.38,data/raw/speech/english/LibriSpeech/dev-clean/777/126732/777-126732-0049.flac
data/processed/speech/english/LibriSpeech/dev-clean/777/126732/777-126732-0050.wav,5.86,data/raw/speech/english/LibriSpeech/dev-clean/777/126732/777-126732-0050.flac
data/processed/speech/english/LibriSpeech/dev-clean/777/126732/777-126732-0051.wav,3.65,data/raw/speech/english/LibriSpeech/dev-clean/777/126732/777-126732-0051.flac
data/processed/speech/english/LibriSpeech/dev-clean/777/126732/777-126732-0052.wav,4.1,data/raw/speech/english/LibriSpeech/dev-clean/777/126732/777-126732-0052.flac
data/processed/speech/english/LibriSpeech/dev-clean/777/126732/777-126732-0053.wav,3.94,data/raw/speech/english/LibriSpeech/dev-clean/777/126732/777-126732-0053.flac
data/processed/speech/english/LibriSpeech/dev-clean/777/126732/777-126732-0054.wav,2.43,data/raw/speech/english/LibriSpeech/dev-clean/777/126732/777-126732-0054.flac
data/processed/speech/english/LibriSpeech/dev-clean/777/126732/777-126732-0055.wav,3.07,data/raw/speech/english/LibriSpeech/dev-clean/777/126732/777-126732-0055.flac
data/processed/speech/english/LibriSpeech/dev-clean/777/126732/777-126732-0056.wav,8.48,data/raw/speech/english/LibriSpeech/dev-clean/777/126732/777-126732-0056.flac
data/processed/speech/english/LibriSpeech/dev-clean/777/126732/777-126732-0057.wav,10.24,data/raw/speech/english/LibriSpeech/dev-clean/777/126732/777-126732-0057.flac
data/processed/speech/english/LibriSpeech/dev-clean/777/126732/777-126732-0058.wav,4.58,data/raw/speech/english/LibriSpeech/dev-clean/777/126732/777-126732-0058.flac
data/processed/speech/english/LibriSpeech/dev-clean/777/126732/777-126732-0059.wav,5.41,data/raw/speech/english/LibriSpeech/dev-clean/777/126732/777-126732-0059.flac
data/processed/speech/english/LibriSpeech/dev-clean/777/126732/777-126732-0060.wav,7.14,data/raw/speech/english/LibriSpeech/dev-clean/777/126732/777-126732-0060.flac
data/processed/speech/english/LibriSpeech/dev-clean/777/126732/777-126732-0061.wav,3.84,data/raw/speech/english/LibriSpeech/dev-clean/777/126732/777-126732-0061.flac
data/processed/speech/english/LibriSpeech/dev-clean/777/126732/777-126732-0062.wav,1.54,data/raw/speech/english/LibriSpeech/dev-clean/777/126732/777-126732-0062.flac
data/processed/speech/english/LibriSpeech/dev-clean/777/126732/777-126732-0063.wav,17.28,data/raw/speech/english/LibriSpeech/dev-clean/777/126732/777-126732-0063.flac
data/processed/speech/english/LibriSpeech/dev-clean/777/126732/777-126732-0064.wav,4.9,data/raw/speech/english/LibriSpeech/dev-clean/777/126732/777-126732-0064.flac
data/processed/speech/english/LibriSpeech/dev-clean/777/126732/777-126732-0065.wav,4.42,data/raw/speech/english/LibriSpeech/dev-clean/777/126732/777-126732-0065.flac
data/processed/speech/english/LibriSpeech/dev-clean/777/126732/777-126732-0066.wav,10.78,data/raw/speech/english/LibriSpeech/dev-clean/777/126732/777-126732-0066.flac
data/processed/speech/english/LibriSpeech/dev-clean/777/126732/777-126732-0067.wav,4.67,data/raw/speech/english/LibriSpeech/dev-clean/777/126732/777-126732-0067.flac
data/processed/speech/english/LibriSpeech/dev-clean/777/126732/777-126732-0068.wav,2.24,data/raw/speech/english/LibriSpeech/dev-clean/777/126732/777-126732-0068.flac
data/processed/speech/english/LibriSpeech/dev-clean/777/126732/777-126732-0069.wav,4.45,data/raw/speech/english/LibriSpeech/dev-clean/777/126732/777-126732-0069.flac
data/processed/speech/english/LibriSpeech/dev-clean/777/126732/777-126732-0070.wav,6.62,data/raw/speech/english/LibriSpeech/dev-clean/777/126732/777-126732-0070.flac
data/processed/speech/english/LibriSpeech/dev-clean/777/126732/777-126732-0071.wav,1.92,data/raw/speech/english/LibriSpeech/dev-clean/777/126732/777-126732-0071.flac
data/processed/speech/english/LibriSpeech/dev-clean/777/126732/777-126732-0072.wav,2.05,data/raw/speech/english/LibriSpeech/dev-clean/777/126732/777-126732-0072.flac
data/processed/speech/english/LibriSpeech/dev-clean/777/126732/777-126732-0073.wav,3.36,data/raw/speech/english/LibriSpeech/dev-clean/777/126732/777-126732-0073.flac
data/processed/speech/english/LibriSpeech/dev-clean/777/126732/777-126732-0074.wav,2.85,data/raw/speech/english/LibriSpeech/dev-clean/777/126732/777-126732-0074.flac
data/processed/speech/english/LibriSpeech/dev-clean/777/126732/777-126732-0075.wav,3.68,data/raw/speech/english/LibriSpeech/dev-clean/777/126732/777-126732-0075.flac
data/processed/speech/english/LibriSpeech/dev-clean/777/126732/777-126732-0076.wav,3.49,data/raw/speech/english/LibriSpeech/dev-clean/777/126732/777-126732-0076.flac
data/processed/speech/english/LibriSpeech/dev-clean/777/126732/777-126732-0077.wav,1.86,data/raw/speech/english/LibriSpeech/dev-clean/777/126732/777-126732-0077.flac
data/processed/speech/english/LibriSpeech/dev-clean/777/126732/777-126732-0078.wav,1.86,data/raw/speech/english/LibriSpeech/dev-clean/777/126732/777-126732-0078.flac
data/processed/speech/english/LibriSpeech/dev-clean/777/126732/777-126732-0079.wav,9.34,data/raw/speech/english/LibriSpeech/dev-clean/777/126732/777-126732-0079.flac
data/processed/speech/english/LibriSpeech/dev-clean/777/126732/777-126732-0080.wav,2.05,data/raw/speech/english/LibriSpeech/dev-clean/777/126732/777-126732-0080.flac
data/processed/speech/english/LibriSpeech/dev-clean/777/126732/777-126732-0081.wav,0.93,data/raw/speech/english/LibriSpeech/dev-clean/777/126732/777-126732-0081.flac
data/processed/speech/english/LibriSpeech/dev-clean/7850/111771/7850-111771-0000.wav,6.75,data/raw/speech/english/LibriSpeech/dev-clean/7850/111771/7850-111771-0000.flac
data/processed/speech/english/LibriSpeech/dev-clean/7850/111771/7850-111771-0001.wav,5.82,data/raw/speech/english/LibriSpeech/dev-clean/7850/111771/7850-111771-0001.flac
data/processed/speech/english/LibriSpeech/dev-clean/7850/111771/7850-111771-0002.wav,7.46,data/raw/speech/english/LibriSpeech/dev-clean/7850/111771/7850-111771-0002.flac
data/processed/speech/english/LibriSpeech/dev-clean/7850/111771/7850-111771-0003.wav,2.82,data/raw/speech/english/LibriSpeech/dev-clean/7850/111771/7850-111771-0003.flac
data/processed/speech/english/LibriSpeech/dev-clean/7850/111771/7850-111771-0004.wav,10.11,data/raw/speech/english/LibriSpeech/dev-clean/7850/111771/7850-111771-0004.flac
data/processed/speech/english/LibriSpeech/dev-clean/7850/111771/7850-111771-0005.wav,2.46,data/raw/speech/english/LibriSpeech/dev-clean/7850/111771/7850-111771-0005.flac
data/processed/speech/english/LibriSpeech/dev-clean/7850/111771/7850-111771-0006.wav,3.04,data/raw/speech/english/LibriSpeech/dev-clean/7850/111771/7850-111771-0006.flac
data/processed/speech/english/LibriSpeech/dev-clean/7850/111771/7850-111771-0007.wav,9.95,data/raw/speech/english/LibriSpeech/dev-clean/7850/111771/7850-111771-0007.flac
data/processed/speech/english/LibriSpeech/dev-clean/7850/111771/7850-111771-0008.wav,5.92,data/raw/speech/english/LibriSpeech/dev-clean/7850/111771/7850-111771-0008.flac
data/processed/speech/english/LibriSpeech/dev-clean/7850/111771/7850-111771-0009.wav,7.3,data/raw/speech/english/LibriSpeech/dev-clean/7850/111771/7850-111771-0009.flac
data/processed/speech/english/LibriSpeech/dev-clean/7850/281318/7850-281318-0000.wav,3.42,data/raw/speech/english/LibriSpeech/dev-clean/7850/281318/7850-281318-0000.flac
data/processed/speech/english/LibriSpeech/dev-clean/7850/281318/7850-281318-0001.wav,3.74,data/raw/speech/english/LibriSpeech/dev-clean/7850/281318/7850-281318-0001.flac
data/processed/speech/english/LibriSpeech/dev-clean/7850/281318/7850-281318-0002.wav,3.46,data/raw/speech/english/LibriSpeech/dev-clean/7850/281318/7850-281318-0002.flac
data/processed/speech/english/LibriSpeech/dev-clean/7850/281318/7850-281318-0003.wav,2.46,data/raw/speech/english/LibriSpeech/dev-clean/7850/281318/7850-281318-0003.flac
data/processed/speech/english/LibriSpeech/dev-clean/7850/281318/7850-281318-0004.wav,7.46,data/raw/speech/english/LibriSpeech/dev-clean/7850/281318/7850-281318-0004.flac
data/processed/speech/english/LibriSpeech/dev-clean/7850/281318/7850-281318-0005.wav,1.7,data/raw/speech/english/LibriSpeech/dev-clean/7850/281318/7850-281318-0005.flac
data/processed/speech/english/LibriSpeech/dev-clean/7850/281318/7850-281318-0006.wav,6.82,data/raw/speech/english/LibriSpeech/dev-clean/7850/281318/7850-281318-0006.flac
data/processed/speech/english/LibriSpeech/dev-clean/7850/281318/7850-281318-0007.wav,3.71,data/raw/speech/english/LibriSpeech/dev-clean/7850/281318/7850-281318-0007.flac
data/processed/speech/english/LibriSpeech/dev-clean/7850/281318/7850-281318-0008.wav,5.41,data/raw/speech/english/LibriSpeech/dev-clean/7850/281318/7850-281318-0008.flac
data/processed/speech/english/LibriSpeech/dev-clean/7850/281318/7850-281318-0009.wav,7.87,data/raw/speech/english/LibriSpeech/dev-clean/7850/281318/7850-281318-0009.flac
data/processed/speech/english/LibriSpeech/dev-clean/7850/281318/7850-281318-0010.wav,11.04,data/raw/speech/english/LibriSpeech/dev-clean/7850/281318/7850-281318-0010.flac
data/processed/speech/english/LibriSpeech/dev-clean/7850/281318/7850-281318-0011.wav,6.78,data/raw/speech/english/LibriSpeech/dev-clean/7850/281318/7850-281318-0011.flac
data/processed/speech/english/LibriSpeech/dev-clean/7850/281318/7850-281318-0012.wav,3.58,data/raw/speech/english/LibriSpeech/dev-clean/7850/281318/7850-281318-0012.flac
data/processed/speech/english/LibriSpeech/dev-clean/7850/281318/7850-281318-0013.wav,5.47,data/raw/speech/english/LibriSpeech/dev-clean/7850/281318/7850-281318-0013.flac
data/processed/speech/english/LibriSpeech/dev-clean/7850/281318/7850-281318-0014.wav,7.3,data/raw/speech/english/LibriSpeech/dev-clean/7850/281318/7850-281318-0014.flac
data/processed/speech/english/LibriSpeech/dev-clean/7850/281318/7850-281318-0015.wav,2.27,data/raw/speech/english/LibriSpeech/dev-clean/7850/281318/7850-281318-0015.flac
data/processed/speech/english/LibriSpeech/dev-clean/7850/281318/7850-281318-0016.wav,2.75,data/raw/speech/english/LibriSpeech/dev-clean/7850/281318/7850-281318-0016.flac
data/processed/speech/english/LibriSpeech/dev-clean/7850/281318/7850-281318-0017.wav,7.74,data/raw/speech/english/LibriSpeech/dev-clean/7850/281318/7850-281318-0017.flac
data/processed/speech/english/LibriSpeech/dev-clean/7850/281318/7850-281318-0018.wav,3.9,data/raw/speech/english/LibriSpeech/dev-clean/7850/281318/7850-281318-0018.flac
data/processed/speech/english/LibriSpeech/dev-clean/7850/281318/7850-281318-0019.wav,4.99,data/raw/speech/english/LibriSpeech/dev-clean/7850/281318/7850-281318-0019.flac
data/processed/speech/english/LibriSpeech/dev-clean/7850/281318/7850-281318-0020.wav,1.41,data/raw/speech/english/LibriSpeech/dev-clean/7850/281318/7850-281318-0020.flac
data/processed/speech/english/LibriSpeech/dev-clean/7850/281318/7850-281318-0021.wav,7.26,data/raw/speech/english/LibriSpeech/dev-clean/7850/281318/7850-281318-0021.flac
data/processed/speech/english/LibriSpeech/dev-clean/7850/281318/7850-281318-0022.wav,3.14,data/raw/speech/english/LibriSpeech/dev-clean/7850/281318/7850-281318-0022.flac
data/processed/speech/english/LibriSpeech/dev-clean/7850/281318/7850-281318-0023.wav,4.67,data/raw/speech/english/LibriSpeech/dev-clean/7850/281318/7850-281318-0023.flac
data/processed/speech/english/LibriSpeech/dev-clean/7850/286674/7850-286674-0000.wav,7.62,data/raw/speech/english/LibriSpeech/dev-clean/7850/286674/7850-286674-0000.flac
data/processed/speech/english/LibriSpeech/dev-clean/7850/286674/7850-286674-0001.wav,2.11,data/raw/speech/english/LibriSpeech/dev-clean/7850/286674/7850-286674-0001.flac
data/processed/speech/english/LibriSpeech/dev-clean/7850/286674/7850-286674-0002.wav,4.86,data/raw/speech/english/LibriSpeech/dev-clean/7850/286674/7850-286674-0002.flac
data/processed/speech/english/LibriSpeech/dev-clean/7850/286674/7850-286674-0003.wav,5.25,data/raw/speech/english/LibriSpeech/dev-clean/7850/286674/7850-286674-0003.flac
data/processed/speech/english/LibriSpeech/dev-clean/7850/286674/7850-286674-0004.wav,7.26,data/raw/speech/english/LibriSpeech/dev-clean/7850/286674/7850-286674-0004.flac
data/processed/speech/english/LibriSpeech/dev-clean/7850/286674/7850-286674-0005.wav,7.01,data/raw/speech/english/LibriSpeech/dev-clean/7850/286674/7850-286674-0005.flac
data/processed/speech/english/LibriSpeech/dev-clean/7850/286674/7850-286674-0006.wav,2.56,data/raw/speech/english/LibriSpeech/dev-clean/7850/286674/7850-286674-0006.flac
data/processed/speech/english/LibriSpeech/dev-clean/7850/286674/7850-286674-0007.wav,2.82,data/raw/speech/english/LibriSpeech/dev-clean/7850/286674/7850-286674-0007.flac
data/processed/speech/english/LibriSpeech/dev-clean/7850/286674/7850-286674-0008.wav,2.08,data/raw/speech/english/LibriSpeech/dev-clean/7850/286674/7850-286674-0008.flac
data/processed/speech/english/LibriSpeech/dev-clean/7850/286674/7850-286674-0009.wav,6.46,data/raw/speech/english/LibriSpeech/dev-clean/7850/286674/7850-286674-0009.flac
data/processed/speech/english/LibriSpeech/dev-clean/7850/286674/7850-286674-0010.wav,12.03,data/raw/speech/english/LibriSpeech/dev-clean/7850/286674/7850-286674-0010.flac
data/processed/speech/english/LibriSpeech/dev-clean/7850/286674/7850-286674-0011.wav,8.26,data/raw/speech/english/LibriSpeech/dev-clean/7850/286674/7850-286674-0011.flac
data/processed/speech/english/LibriSpeech/dev-clean/7850/286674/7850-286674-0012.wav,3.46,data/raw/speech/english/LibriSpeech/dev-clean/7850/286674/7850-286674-0012.flac
data/processed/speech/english/LibriSpeech/dev-clean/7850/286674/7850-286674-0013.wav,1.76,data/raw/speech/english/LibriSpeech/dev-clean/7850/286674/7850-286674-0013.flac
data/processed/speech/english/LibriSpeech/dev-clean/7850/286674/7850-286674-0014.wav,6.88,data/raw/speech/english/LibriSpeech/dev-clean/7850/286674/7850-286674-0014.flac
data/processed/speech/english/LibriSpeech/dev-clean/7850/286674/7850-286674-0015.wav,2.85,data/raw/speech/english/LibriSpeech/dev-clean/7850/286674/7850-286674-0015.flac
data/processed/speech/english/LibriSpeech/dev-clean/7850/286674/7850-286674-0016.wav,10.21,data/raw/speech/english/LibriSpeech/dev-clean/7850/286674/7850-286674-0016.flac
data/processed/speech/english/LibriSpeech/dev-clean/7850/286674/7850-286674-0017.wav,1.86,data/raw/speech/english/LibriSpeech/dev-clean/7850/286674/7850-286674-0017.flac
data/processed/speech/english/LibriSpeech/dev-clean/7850/73752/7850-73752-0000.wav,2.43,data/raw/speech/english/LibriSpeech/dev-clean/7850/73752/7850-73752-0000.flac
data/processed/speech/english/LibriSpeech/dev-clean/7850/73752/7850-73752-0001.wav,7.2,data/raw/speech/english/LibriSpeech/dev-clean/7850/73752/7850-73752-0001.flac
data/processed/speech/english/LibriSpeech/dev-clean/7850/73752/7850-73752-0002.wav,8.16,data/raw/speech/english/LibriSpeech/dev-clean/7850/73752/7850-73752-0002.flac
data/processed/speech/english/LibriSpeech/dev-clean/7850/73752/7850-73752-0003.wav,27.9,data/raw/speech/english/LibriSpeech/dev-clean/7850/73752/7850-73752-0003.flac
data/processed/speech/english/LibriSpeech/dev-clean/7850/73752/7850-73752-0004.wav,2.98,data/raw/speech/english/LibriSpeech/dev-clean/7850/73752/7850-73752-0004.flac
data/processed/speech/english/LibriSpeech/dev-clean/7850/73752/7850-73752-0005.wav,1.5,data/raw/speech/english/LibriSpeech/dev-clean/7850/73752/7850-73752-0005.flac
data/processed/speech/english/LibriSpeech/dev-clean/7850/73752/7850-73752-0006.wav,9.15,data/raw/speech/english/LibriSpeech/dev-clean/7850/73752/7850-73752-0006.flac
data/processed/speech/english/LibriSpeech/dev-clean/7850/73752/7850-73752-0007.wav,9.31,data/raw/speech/english/LibriSpeech/dev-clean/7850/73752/7850-73752-0007.flac
data/processed/speech/english/LibriSpeech/dev-clean/7850/73752/7850-73752-0008.wav,9.66,data/raw/speech/english/LibriSpeech/dev-clean/7850/73752/7850-73752-0008.flac
data/processed/speech/english/LibriSpeech/dev-clean/7850/73752/7850-73752-0009.wav,6.53,data/raw/speech/english/LibriSpeech/dev-clean/7850/73752/7850-73752-0009.flac
data/processed/speech/english/LibriSpeech/dev-clean/7850/73752/7850-73752-0010.wav,13.09,data/raw/speech/english/LibriSpeech/dev-clean/7850/73752/7850-73752-0010.flac
data/processed/speech/english/LibriSpeech/dev-clean/7850/73752/7850-73752-0011.wav,2.18,data/raw/speech/english/LibriSpeech/dev-clean/7850/73752/7850-73752-0011.flac
data/processed/speech/english/LibriSpeech/dev-clean/7850/73752/7850-73752-0012.wav,3.58,data/raw/speech/english/LibriSpeech/dev-clean/7850/73752/7850-73752-0012.flac
data/processed/speech/english/LibriSpeech/dev-clean/7850/73752/7850-73752-0013.wav,1.98,data/raw/speech/english/LibriSpeech/dev-clean/7850/73752/7850-73752-0013.flac
data/processed/speech/english/LibriSpeech/dev-clean/7850/73752/7850-73752-0014.wav,2.05,data/raw/speech/english/LibriSpeech/dev-clean/7850/73752/7850-73752-0014.flac
data/processed/speech/english/LibriSpeech/dev-clean/7850/73752/7850-73752-0015.wav,7.07,data/raw/speech/english/LibriSpeech/dev-clean/7850/73752/7850-73752-0015.flac
data/processed/speech/english/LibriSpeech/dev-clean/7850/73752/7850-73752-0016.wav,2.75,data/raw/speech/english/LibriSpeech/dev-clean/7850/73752/7850-73752-0016.flac
data/processed/speech/english/LibriSpeech/dev-clean/7850/73752/7850-73752-0017.wav,5.22,data/raw/speech/english/LibriSpeech/dev-clean/7850/73752/7850-73752-0017.flac
data/processed/speech/english/LibriSpeech/dev-clean/7850/73752/7850-73752-0018.wav,27.33,data/raw/speech/english/LibriSpeech/dev-clean/7850/73752/7850-73752-0018.flac
data/processed/speech/english/LibriSpeech/dev-clean/7850/73752/7850-73752-0019.wav,2.27,data/raw/speech/english/LibriSpeech/dev-clean/7850/73752/7850-73752-0019.flac
data/processed/speech/english/LibriSpeech/dev-clean/7976/105575/7976-105575-0000.wav,8.22,data/raw/speech/english/LibriSpeech/dev-clean/7976/105575/7976-105575-0000.flac
data/processed/speech/english/LibriSpeech/dev-clean/7976/105575/7976-105575-0001.wav,1.98,data/raw/speech/english/LibriSpeech/dev-clean/7976/105575/7976-105575-0001.flac
data/processed/speech/english/LibriSpeech/dev-clean/7976/105575/7976-105575-0002.wav,2.24,data/raw/speech/english/LibriSpeech/dev-clean/7976/105575/7976-105575-0002.flac
data/processed/speech/english/LibriSpeech/dev-clean/7976/105575/7976-105575-0003.wav,8.38,data/raw/speech/english/LibriSpeech/dev-clean/7976/105575/7976-105575-0003.flac
data/processed/speech/english/LibriSpeech/dev-clean/7976/105575/7976-105575-0004.wav,5.15,data/raw/speech/english/LibriSpeech/dev-clean/7976/105575/7976-105575-0004.flac
data/processed/speech/english/LibriSpeech/dev-clean/7976/105575/7976-105575-0005.wav,4.74,data/raw/speech/english/LibriSpeech/dev-clean/7976/105575/7976-105575-0005.flac
data/processed/speech/english/LibriSpeech/dev-clean/7976/105575/7976-105575-0006.wav,8.29,data/raw/speech/english/LibriSpeech/dev-clean/7976/105575/7976-105575-0006.flac
data/processed/speech/english/LibriSpeech/dev-clean/7976/105575/7976-105575-0007.wav,5.44,data/raw/speech/english/LibriSpeech/dev-clean/7976/105575/7976-105575-0007.flac
data/processed/speech/english/LibriSpeech/dev-clean/7976/105575/7976-105575-0008.wav,6.3,data/raw/speech/english/LibriSpeech/dev-clean/7976/105575/7976-105575-0008.flac
data/processed/speech/english/LibriSpeech/dev-clean/7976/105575/7976-105575-0009.wav,3.07,data/raw/speech/english/LibriSpeech/dev-clean/7976/105575/7976-105575-0009.flac
data/processed/speech/english/LibriSpeech/dev-clean/7976/105575/7976-105575-0010.wav,3.58,data/raw/speech/english/LibriSpeech/dev-clean/7976/105575/7976-105575-0010.flac
data/processed/speech/english/LibriSpeech/dev-clean/7976/105575/7976-105575-0011.wav,6.02,data/raw/speech/english/LibriSpeech/dev-clean/7976/105575/7976-105575-0011.flac
data/processed/speech/english/LibriSpeech/dev-clean/7976/105575/7976-105575-0012.wav,4.32,data/raw/speech/english/LibriSpeech/dev-clean/7976/105575/7976-105575-0012.flac
data/processed/speech/english/LibriSpeech/dev-clean/7976/105575/7976-105575-0013.wav,9.15,data/raw/speech/english/LibriSpeech/dev-clean/7976/105575/7976-105575-0013.flac
data/processed/speech/english/LibriSpeech/dev-clean/7976/105575/7976-105575-0014.wav,6.3,data/raw/speech/english/LibriSpeech/dev-clean/7976/105575/7976-105575-0014.flac
data/processed/speech/english/LibriSpeech/dev-clean/7976/105575/7976-105575-0015.wav,6.46,data/raw/speech/english/LibriSpeech/dev-clean/7976/105575/7976-105575-0015.flac
data/processed/speech/english/LibriSpeech/dev-clean/7976/105575/7976-105575-0016.wav,9.06,data/raw/speech/english/LibriSpeech/dev-clean/7976/105575/7976-105575-0016.flac
data/processed/speech/english/LibriSpeech/dev-clean/7976/105575/7976-105575-0017.wav,1.41,data/raw/speech/english/LibriSpeech/dev-clean/7976/105575/7976-105575-0017.flac
data/processed/speech/english/LibriSpeech/dev-clean/7976/105575/7976-105575-0018.wav,3.42,data/raw/speech/english/LibriSpeech/dev-clean/7976/105575/7976-105575-0018.flac
data/processed/speech/english/LibriSpeech/dev-clean/7976/105575/7976-105575-0019.wav,4.26,data/raw/speech/english/LibriSpeech/dev-clean/7976/105575/7976-105575-0019.flac
data/processed/speech/english/LibriSpeech/dev-clean/7976/105575/7976-105575-0020.wav,1.44,data/raw/speech/english/LibriSpeech/dev-clean/7976/105575/7976-105575-0020.flac
data/processed/speech/english/LibriSpeech/dev-clean/7976/105575/7976-105575-0021.wav,3.62,data/raw/speech/english/LibriSpeech/dev-clean/7976/105575/7976-105575-0021.flac
data/processed/speech/english/LibriSpeech/dev-clean/7976/105575/7976-105575-0022.wav,4.22,data/raw/speech/english/LibriSpeech/dev-clean/7976/105575/7976-105575-0022.flac
data/processed/speech/english/LibriSpeech/dev-clean/7976/105575/7976-105575-0023.wav,3.78,data/raw/speech/english/LibriSpeech/dev-clean/7976/105575/7976-105575-0023.flac
data/processed/speech/english/LibriSpeech/dev-clean/7976/105575/7976-105575-0024.wav,5.15,data/raw/speech/english/LibriSpeech/dev-clean/7976/105575/7976-105575-0024.flac
data/processed/speech/english/LibriSpeech/dev-clean/7976/105575/7976-105575-0025.wav,4.35,data/raw/speech/english/LibriSpeech/dev-clean/7976/105575/7976-105575-0025.flac
data/processed/speech/english/LibriSpeech/dev-clean/7976/105575/7976-105575-0026.wav,2.62,data/raw/speech/english/LibriSpeech/dev-clean/7976/105575/7976-105575-0026.flac
data/processed/speech/english/LibriSpeech/dev-clean/7976/105575/7976-105575-0027.wav,5.89,data/raw/speech/english/LibriSpeech/dev-clean/7976/105575/7976-105575-0027.flac
data/processed/speech/english/LibriSpeech/dev-clean/7976/105575/7976-105575-0028.wav,2.98,data/raw/speech/english/LibriSpeech/dev-clean/7976/105575/7976-105575-0028.flac
data/processed/speech/english/LibriSpeech/dev-clean/7976/105575/7976-105575-0029.wav,10.94,data/raw/speech/english/LibriSpeech/dev-clean/7976/105575/7976-105575-0029.flac
data/processed/speech/english/LibriSpeech/dev-clean/7976/110124/7976-110124-0000.wav,2.66,data/raw/speech/english/LibriSpeech/dev-clean/7976/110124/7976-110124-0000.flac
data/processed/speech/english/LibriSpeech/dev-clean/7976/110124/7976-110124-0001.wav,6.53,data/raw/speech/english/LibriSpeech/dev-clean/7976/110124/7976-110124-0001.flac
data/processed/speech/english/LibriSpeech/dev-clean/7976/110124/7976-110124-0002.wav,6.98,data/raw/speech/english/LibriSpeech/dev-clean/7976/110124/7976-110124-0002.flac
data/processed/speech/english/LibriSpeech/dev-clean/7976/110124/7976-110124-0003.wav,8.42,data/raw/speech/english/LibriSpeech/dev-clean/7976/110124/7976-110124-0003.flac
data/processed/speech/english/LibriSpeech/dev-clean/7976/110124/7976-110124-0004.wav,3.87,data/raw/speech/english/LibriSpeech/dev-clean/7976/110124/7976-110124-0004.flac
data/processed/speech/english/LibriSpeech/dev-clean/7976/110124/7976-110124-0005.wav,4.19,data/raw/speech/english/LibriSpeech/dev-clean/7976/110124/7976-110124-0005.flac
data/processed/speech/english/LibriSpeech/dev-clean/7976/110124/7976-110124-0006.wav,9.82,data/raw/speech/english/LibriSpeech/dev-clean/7976/110124/7976-110124-0006.flac
data/processed/speech/english/LibriSpeech/dev-clean/7976/110124/7976-110124-0007.wav,2.18,data/raw/speech/english/LibriSpeech/dev-clean/7976/110124/7976-110124-0007.flac
data/processed/speech/english/LibriSpeech/dev-clean/7976/110124/7976-110124-0008.wav,4.35,data/raw/speech/english/LibriSpeech/dev-clean/7976/110124/7976-110124-0008.flac
data/processed/speech/english/LibriSpeech/dev-clean/7976/110124/7976-110124-0009.wav,3.71,data/raw/speech/english/LibriSpeech/dev-clean/7976/110124/7976-110124-0009.flac
data/processed/speech/english/LibriSpeech/dev-clean/7976/110124/7976-110124-0010.wav,5.7,data/raw/speech/english/LibriSpeech/dev-clean/7976/110124/7976-110124-0010.flac
data/processed/speech/english/LibriSpeech/dev-clean/7976/110124/7976-110124-0011.wav,4.54,data/raw/speech/english/LibriSpeech/dev-clean/7976/110124/7976-110124-0011.flac
data/processed/speech/english/LibriSpeech/dev-clean/7976/110124/7976-110124-0012.wav,7.36,data/raw/speech/english/LibriSpeech/dev-clean/7976/110124/7976-110124-0012.flac
data/processed/speech/english/LibriSpeech/dev-clean/7976/110124/7976-110124-0013.wav,5.63,data/raw/speech/english/LibriSpeech/dev-clean/7976/110124/7976-110124-0013.flac
data/processed/speech/english/LibriSpeech/dev-clean/7976/110124/7976-110124-0014.wav,4.19,data/raw/speech/english/LibriSpeech/dev-clean/7976/110124/7976-110124-0014.flac
data/processed/speech/english/LibriSpeech/dev-clean/7976/110124/7976-110124-0015.wav,4.7,data/raw/speech/english/LibriSpeech/dev-clean/7976/110124/7976-110124-0015.flac
data/processed/speech/english/LibriSpeech/dev-clean/7976/110124/7976-110124-0016.wav,3.58,data/raw/speech/english/LibriSpeech/dev-clean/7976/110124/7976-110124-0016.flac
data/processed/speech/english/LibriSpeech/dev-clean/7976/110124/7976-110124-0017.wav,2.05,data/raw/speech/english/LibriSpeech/dev-clean/7976/110124/7976-110124-0017.flac
data/processed/speech/english/LibriSpeech/dev-clean/7976/110124/7976-110124-0018.wav,7.04,data/raw/speech/english/LibriSpeech/dev-clean/7976/110124/7976-110124-0018.flac
data/processed/speech/english/LibriSpeech/dev-clean/7976/110124/7976-110124-0019.wav,2.18,data/raw/speech/english/LibriSpeech/dev-clean/7976/110124/7976-110124-0019.flac
data/processed/speech/english/LibriSpeech/dev-clean/7976/110124/7976-110124-0020.wav,1.98,data/raw/speech/english/LibriSpeech/dev-clean/7976/110124/7976-110124-0020.flac
data/processed/speech/english/LibriSpeech/dev-clean/7976/110124/7976-110124-0021.wav,2.62,data/raw/speech/english/LibriSpeech/dev-clean/7976/110124/7976-110124-0021.flac
data/processed/speech/english/LibriSpeech/dev-clean/7976/110124/7976-110124-0022.wav,3.36,data/raw/speech/english/LibriSpeech/dev-clean/7976/110124/7976-110124-0022.flac
data/processed/speech/english/LibriSpeech/dev-clean/7976/110124/7976-110124-0023.wav,2.75,data/raw/speech/english/LibriSpeech/dev-clean/7976/110124/7976-110124-0023.flac
data/processed/speech/english/LibriSpeech/dev-clean/7976/110124/7976-110124-0024.wav,2.62,data/raw/speech/english/LibriSpeech/dev-clean/7976/110124/7976-110124-0024.flac
data/processed/speech/english/LibriSpeech/dev-clean/7976/110124/7976-110124-0025.wav,1.92,data/raw/speech/english/LibriSpeech/dev-clean/7976/110124/7976-110124-0025.flac
data/processed/speech/english/LibriSpeech/dev-clean/7976/110523/7976-110523-0000.wav,14.43,data/raw/speech/english/LibriSpeech/dev-clean/7976/110523/7976-110523-0000.flac
data/processed/speech/english/LibriSpeech/dev-clean/7976/110523/7976-110523-0001.wav,3.81,data/raw/speech/english/LibriSpeech/dev-clean/7976/110523/7976-110523-0001.flac
data/processed/speech/english/LibriSpeech/dev-clean/7976/110523/7976-110523-0002.wav,6.18,data/raw/speech/english/LibriSpeech/dev-clean/7976/110523/7976-110523-0002.flac
data/processed/speech/english/LibriSpeech/dev-clean/7976/110523/7976-110523-0003.wav,5.28,data/raw/speech/english/LibriSpeech/dev-clean/7976/110523/7976-110523-0003.flac
data/processed/speech/english/LibriSpeech/dev-clean/7976/110523/7976-110523-0004.wav,6.56,data/raw/speech/english/LibriSpeech/dev-clean/7976/110523/7976-110523-0004.flac
data/processed/speech/english/LibriSpeech/dev-clean/7976/110523/7976-110523-0005.wav,6.88,data/raw/speech/english/LibriSpeech/dev-clean/7976/110523/7976-110523-0005.flac
data/processed/speech/english/LibriSpeech/dev-clean/7976/110523/7976-110523-0006.wav,6.94,data/raw/speech/english/LibriSpeech/dev-clean/7976/110523/7976-110523-0006.flac
data/processed/speech/english/LibriSpeech/dev-clean/7976/110523/7976-110523-0007.wav,5.82,data/raw/speech/english/LibriSpeech/dev-clean/7976/110523/7976-110523-0007.flac
data/processed/speech/english/LibriSpeech/dev-clean/7976/110523/7976-110523-0008.wav,7.46,data/raw/speech/english/LibriSpeech/dev-clean/7976/110523/7976-110523-0008.flac
data/processed/speech/english/LibriSpeech/dev-clean/7976/110523/7976-110523-0009.wav,5.95,data/raw/speech/english/LibriSpeech/dev-clean/7976/110523/7976-110523-0009.flac
data/processed/speech/english/LibriSpeech/dev-clean/7976/110523/7976-110523-0010.wav,9.92,data/raw/speech/english/LibriSpeech/dev-clean/7976/110523/7976-110523-0010.flac
data/processed/speech/english/LibriSpeech/dev-clean/7976/110523/7976-110523-0011.wav,8.06,data/raw/speech/english/LibriSpeech/dev-clean/7976/110523/7976-110523-0011.flac
data/processed/speech/english/LibriSpeech/dev-clean/7976/110523/7976-110523-0012.wav,15.26,data/raw/speech/english/LibriSpeech/dev-clean/7976/110523/7976-110523-0012.flac
data/processed/speech/english/LibriSpeech/dev-clean/7976/110523/7976-110523-0013.wav,8.16,data/raw/speech/english/LibriSpeech/dev-clean/7976/110523/7976-110523-0013.flac
data/processed/speech/english/LibriSpeech/dev-clean/7976/110523/7976-110523-0014.wav,5.31,data/raw/speech/english/LibriSpeech/dev-clean/7976/110523/7976-110523-0014.flac
data/processed/speech/english/LibriSpeech/dev-clean/7976/110523/7976-110523-0015.wav,6.94,data/raw/speech/english/LibriSpeech/dev-clean/7976/110523/7976-110523-0015.flac
data/processed/speech/english/LibriSpeech/dev-clean/7976/110523/7976-110523-0016.wav,2.66,data/raw/speech/english/LibriSpeech/dev-clean/7976/110523/7976-110523-0016.flac
data/processed/speech/english/LibriSpeech/dev-clean/7976/110523/7976-110523-0017.wav,12.32,data/raw/speech/english/LibriSpeech/dev-clean/7976/110523/7976-110523-0017.flac
data/processed/speech/english/LibriSpeech/dev-clean/7976/110523/7976-110523-0018.wav,1.95,data/raw/speech/english/LibriSpeech/dev-clean/7976/110523/7976-110523-0018.flac
data/processed/speech/english/LibriSpeech/dev-clean/7976/110523/7976-110523-0019.wav,2.21,data/raw/speech/english/LibriSpeech/dev-clean/7976/110523/7976-110523-0019.flac
data/processed/speech/english/LibriSpeech/dev-clean/7976/110523/7976-110523-0020.wav,7.78,data/raw/speech/english/LibriSpeech/dev-clean/7976/110523/7976-110523-0020.flac
data/processed/speech/english/LibriSpeech/dev-clean/7976/110523/7976-110523-0021.wav,4.26,data/raw/speech/english/LibriSpeech/dev-clean/7976/110523/7976-110523-0021.flac
data/processed/speech/english/LibriSpeech/dev-clean/8297/275154/8297-275154-0000.wav,9.02,data/raw/speech/english/LibriSpeech/dev-clean/8297/275154/8297-275154-0000.flac
data/processed/speech/english/LibriSpeech/dev-clean/8297/275154/8297-275154-0001.wav,9.25,data/raw/speech/english/LibriSpeech/dev-clean/8297/275154/8297-275154-0001.flac
data/processed/speech/english/LibriSpeech/dev-clean/8297/275154/8297-275154-0002.wav,8.67,data/raw/speech/english/LibriSpeech/dev-clean/8297/275154/8297-275154-0002.flac
data/processed/speech/english/LibriSpeech/dev-clean/8297/275154/8297-275154-0003.wav,4.22,data/raw/speech/english/LibriSpeech/dev-clean/8297/275154/8297-275154-0003.flac
data/processed/speech/english/LibriSpeech/dev-clean/8297/275154/8297-275154-0004.wav,5.76,data/raw/speech/english/LibriSpeech/dev-clean/8297/275154/8297-275154-0004.flac
data/processed/speech/english/LibriSpeech/dev-clean/8297/275154/8297-275154-0005.wav,1.73,data/raw/speech/english/LibriSpeech/dev-clean/8297/275154/8297-275154-0005.flac
data/processed/speech/english/LibriSpeech/dev-clean/8297/275154/8297-275154-0006.wav,13.02,data/raw/speech/english/LibriSpeech/dev-clean/8297/275154/8297-275154-0006.flac
data/processed/speech/english/LibriSpeech/dev-clean/8297/275154/8297-275154-0007.wav,3.55,data/raw/speech/english/LibriSpeech/dev-clean/8297/275154/8297-275154-0007.flac
data/processed/speech/english/LibriSpeech/dev-clean/8297/275154/8297-275154-0008.wav,3.01,data/raw/speech/english/LibriSpeech/dev-clean/8297/275154/8297-275154-0008.flac
data/processed/speech/english/LibriSpeech/dev-clean/8297/275154/8297-275154-0009.wav,1.44,data/raw/speech/english/LibriSpeech/dev-clean/8297/275154/8297-275154-0009.flac
data/processed/speech/english/LibriSpeech/dev-clean/8297/275154/8297-275154-0010.wav,6.69,data/raw/speech/english/LibriSpeech/dev-clean/8297/275154/8297-275154-0010.flac
data/processed/speech/english/LibriSpeech/dev-clean/8297/275154/8297-275154-0011.wav,3.65,data/raw/speech/english/LibriSpeech/dev-clean/8297/275154/8297-275154-0011.flac
data/processed/speech/english/LibriSpeech/dev-clean/8297/275154/8297-275154-0012.wav,3.97,data/raw/speech/english/LibriSpeech/dev-clean/8297/275154/8297-275154-0012.flac
data/processed/speech/english/LibriSpeech/dev-clean/8297/275154/8297-275154-0013.wav,2.34,data/raw/speech/english/LibriSpeech/dev-clean/8297/275154/8297-275154-0013.flac
data/processed/speech/english/LibriSpeech/dev-clean/8297/275154/8297-275154-0014.wav,16.93,data/raw/speech/english/LibriSpeech/dev-clean/8297/275154/8297-275154-0014.flac
data/processed/speech/english/LibriSpeech/dev-clean/8297/275154/8297-275154-0015.wav,2.5,data/raw/speech/english/LibriSpeech/dev-clean/8297/275154/8297-275154-0015.flac
data/processed/speech/english/LibriSpeech/dev-clean/8297/275154/8297-275154-0016.wav,2.14,data/raw/speech/english/LibriSpeech/dev-clean/8297/275154/8297-275154-0016.flac
data/processed/speech/english/LibriSpeech/dev-clean/8297/275154/8297-275154-0017.wav,2.98,data/raw/speech/english/LibriSpeech/dev-clean/8297/275154/8297-275154-0017.flac
data/processed/speech/english/LibriSpeech/dev-clean/8297/275154/8297-275154-0018.wav,1.38,data/raw/speech/english/LibriSpeech/dev-clean/8297/275154/8297-275154-0018.flac
data/processed/speech/english/LibriSpeech/dev-clean/8297/275154/8297-275154-0019.wav,7.17,data/raw/speech/english/LibriSpeech/dev-clean/8297/275154/8297-275154-0019.flac
data/processed/speech/english/LibriSpeech/dev-clean/8297/275154/8297-275154-0020.wav,3.36,data/raw/speech/english/LibriSpeech/dev-clean/8297/275154/8297-275154-0020.flac
data/processed/speech/english/LibriSpeech/dev-clean/8297/275154/8297-275154-0021.wav,3.58,data/raw/speech/english/LibriSpeech/dev-clean/8297/275154/8297-275154-0021.flac
data/processed/speech/english/LibriSpeech/dev-clean/8297/275154/8297-275154-0022.wav,1.18,data/raw/speech/english/LibriSpeech/dev-clean/8297/275154/8297-275154-0022.flac
data/processed/speech/english/LibriSpeech/dev-clean/8297/275154/8297-275154-0023.wav,1.54,data/raw/speech/english/LibriSpeech/dev-clean/8297/275154/8297-275154-0023.flac
data/processed/speech/english/LibriSpeech/dev-clean/8297/275154/8297-275154-0024.wav,2.78,data/raw/speech/english/LibriSpeech/dev-clean/8297/275154/8297-275154-0024.flac
data/processed/speech/english/LibriSpeech/dev-clean/8297/275154/8297-275154-0025.wav,4.06,data/raw/speech/english/LibriSpeech/dev-clean/8297/275154/8297-275154-0025.flac
data/processed/speech/english/LibriSpeech/dev-clean/8297/275154/8297-275154-0026.wav,3.9,data/raw/speech/english/LibriSpeech/dev-clean/8297/275154/8297-275154-0026.flac
data/processed/speech/english/LibriSpeech/dev-clean/8297/275154/8297-275154-0027.wav,7.65,data/raw/speech/english/LibriSpeech/dev-clean/8297/275154/8297-275154-0027.flac
data/processed/speech/english/LibriSpeech/dev-clean/8297/275155/8297-275155-0000.wav,9.79,data/raw/speech/english/LibriSpeech/dev-clean/8297/275155/8297-275155-0000.flac
data/processed/speech/english/LibriSpeech/dev-clean/8297/275155/8297-275155-0001.wav,5.5,data/raw/speech/english/LibriSpeech/dev-clean/8297/275155/8297-275155-0001.flac
data/processed/speech/english/LibriSpeech/dev-clean/8297/275155/8297-275155-0002.wav,7.84,data/raw/speech/english/LibriSpeech/dev-clean/8297/275155/8297-275155-0002.flac
data/processed/speech/english/LibriSpeech/dev-clean/8297/275155/8297-275155-0003.wav,2.53,data/raw/speech/english/LibriSpeech/dev-clean/8297/275155/8297-275155-0003.flac
data/processed/speech/english/LibriSpeech/dev-clean/8297/275155/8297-275155-0004.wav,10.5,data/raw/speech/english/LibriSpeech/dev-clean/8297/275155/8297-275155-0004.flac
data/processed/speech/english/LibriSpeech/dev-clean/8297/275155/8297-275155-0005.wav,7.01,data/raw/speech/english/LibriSpeech/dev-clean/8297/275155/8297-275155-0005.flac
data/processed/speech/english/LibriSpeech/dev-clean/8297/275155/8297-275155-0006.wav,5.92,data/raw/speech/english/LibriSpeech/dev-clean/8297/275155/8297-275155-0006.flac
data/processed/speech/english/LibriSpeech/dev-clean/8297/275155/8297-275155-0007.wav,2.91,data/raw/speech/english/LibriSpeech/dev-clean/8297/275155/8297-275155-0007.flac
data/processed/speech/english/LibriSpeech/dev-clean/8297/275155/8297-275155-0008.wav,2.46,data/raw/speech/english/LibriSpeech/dev-clean/8297/275155/8297-275155-0008.flac
data/processed/speech/english/LibriSpeech/dev-clean/8297/275155/8297-275155-0009.wav,5.41,data/raw/speech/english/LibriSpeech/dev-clean/8297/275155/8297-275155-0009.flac
data/processed/speech/english/LibriSpeech/dev-clean/8297/275155/8297-275155-0010.wav,2.34,data/raw/speech/english/LibriSpeech/dev-clean/8297/275155/8297-275155-0010.flac
data/processed/speech/english/LibriSpeech/dev-clean/8297/275155/8297-275155-0011.wav,8.51,data/raw/speech/english/LibriSpeech/dev-clean/8297/275155/8297-275155-0011.flac
data/processed/speech/english/LibriSpeech/dev-clean/8297/275155/8297-275155-0012.wav,2.5,data/raw/speech/english/LibriSpeech/dev-clean/8297/275155/8297-275155-0012.flac
data/processed/speech/english/LibriSpeech/dev-clean/8297/275155/8297-275155-0013.wav,2.56,data/raw/speech/english/LibriSpeech/dev-clean/8297/275155/8297-275155-0013.flac
data/processed/speech/english/LibriSpeech/dev-clean/8297/275155/8297-275155-0014.wav,7.71,data/raw/speech/english/LibriSpeech/dev-clean/8297/275155/8297-275155-0014.flac
data/processed/speech/english/LibriSpeech/dev-clean/8297/275155/8297-275155-0015.wav,5.76,data/raw/speech/english/LibriSpeech/dev-clean/8297/275155/8297-275155-0015.flac
data/processed/speech/english/LibriSpeech/dev-clean/8297/275155/8297-275155-0016.wav,7.46,data/raw/speech/english/LibriSpeech/dev-clean/8297/275155/8297-275155-0016.flac
data/processed/speech/english/LibriSpeech/dev-clean/8297/275155/8297-275155-0017.wav,7.87,data/raw/speech/english/LibriSpeech/dev-clean/8297/275155/8297-275155-0017.flac
data/processed/speech/english/LibriSpeech/dev-clean/8297/275155/8297-275155-0018.wav,6.94,data/raw/speech/english/LibriSpeech/dev-clean/8297/275155/8297-275155-0018.flac
data/processed/speech/english/LibriSpeech/dev-clean/8297/275155/8297-275155-0019.wav,5.18,data/raw/speech/english/LibriSpeech/dev-clean/8297/275155/8297-275155-0019.flac
data/processed/speech/english/LibriSpeech/dev-clean/8297/275155/8297-275155-0020.wav,6.21,data/raw/speech/english/LibriSpeech/dev-clean/8297/275155/8297-275155-0020.flac
data/processed/speech/english/LibriSpeech/dev-clean/8297/275155/8297-275155-0021.wav,0.74,data/raw/speech/english/LibriSpeech/dev-clean/8297/275155/8297-275155-0021.flac
data/processed/speech/english/LibriSpeech/dev-clean/8297/275155/8297-275155-0022.wav,5.82,data/raw/speech/english/LibriSpeech/dev-clean/8297/275155/8297-275155-0022.flac
data/processed/speech/english/LibriSpeech/dev-clean/8297/275155/8297-275155-0023.wav,2.4,data/raw/speech/english/LibriSpeech/dev-clean/8297/275155/8297-275155-0023.flac
data/processed/speech/english/LibriSpeech/dev-clean/8297/275155/8297-275155-0024.wav,6.78,data/raw/speech/english/LibriSpeech/dev-clean/8297/275155/8297-275155-0024.flac
data/processed/speech/english/LibriSpeech/dev-clean/8297/275155/8297-275155-0025.wav,2.21,data/raw/speech/english/LibriSpeech/dev-clean/8297/275155/8297-275155-0025.flac
data/processed/speech/english/LibriSpeech/dev-clean/8297/275155/8297-275155-0026.wav,2.72,data/raw/speech/english/LibriSpeech/dev-clean/8297/275155/8297-275155-0026.flac
data/processed/speech/english/LibriSpeech/dev-clean/8297/275155/8297-275155-0027.wav,2.08,data/raw/speech/english/LibriSpeech/dev-clean/8297/275155/8297-275155-0027.flac
data/processed/speech/english/LibriSpeech/dev-clean/8297/275155/8297-275155-0028.wav,2.62,data/raw/speech/english/LibriSpeech/dev-clean/8297/275155/8297-275155-0028.flac
data/processed/speech/english/LibriSpeech/dev-clean/8297/275155/8297-275155-0029.wav,9.34,data/raw/speech/english/LibriSpeech/dev-clean/8297/275155/8297-275155-0029.flac
data/processed/speech/english/LibriSpeech/dev-clean/8297/275155/8297-275155-0030.wav,1.44,data/raw/speech/english/LibriSpeech/dev-clean/8297/275155/8297-275155-0030.flac
data/processed/speech/english/LibriSpeech/dev-clean/8297/275155/8297-275155-0031.wav,3.87,data/raw/speech/english/LibriSpeech/dev-clean/8297/275155/8297-275155-0031.flac
data/processed/speech/english/LibriSpeech/dev-clean/8297/275155/8297-275155-0032.wav,9.34,data/raw/speech/english/LibriSpeech/dev-clean/8297/275155/8297-275155-0032.flac
data/processed/speech/english/LibriSpeech/dev-clean/8297/275156/8297-275156-0000.wav,2.4,data/raw/speech/english/LibriSpeech/dev-clean/8297/275156/8297-275156-0000.flac
data/processed/speech/english/LibriSpeech/dev-clean/8297/275156/8297-275156-0001.wav,3.58,data/raw/speech/english/LibriSpeech/dev-clean/8297/275156/8297-275156-0001.flac
data/processed/speech/english/LibriSpeech/dev-clean/8297/275156/8297-275156-0002.wav,6.88,data/raw/speech/english/LibriSpeech/dev-clean/8297/275156/8297-275156-0002.flac
data/processed/speech/english/LibriSpeech/dev-clean/8297/275156/8297-275156-0003.wav,10.27,data/raw/speech/english/LibriSpeech/dev-clean/8297/275156/8297-275156-0003.flac
data/processed/speech/english/LibriSpeech/dev-clean/8297/275156/8297-275156-0004.wav,2.46,data/raw/speech/english/LibriSpeech/dev-clean/8297/275156/8297-275156-0004.flac
data/processed/speech/english/LibriSpeech/dev-clean/8297/275156/8297-275156-0005.wav,14.08,data/raw/speech/english/LibriSpeech/dev-clean/8297/275156/8297-275156-0005.flac
data/processed/speech/english/LibriSpeech/dev-clean/8297/275156/8297-275156-0006.wav,5.7,data/raw/speech/english/LibriSpeech/dev-clean/8297/275156/8297-275156-0006.flac
data/processed/speech/english/LibriSpeech/dev-clean/8297/275156/8297-275156-0007.wav,8.8,data/raw/speech/english/LibriSpeech/dev-clean/8297/275156/8297-275156-0007.flac
data/processed/speech/english/LibriSpeech/dev-clean/8297/275156/8297-275156-0008.wav,6.72,data/raw/speech/english/LibriSpeech/dev-clean/8297/275156/8297-275156-0008.flac
data/processed/speech/english/LibriSpeech/dev-clean/8297/275156/8297-275156-0009.wav,7.2,data/raw/speech/english/LibriSpeech/dev-clean/8297/275156/8297-275156-0009.flac
data/processed/speech/english/LibriSpeech/dev-clean/8297/275156/8297-275156-0010.wav,12.45,data/raw/speech/english/LibriSpeech/dev-clean/8297/275156/8297-275156-0010.flac
data/processed/speech/english/LibriSpeech/dev-clean/8297/275156/8297-275156-0011.wav,4.16,data/raw/speech/english/LibriSpeech/dev-clean/8297/275156/8297-275156-0011.flac
data/processed/speech/english/LibriSpeech/dev-clean/8297/275156/8297-275156-0012.wav,4.74,data/raw/speech/english/LibriSpeech/dev-clean/8297/275156/8297-275156-0012.flac
data/processed/speech/english/LibriSpeech/dev-clean/8297/275156/8297-275156-0013.wav,11.2,data/raw/speech/english/LibriSpeech/dev-clean/8297/275156/8297-275156-0013.flac
data/processed/speech/english/LibriSpeech/dev-clean/84/121123/84-121123-0000.wav,1.34,data/raw/speech/english/LibriSpeech/dev-clean/84/121123/84-121123-0000.flac
data/processed/speech/english/LibriSpeech/dev-clean/84/121123/84-121123-0001.wav,3.49,data/raw/speech/english/LibriSpeech/dev-clean/84/121123/84-121123-0001.flac
data/processed/speech/english/LibriSpeech/dev-clean/84/121123/84-121123-0002.wav,13.15,data/raw/speech/english/LibriSpeech/dev-clean/84/121123/84-121123-0002.flac
data/processed/speech/english/LibriSpeech/dev-clean/84/121123/84-121123-0003.wav,6.21,data/raw/speech/english/LibriSpeech/dev-clean/84/121123/84-121123-0003.flac
data/processed/speech/english/LibriSpeech/dev-clean/84/121123/84-121123-0004.wav,3.58,data/raw/speech/english/LibriSpeech/dev-clean/84/121123/84-121123-0004.flac
data/processed/speech/english/LibriSpeech/dev-clean/84/121123/84-121123-0005.wav,15.2,data/raw/speech/english/LibriSpeech/dev-clean/84/121123/84-121123-0005.flac
data/processed/speech/english/LibriSpeech/dev-clean/84/121123/84-121123-0006.wav,4.77,data/raw/speech/english/LibriSpeech/dev-clean/84/121123/84-121123-0006.flac
data/processed/speech/english/LibriSpeech/dev-clean/84/121123/84-121123-0007.wav,0.99,data/raw/speech/english/LibriSpeech/dev-clean/84/121123/84-121123-0007.flac
data/processed/speech/english/LibriSpeech/dev-clean/84/121123/84-121123-0008.wav,6.75,data/raw/speech/english/LibriSpeech/dev-clean/84/121123/84-121123-0008.flac
data/processed/speech/english/LibriSpeech/dev-clean/84/121123/84-121123-0009.wav,2.08,data/raw/speech/english/LibriSpeech/dev-clean/84/121123/84-121123-0009.flac
data/processed/speech/english/LibriSpeech/dev-clean/84/121123/84-121123-0010.wav,6.66,data/raw/speech/english/LibriSpeech/dev-clean/84/121123/84-121123-0010.flac
data/processed/speech/english/LibriSpeech/dev-clean/84/121123/84-121123-0011.wav,3.07,data/raw/speech/english/LibriSpeech/dev-clean/84/121123/84-121123-0011.flac
data/processed/speech/english/LibriSpeech/dev-clean/84/121123/84-121123-0012.wav,2.08,data/raw/speech/english/LibriSpeech/dev-clean/84/121123/84-121123-0012.flac
data/processed/speech/english/LibriSpeech/dev-clean/84/121123/84-121123-0013.wav,1.95,data/raw/speech/english/LibriSpeech/dev-clean/84/121123/84-121123-0013.flac
data/processed/speech/english/LibriSpeech/dev-clean/84/121123/84-121123-0014.wav,2.21,data/raw/speech/english/LibriSpeech/dev-clean/84/121123/84-121123-0014.flac
data/processed/speech/english/LibriSpeech/dev-clean/84/121123/84-121123-0015.wav,2.21,data/raw/speech/english/LibriSpeech/dev-clean/84/121123/84-121123-0015.flac
data/processed/speech/english/LibriSpeech/dev-clean/84/121123/84-121123-0016.wav,7.97,data/raw/speech/english/LibriSpeech/dev-clean/84/121123/84-121123-0016.flac
data/processed/speech/english/LibriSpeech/dev-clean/84/121123/84-121123-0017.wav,8.96,data/raw/speech/english/LibriSpeech/dev-clean/84/121123/84-121123-0017.flac
data/processed/speech/english/LibriSpeech/dev-clean/84/121123/84-121123-0018.wav,3.33,data/raw/speech/english/LibriSpeech/dev-clean/84/121123/84-121123-0018.flac
data/processed/speech/english/LibriSpeech/dev-clean/84/121123/84-121123-0019.wav,1.92,data/raw/speech/english/LibriSpeech/dev-clean/84/121123/84-121123-0019.flac
data/processed/speech/english/LibriSpeech/dev-clean/84/121123/84-121123-0020.wav,6.4,data/raw/speech/english/LibriSpeech/dev-clean/84/121123/84-121123-0020.flac
data/processed/speech/english/LibriSpeech/dev-clean/84/121123/84-121123-0021.wav,4.32,data/raw/speech/english/LibriSpeech/dev-clean/84/121123/84-121123-0021.flac
data/processed/speech/english/LibriSpeech/dev-clean/84/121123/84-121123-0022.wav,2.18,data/raw/speech/english/LibriSpeech/dev-clean/84/121123/84-121123-0022.flac
data/processed/speech/english/LibriSpeech/dev-clean/84/121123/84-121123-0023.wav,4.26,data/raw/speech/english/LibriSpeech/dev-clean/84/121123/84-121123-0023.flac
data/processed/speech/english/LibriSpeech/dev-clean/84/121123/84-121123-0024.wav,9.79,data/raw/speech/english/LibriSpeech/dev-clean/84/121123/84-121123-0024.flac
data/processed/speech/english/LibriSpeech/dev-clean/84/121123/84-121123-0025.wav,5.5,data/raw/speech/english/LibriSpeech/dev-clean/84/121123/84-121123-0025.flac
data/processed/speech/english/LibriSpeech/dev-clean/84/121123/84-121123-0026.wav,13.38,data/raw/speech/english/LibriSpeech/dev-clean/84/121123/84-121123-0026.flac
data/processed/speech/english/LibriSpeech/dev-clean/84/121123/84-121123-0027.wav,2.62,data/raw/speech/english/LibriSpeech/dev-clean/84/121123/84-121123-0027.flac
data/processed/speech/english/LibriSpeech/dev-clean/84/121123/84-121123-0028.wav,4.38,data/raw/speech/english/LibriSpeech/dev-clean/84/121123/84-121123-0028.flac
data/processed/speech/english/LibriSpeech/dev-clean/84/121550/84-121550-0000.wav,8.03,data/raw/speech/english/LibriSpeech/dev-clean/84/121550/84-121550-0000.flac
data/processed/speech/english/LibriSpeech/dev-clean/84/121550/84-121550-0001.wav,7.49,data/raw/speech/english/LibriSpeech/dev-clean/84/121550/84-121550-0001.flac
data/processed/speech/english/LibriSpeech/dev-clean/84/121550/84-121550-0002.wav,7.33,data/raw/speech/english/LibriSpeech/dev-clean/84/121550/84-121550-0002.flac
data/processed/speech/english/LibriSpeech/dev-clean/84/121550/84-121550-0003.wav,7.3,data/raw/speech/english/LibriSpeech/dev-clean/84/121550/84-121550-0003.flac
data/processed/speech/english/LibriSpeech/dev-clean/84/121550/84-121550-0004.wav,7.33,data/raw/speech/english/LibriSpeech/dev-clean/84/121550/84-121550-0004.flac
data/processed/speech/english/LibriSpeech/dev-clean/84/121550/84-121550-0005.wav,7.9,data/raw/speech/english/LibriSpeech/dev-clean/84/121550/84-121550-0005.flac
data/processed/speech/english/LibriSpeech/dev-clean/84/121550/84-121550-0006.wav,7.87,data/raw/speech/english/LibriSpeech/dev-clean/84/121550/84-121550-0006.flac
data/processed/speech/english/LibriSpeech/dev-clean/84/121550/84-121550-0007.wav,8.83,data/raw/speech/english/LibriSpeech/dev-clean/84/121550/84-121550-0007.flac
data/processed/speech/english/LibriSpeech/dev-clean/84/121550/84-121550-0008.wav,7.65,data/raw/speech/english/LibriSpeech/dev-clean/84/121550/84-121550-0008.flac
data/processed/speech/english/LibriSpeech/dev-clean/84/121550/84-121550-0009.wav,7.49,data/raw/speech/english/LibriSpeech/dev-clean/84/121550/84-121550-0009.flac
data/processed/speech/english/LibriSpeech/dev-clean/84/121550/84-121550-0010.wav,7.46,data/raw/speech/english/LibriSpeech/dev-clean/84/121550/84-121550-0010.flac
data/processed/speech/english/LibriSpeech/dev-clean/84/121550/84-121550-0011.wav,8.42,data/raw/speech/english/LibriSpeech/dev-clean/84/121550/84-121550-0011.flac
data/processed/speech/english/LibriSpeech/dev-clean/84/121550/84-121550-0012.wav,8.38,data/raw/speech/english/LibriSpeech/dev-clean/84/121550/84-121550-0012.flac
data/processed/speech/english/LibriSpeech/dev-clean/84/121550/84-121550-0013.wav,18.3,data/raw/speech/english/LibriSpeech/dev-clean/84/121550/84-121550-0013.flac
data/processed/speech/english/LibriSpeech/dev-clean/84/121550/84-121550-0014.wav,7.2,data/raw/speech/english/LibriSpeech/dev-clean/84/121550/84-121550-0014.flac
data/processed/speech/english/LibriSpeech/dev-clean/84/121550/84-121550-0015.wav,7.26,data/raw/speech/english/LibriSpeech/dev-clean/84/121550/84-121550-0015.flac
data/processed/speech/english/LibriSpeech/dev-clean/84/121550/84-121550-0016.wav,7.9,data/raw/speech/english/LibriSpeech/dev-clean/84/121550/84-121550-0016.flac
data/processed/speech/english/LibriSpeech/dev-clean/84/121550/84-121550-0017.wav,7.87,data/raw/speech/english/LibriSpeech/dev-clean/84/121550/84-121550-0017.flac
data/processed/speech/english/LibriSpeech/dev-clean/84/121550/84-121550-0018.wav,8.54,data/raw/speech/english/LibriSpeech/dev-clean/84/121550/84-121550-0018.flac
data/processed/speech/english/LibriSpeech/dev-clean/84/121550/84-121550-0019.wav,8.35,data/raw/speech/english/LibriSpeech/dev-clean/84/121550/84-121550-0019.flac
data/processed/speech/english/LibriSpeech/dev-clean/84/121550/84-121550-0020.wav,7.78,data/raw/speech/english/LibriSpeech/dev-clean/84/121550/84-121550-0020.flac
data/processed/speech/english/LibriSpeech/dev-clean/84/121550/84-121550-0021.wav,7.84,data/raw/speech/english/LibriSpeech/dev-clean/84/121550/84-121550-0021.flac
data/processed/speech/english/LibriSpeech/dev-clean/84/121550/84-121550-0022.wav,7.04,data/raw/speech/english/LibriSpeech/dev-clean/84/121550/84-121550-0022.flac
data/processed/speech/english/LibriSpeech/dev-clean/84/121550/84-121550-0023.wav,6.78,data/raw/speech/english/LibriSpeech/dev-clean/84/121550/84-121550-0023.flac
data/processed/speech/english/LibriSpeech/dev-clean/84/121550/84-121550-0024.wav,8.03,data/raw/speech/english/LibriSpeech/dev-clean/84/121550/84-121550-0024.flac
data/processed/speech/english/LibriSpeech/dev-clean/84/121550/84-121550-0025.wav,8.7,data/raw/speech/english/LibriSpeech/dev-clean/84/121550/84-121550-0025.flac
data/processed/speech/english/LibriSpeech/dev-clean/84/121550/84-121550-0026.wav,8.77,data/raw/speech/english/LibriSpeech/dev-clean/84/121550/84-121550-0026.flac
data/processed/speech/english/LibriSpeech/dev-clean/84/121550/84-121550-0027.wav,3.14,data/raw/speech/english/LibriSpeech/dev-clean/84/121550/84-121550-0027.flac
data/processed/speech/english/LibriSpeech/dev-clean/84/121550/84-121550-0028.wav,6.91,data/raw/speech/english/LibriSpeech/dev-clean/84/121550/84-121550-0028.flac
data/processed/speech/english/LibriSpeech/dev-clean/84/121550/84-121550-0029.wav,7.84,data/raw/speech/english/LibriSpeech/dev-clean/84/121550/84-121550-0029.flac
data/processed/speech/english/LibriSpeech/dev-clean/84/121550/84-121550-0030.wav,8.22,data/raw/speech/english/LibriSpeech/dev-clean/84/121550/84-121550-0030.flac
data/processed/speech/english/LibriSpeech/dev-clean/84/121550/84-121550-0031.wav,7.74,data/raw/speech/english/LibriSpeech/dev-clean/84/121550/84-121550-0031.flac
data/processed/speech/english/LibriSpeech/dev-clean/84/121550/84-121550-0032.wav,7.2,data/raw/speech/english/LibriSpeech/dev-clean/84/121550/84-121550-0032.flac
data/processed/speech/english/LibriSpeech/dev-clean/84/121550/84-121550-0033.wav,7.17,data/raw/speech/english/LibriSpeech/dev-clean/84/121550/84-121550-0033.flac
data/processed/speech/english/LibriSpeech/dev-clean/84/121550/84-121550-0034.wav,8.19,data/raw/speech/english/LibriSpeech/dev-clean/84/121550/84-121550-0034.flac
data/processed/speech/english/LibriSpeech/dev-clean/84/121550/84-121550-0035.wav,7.52,data/raw/speech/english/LibriSpeech/dev-clean/84/121550/84-121550-0035.flac
data/processed/speech/english/LibriSpeech/dev-clean/8842/302196/8842-302196-0000.wav,14.21,data/raw/speech/english/LibriSpeech/dev-clean/8842/302196/8842-302196-0000.flac
data/processed/speech/english/LibriSpeech/dev-clean/8842/302196/8842-302196-0001.wav,8.83,data/raw/speech/english/LibriSpeech/dev-clean/8842/302196/8842-302196-0001.flac
data/processed/speech/english/LibriSpeech/dev-clean/8842/302196/8842-302196-0002.wav,6.11,data/raw/speech/english/LibriSpeech/dev-clean/8842/302196/8842-302196-0002.flac
data/processed/speech/english/LibriSpeech/dev-clean/8842/302196/8842-302196-0003.wav,8.35,data/raw/speech/english/LibriSpeech/dev-clean/8842/302196/8842-302196-0003.flac
data/processed/speech/english/LibriSpeech/dev-clean/8842/302196/8842-302196-0004.wav,5.44,data/raw/speech/english/LibriSpeech/dev-clean/8842/302196/8842-302196-0004.flac
data/processed/speech/english/LibriSpeech/dev-clean/8842/302196/8842-302196-0005.wav,23.07,data/raw/speech/english/LibriSpeech/dev-clean/8842/302196/8842-302196-0005.flac
data/processed/speech/english/LibriSpeech/dev-clean/8842/302196/8842-302196-0006.wav,5.06,data/raw/speech/english/LibriSpeech/dev-clean/8842/302196/8842-302196-0006.flac
data/processed/speech/english/LibriSpeech/dev-clean/8842/302196/8842-302196-0007.wav,5.73,data/raw/speech/english/LibriSpeech/dev-clean/8842/302196/8842-302196-0007.flac
data/processed/speech/english/LibriSpeech/dev-clean/8842/302196/8842-302196-0008.wav,4.74,data/raw/speech/english/LibriSpeech/dev-clean/8842/302196/8842-302196-0008.flac
data/processed/speech/english/LibriSpeech/dev-clean/8842/302196/8842-302196-0009.wav,6.77,data/raw/speech/english/LibriSpeech/dev-clean/8842/302196/8842-302196-0009.flac
data/processed/speech/english/LibriSpeech/dev-clean/8842/302196/8842-302196-0010.wav,7.52,data/raw/speech/english/LibriSpeech/dev-clean/8842/302196/8842-302196-0010.flac
data/processed/speech/english/LibriSpeech/dev-clean/8842/302196/8842-302196-0011.wav,3.07,data/raw/speech/english/LibriSpeech/dev-clean/8842/302196/8842-302196-0011.flac
data/processed/speech/english/LibriSpeech/dev-clean/8842/302196/8842-302196-0012.wav,5.12,data/raw/speech/english/LibriSpeech/dev-clean/8842/302196/8842-302196-0012.flac
data/processed/speech/english/LibriSpeech/dev-clean/8842/302201/8842-302201-0000.wav,8.61,data/raw/speech/english/LibriSpeech/dev-clean/8842/302201/8842-302201-0000.flac
data/processed/speech/english/LibriSpeech/dev-clean/8842/302201/8842-302201-0001.wav,8.83,data/raw/speech/english/LibriSpeech/dev-clean/8842/302201/8842-302201-0001.flac
data/processed/speech/english/LibriSpeech/dev-clean/8842/302201/8842-302201-0002.wav,9.6,data/raw/speech/english/LibriSpeech/dev-clean/8842/302201/8842-302201-0002.flac
data/processed/speech/english/LibriSpeech/dev-clean/8842/302201/8842-302201-0003.wav,7.55,data/raw/speech/english/LibriSpeech/dev-clean/8842/302201/8842-302201-0003.flac
data/processed/speech/english/LibriSpeech/dev-clean/8842/302201/8842-302201-0004.wav,6.75,data/raw/speech/english/LibriSpeech/dev-clean/8842/302201/8842-302201-0004.flac
data/processed/speech/english/LibriSpeech/dev-clean/8842/302201/8842-302201-0005.wav,9.66,data/raw/speech/english/LibriSpeech/dev-clean/8842/302201/8842-302201-0005.flac
data/processed/speech/english/LibriSpeech/dev-clean/8842/302201/8842-302201-0006.wav,9.25,data/raw/speech/english/LibriSpeech/dev-clean/8842/302201/8842-302201-0006.flac
data/processed/speech/english/LibriSpeech/dev-clean/8842/302201/8842-302201-0007.wav,4.26,data/raw/speech/english/LibriSpeech/dev-clean/8842/302201/8842-302201-0007.flac
data/processed/speech/english/LibriSpeech/dev-clean/8842/302201/8842-302201-0008.wav,5.31,data/raw/speech/english/LibriSpeech/dev-clean/8842/302201/8842-302201-0008.flac
data/processed/speech/english/LibriSpeech/dev-clean/8842/302201/8842-302201-0009.wav,4.06,data/raw/speech/english/LibriSpeech/dev-clean/8842/302201/8842-302201-0009.flac
data/processed/speech/english/LibriSpeech/dev-clean/8842/302201/8842-302201-0010.wav,1.66,data/raw/speech/english/LibriSpeech/dev-clean/8842/302201/8842-302201-0010.flac
data/processed/speech/english/LibriSpeech/dev-clean/8842/302201/8842-302201-0011.wav,4.7,data/raw/speech/english/LibriSpeech/dev-clean/8842/302201/8842-302201-0011.flac
data/processed/speech/english/LibriSpeech/dev-clean/8842/302201/8842-302201-0012.wav,4.22,data/raw/speech/english/LibriSpeech/dev-clean/8842/302201/8842-302201-0012.flac
data/processed/speech/english/LibriSpeech/dev-clean/8842/302201/8842-302201-0013.wav,5.02,data/raw/speech/english/LibriSpeech/dev-clean/8842/302201/8842-302201-0013.flac
data/processed/speech/english/LibriSpeech/dev-clean/8842/302201/8842-302201-0014.wav,14.94,data/raw/speech/english/LibriSpeech/dev-clean/8842/302201/8842-302201-0014.flac
data/processed/speech/english/LibriSpeech/dev-clean/8842/302201/8842-302201-0015.wav,8.32,data/raw/speech/english/LibriSpeech/dev-clean/8842/302201/8842-302201-0015.flac
data/processed/speech/english/LibriSpeech/dev-clean/8842/302203/8842-302203-0000.wav,10.62,data/raw/speech/english/LibriSpeech/dev-clean/8842/302203/8842-302203-0000.flac
data/processed/speech/english/LibriSpeech/dev-clean/8842/302203/8842-302203-0001.wav,8.74,data/raw/speech/english/LibriSpeech/dev-clean/8842/302203/8842-302203-0001.flac
data/processed/speech/english/LibriSpeech/dev-clean/8842/302203/8842-302203-0002.wav,15.23,data/raw/speech/english/LibriSpeech/dev-clean/8842/302203/8842-302203-0002.flac
data/processed/speech/english/LibriSpeech/dev-clean/8842/302203/8842-302203-0003.wav,3.74,data/raw/speech/english/LibriSpeech/dev-clean/8842/302203/8842-302203-0003.flac
data/processed/speech/english/LibriSpeech/dev-clean/8842/302203/8842-302203-0004.wav,12.32,data/raw/speech/english/LibriSpeech/dev-clean/8842/302203/8842-302203-0004.flac
data/processed/speech/english/LibriSpeech/dev-clean/8842/302203/8842-302203-0005.wav,7.71,data/raw/speech/english/LibriSpeech/dev-clean/8842/302203/8842-302203-0005.flac
data/processed/speech/english/LibriSpeech/dev-clean/8842/302203/8842-302203-0006.wav,4.77,data/raw/speech/english/LibriSpeech/dev-clean/8842/302203/8842-302203-0006.flac
data/processed/speech/english/LibriSpeech/dev-clean/8842/302203/8842-302203-0007.wav,3.01,data/raw/speech/english/LibriSpeech/dev-clean/8842/302203/8842-302203-0007.flac
data/processed/speech/english/LibriSpeech/dev-clean/8842/302203/8842-302203-0008.wav,4.0,data/raw/speech/english/LibriSpeech/dev-clean/8842/302203/8842-302203-0008.flac
data/processed/speech/english/LibriSpeech/dev-clean/8842/302203/8842-302203-0009.wav,11.36,data/raw/speech/english/LibriSpeech/dev-clean/8842/302203/8842-302203-0009.flac
data/processed/speech/english/LibriSpeech/dev-clean/8842/302203/8842-302203-0010.wav,13.86,data/raw/speech/english/LibriSpeech/dev-clean/8842/302203/8842-302203-0010.flac
data/processed/speech/english/LibriSpeech/dev-clean/8842/302203/8842-302203-0011.wav,6.21,data/raw/speech/english/LibriSpeech/dev-clean/8842/302203/8842-302203-0011.flac
data/processed/speech/english/LibriSpeech/dev-clean/8842/304647/8842-304647-0000.wav,8.77,data/raw/speech/english/LibriSpeech/dev-clean/8842/304647/8842-304647-0000.flac
data/processed/speech/english/LibriSpeech/dev-clean/8842/304647/8842-304647-0001.wav,1.73,data/raw/speech/english/LibriSpeech/dev-clean/8842/304647/8842-304647-0001.flac
data/processed/speech/english/LibriSpeech/dev-clean/8842/304647/8842-304647-0002.wav,30.91,data/raw/speech/english/LibriSpeech/dev-clean/8842/304647/8842-304647-0002.flac
data/processed/speech/english/LibriSpeech/dev-clean/8842/304647/8842-304647-0003.wav,7.01,data/raw/speech/english/LibriSpeech/dev-clean/8842/304647/8842-304647-0003.flac
data/processed/speech/english/LibriSpeech/dev-clean/8842/304647/8842-304647-0004.wav,9.47,data/raw/speech/english/LibriSpeech/dev-clean/8842/304647/8842-304647-0004.flac
data/processed/speech/english/LibriSpeech/dev-clean/8842/304647/8842-304647-0005.wav,1.34,data/raw/speech/english/LibriSpeech/dev-clean/8842/304647/8842-304647-0005.flac
data/processed/speech/english/LibriSpeech/dev-clean/8842/304647/8842-304647-0006.wav,21.86,data/raw/speech/english/LibriSpeech/dev-clean/8842/304647/8842-304647-0006.flac
data/processed/speech/english/LibriSpeech/dev-clean/8842/304647/8842-304647-0007.wav,1.02,data/raw/speech/english/LibriSpeech/dev-clean/8842/304647/8842-304647-0007.flac
data/processed/speech/english/LibriSpeech/dev-clean/8842/304647/8842-304647-0008.wav,7.68,data/raw/speech/english/LibriSpeech/dev-clean/8842/304647/8842-304647-0008.flac
data/processed/speech/english/LibriSpeech/dev-clean/8842/304647/8842-304647-0009.wav,11.04,data/raw/speech/english/LibriSpeech/dev-clean/8842/304647/8842-304647-0009.flac
data/processed/speech/english/LibriSpeech/dev-clean/8842/304647/8842-304647-0010.wav,11.17,data/raw/speech/english/LibriSpeech/dev-clean/8842/304647/8842-304647-0010.flac
data/processed/speech/english/LibriSpeech/dev-clean/8842/304647/8842-304647-0011.wav,7.81,data/raw/speech/english/LibriSpeech/dev-clean/8842/304647/8842-304647-0011.flac
data/processed/speech/english/LibriSpeech/dev-clean/8842/304647/8842-304647-0012.wav,3.52,data/raw/speech/english/LibriSpeech/dev-clean/8842/304647/8842-304647-0012.flac
data/processed/speech/english/LibriSpeech/dev-clean/8842/304647/8842-304647-0013.wav,7.94,data/raw/speech/english/LibriSpeech/dev-clean/8842/304647/8842-304647-0013.flac
